<?xml version="1.0" encoding="UTF-8"?><diffreport><diff><table border="0" cellpadding="1" cellspacing="0" width="100%"><tr><td><h3 class="ctxid">class:BytesMessage [NONE]</h3></td></tr><tr><td><table border="0" cellpadding="5" cellspacing="1" bgcolor="black" width="100%"><tr valign="top"><td bgcolor="#FFFFFF" colspan="1"><div class="description"> <a start_ctx_id="class:BytesMessage"/><ul class="blockList"><li class="blockList"><dl> <dt>All Superinterfaces: </dt><dd> <a href="../../javax/jms/Message.html" title="interface in javax.jms">Message</a> </dd> </dl> <hr/> <br/><pre>public interface <span class="strong">BytesMessage</span>
extends <a href="../../javax/jms/Message.html" title="interface in javax.jms">Message</a></pre><div class="block">A <code>BytesMessage</code> object is used to send a message containing a stream of uninterpreted bytes. It inherits from the <code>Message</code> interface and adds a bytes message body. The receiver of the message supplies the interpretation of the bytes.<p>The <code>BytesMessage</code> methods are based largely on those found in <code>java.io.DataInputStream</code> and <code>java.io.DataOutputStream</code>.            </p><p>This message type is for client encoding of existing message formats. If possible, one of the other self-defining message types should be used instead.                       </p><p>Although the JMS API allows the use of message properties with byte messages, they are typically not used, since the inclusion of properties may affect the format.                          </p><p>The primitive types can be written explicitly using methods for each type. They may also be written generically as objects. For instance, a call to <code>BytesMessage.writeInt(6)</code> is equivalent to <code>BytesMessage.writeObject(new Integer(6)) </code>. Both forms are provided, because the explicit form is convenient for static programming, and the object form is needed when types are not known at compile time.                                                        </p><p>When the message is first created, and when <code>clearBody</code> is called, the body of the message is in write-only mode. After the first call to <code>reset</code> has been made, the message body is in read-only mode. After a message has been sent, the client that sent it can retain and modify it without affecting the message that has been sent. The same message object can be sent multiple times. When a message has been received, the provider has called <code>reset</code> so that the message body is in read-only mode for the client.                                                                                           </p><p>If <code>clearBody</code> is called on a message in read-only mode, the message body is cleared and the message is in write-only mode.                     </p><p>If a client attempts to read a message in write-only mode, a <code>MessageNotReadableException</code> is thrown.              </p><p>If a client attempts to write a message in read-only mode, a <code>MessageNotWriteableException</code> is thrown.              </p>                                     </div><dl> <dt> <span class="strong">Version:</span>   </dt><dd>1.1 April 2, 2002   </dd> <dt> <span class="strong">Author:</span>   </dt><dd>Mark Hapner, Rich Burridge, Kate Stout     </dd> <dt> <span class="strong">See Also: </span>   </dt><dd> <a href="../../javax/jms/Session.html#createBytesMessage()"><code>Session.createBytesMessage()</code></a>, <a href="../../javax/jms/MapMessage.html" title="interface in javax.jms"><code>MapMessage</code></a>, <a href="../../javax/jms/Message.html" title="interface in javax.jms"><code>Message</code></a>, <a href="../../javax/jms/ObjectMessage.html" title="interface in javax.jms"><code>ObjectMessage</code></a>, <a href="../../javax/jms/StreamMessage.html" title="interface in javax.jms"><code>StreamMessage</code></a>, <a href="../../javax/jms/TextMessage.html" title="interface in javax.jms"><code>TextMessage</code></a>      </dd>   </dl>  </li></ul> </div> <a end_ctx_id="class:BytesMessage"/> </td></tr></table></td></tr></table><table border="0" cellpadding="1" cellspacing="0" width="100%"><tr><td><h3 class="ctxid">method:getBodyLength() [NONE]</h3></td></tr><tr><td><table border="0" cellpadding="5" cellspacing="1" bgcolor="black" width="100%"><tr valign="top"><td bgcolor="#FFFFFF" colspan="1"> <a start_ctx_id="method:getBodyLength()"/><a name="getBodyLength()"/><ul class="blockList"><li class="blockList"><h4>getBodyLength</h4><pre>long getBodyLength()
                   throws <a href="../../javax/jms/JMSException.html" title="class in javax.jms">JMSException</a></pre><div class="block">Gets the number of bytes of the message body when the message is in read-only mode. The value returned can be used to allocate a byte array. The value returned is the entire length of the message body, regardless of where the pointer for reading the message is currently located.                                                 </div><dl> <dt> <span class="strong">Returns:</span>   </dt><dd>number of bytes in the message     </dd> <dt> <span class="strong">Throws:</span>   </dt><dd> <code><a href="../../javax/jms/JMSException.html" title="class in javax.jms">JMSException</a></code> - if the JMS provider fails to read the message due to some internal error.                </dd><dd> <code><a href="../../javax/jms/MessageNotReadableException.html" title="class in javax.jms">MessageNotReadableException</a></code> - if the message is in write-only mode.         </dd> <dt> <span class="strong">Since:</span>   </dt><dd>1.1</dd>   </dl></li></ul> <a end_ctx_id="method:getBodyLength()"/>  </td></tr></table></td></tr></table><table border="0" cellpadding="1" cellspacing="0" width="100%"><tr><td><h3 class="ctxid">method:readBoolean() [NONE]</h3></td></tr><tr><td><table border="0" cellpadding="5" cellspacing="1" bgcolor="black" width="100%"><tr valign="top"><td bgcolor="#FFFFFF" colspan="1"> <a start_ctx_id="method:readBoolean()"/><a name="readBoolean()"/><ul class="blockList"><li class="blockList"><h4>readBoolean</h4><pre>boolean readBoolean()
                    throws <a href="../../javax/jms/JMSException.html" title="class in javax.jms">JMSException</a></pre><div class="block">Reads a <code>boolean</code> from the bytes message stream.       </div><dl> <dt> <span class="strong">Returns:</span>   </dt><dd>the <code>boolean</code> value read   </dd> <dt> <span class="strong">Throws:</span>   </dt><dd> <code><a href="../../javax/jms/JMSException.html" title="class in javax.jms">JMSException</a></code> - if the JMS provider fails to read the message due to some internal error.                </dd><dd> <code><a href="../../javax/jms/MessageEOFException.html" title="class in javax.jms">MessageEOFException</a></code> - if unexpected end of bytes stream has been reached.           </dd><dd> <code><a href="../../javax/jms/MessageNotReadableException.html" title="class in javax.jms">MessageNotReadableException</a></code> - if the message is in write-only mode.         </dd>  </dl></li></ul> <a end_ctx_id="method:readBoolean()"/>  </td></tr></table></td></tr></table><table border="0" cellpadding="1" cellspacing="0" width="100%"><tr><td><h3 class="ctxid">method:readByte() [NONE]</h3></td></tr><tr><td><table border="0" cellpadding="5" cellspacing="1" bgcolor="black" width="100%"><tr valign="top"><td bgcolor="#FFFFFF" colspan="1"> <a start_ctx_id="method:readByte()"/><a name="readByte()"/><ul class="blockList"><li class="blockList"><h4>readByte</h4><pre>byte readByte()
              throws <a href="../../javax/jms/JMSException.html" title="class in javax.jms">JMSException</a></pre><div class="block">Reads a signed 8-bit value from the bytes message stream.         </div><dl> <dt> <span class="strong">Returns:</span>   </dt><dd>the next byte from the bytes message stream as a signed 8-bit <code>byte</code>            </dd> <dt> <span class="strong">Throws:</span>   </dt><dd> <code><a href="../../javax/jms/JMSException.html" title="class in javax.jms">JMSException</a></code> - if the JMS provider fails to read the message due to some internal error.                </dd><dd> <code><a href="../../javax/jms/MessageEOFException.html" title="class in javax.jms">MessageEOFException</a></code> - if unexpected end of bytes stream has been reached.           </dd><dd> <code><a href="../../javax/jms/MessageNotReadableException.html" title="class in javax.jms">MessageNotReadableException</a></code> - if the message is in write-only mode.         </dd>  </dl></li></ul> <a end_ctx_id="method:readByte()"/>  </td></tr></table></td></tr></table><table border="0" cellpadding="1" cellspacing="0" width="100%"><tr><td><h3 class="ctxid">method:readUnsignedByte() [NONE]</h3></td></tr><tr><td><table border="0" cellpadding="5" cellspacing="1" bgcolor="black" width="100%"><tr valign="top"><td bgcolor="#FFFFFF" colspan="1"> <a start_ctx_id="method:readUnsignedByte()"/><a name="readUnsignedByte()"/><ul class="blockList"><li class="blockList"><h4>readUnsignedByte</h4><pre>int readUnsignedByte()
                     throws <a href="../../javax/jms/JMSException.html" title="class in javax.jms">JMSException</a></pre><div class="block">Reads an unsigned 8-bit number from the bytes message stream.         </div><dl> <dt> <span class="strong">Returns:</span>   </dt><dd>the next byte from the bytes message stream, interpreted as an unsigned 8-bit number             </dd> <dt> <span class="strong">Throws:</span>   </dt><dd> <code><a href="../../javax/jms/JMSException.html" title="class in javax.jms">JMSException</a></code> - if the JMS provider fails to read the message due to some internal error.                </dd><dd> <code><a href="../../javax/jms/MessageEOFException.html" title="class in javax.jms">MessageEOFException</a></code> - if unexpected end of bytes stream has been reached.           </dd><dd> <code><a href="../../javax/jms/MessageNotReadableException.html" title="class in javax.jms">MessageNotReadableException</a></code> - if the message is in write-only mode.         </dd>  </dl></li></ul> <a end_ctx_id="method:readUnsignedByte()"/>  </td></tr></table></td></tr></table><table border="0" cellpadding="1" cellspacing="0" width="100%"><tr><td><h3 class="ctxid">method:readShort() [NONE]</h3></td></tr><tr><td><table border="0" cellpadding="5" cellspacing="1" bgcolor="black" width="100%"><tr valign="top"><td bgcolor="#FFFFFF" colspan="1"> <a start_ctx_id="method:readShort()"/><a name="readShort()"/><ul class="blockList"><li class="blockList"><h4>readShort</h4><pre>short readShort()
                throws <a href="../../javax/jms/JMSException.html" title="class in javax.jms">JMSException</a></pre><div class="block">Reads a signed 16-bit number from the bytes message stream.         </div><dl> <dt> <span class="strong">Returns:</span>   </dt><dd>the next two bytes from the bytes message stream, interpreted as a signed 16-bit number              </dd> <dt> <span class="strong">Throws:</span>   </dt><dd> <code><a href="../../javax/jms/JMSException.html" title="class in javax.jms">JMSException</a></code> - if the JMS provider fails to read the message due to some internal error.                </dd><dd> <code><a href="../../javax/jms/MessageEOFException.html" title="class in javax.jms">MessageEOFException</a></code> - if unexpected end of bytes stream has been reached.           </dd><dd> <code><a href="../../javax/jms/MessageNotReadableException.html" title="class in javax.jms">MessageNotReadableException</a></code> - if the message is in write-only mode.         </dd>  </dl></li></ul> <a end_ctx_id="method:readShort()"/>  </td></tr></table></td></tr></table><table border="0" cellpadding="1" cellspacing="0" width="100%"><tr><td><h3 class="ctxid">method:readUnsignedShort() [NONE]</h3></td></tr><tr><td><table border="0" cellpadding="5" cellspacing="1" bgcolor="black" width="100%"><tr valign="top"><td bgcolor="#FFFFFF" colspan="1"> <a start_ctx_id="method:readUnsignedShort()"/><a name="readUnsignedShort()"/><ul class="blockList"><li class="blockList"><h4>readUnsignedShort</h4><pre>int readUnsignedShort()
                      throws <a href="../../javax/jms/JMSException.html" title="class in javax.jms">JMSException</a></pre><div class="block">Reads an unsigned 16-bit number from the bytes message stream.         </div><dl> <dt> <span class="strong">Returns:</span>   </dt><dd>the next two bytes from the bytes message stream, interpreted as an unsigned 16-bit integer              </dd> <dt> <span class="strong">Throws:</span>   </dt><dd> <code><a href="../../javax/jms/JMSException.html" title="class in javax.jms">JMSException</a></code> - if the JMS provider fails to read the message due to some internal error.                </dd><dd> <code><a href="../../javax/jms/MessageEOFException.html" title="class in javax.jms">MessageEOFException</a></code> - if unexpected end of bytes stream has been reached.           </dd><dd> <code><a href="../../javax/jms/MessageNotReadableException.html" title="class in javax.jms">MessageNotReadableException</a></code> - if the message is in write-only mode.         </dd>  </dl></li></ul> <a end_ctx_id="method:readUnsignedShort()"/>  </td></tr></table></td></tr></table><table border="0" cellpadding="1" cellspacing="0" width="100%"><tr><td><h3 class="ctxid">method:readChar() [NONE]</h3></td></tr><tr><td><table border="0" cellpadding="5" cellspacing="1" bgcolor="black" width="100%"><tr valign="top"><td bgcolor="#FFFFFF" colspan="1"> <a start_ctx_id="method:readChar()"/><a name="readChar()"/><ul class="blockList"><li class="blockList"><h4>readChar</h4><pre>char readChar()
              throws <a href="../../javax/jms/JMSException.html" title="class in javax.jms">JMSException</a></pre><div class="block">Reads a Unicode character value from the bytes message stream.         </div><dl> <dt> <span class="strong">Returns:</span>   </dt><dd>the next two bytes from the bytes message stream as a Unicode character            </dd> <dt> <span class="strong">Throws:</span>   </dt><dd> <code><a href="../../javax/jms/JMSException.html" title="class in javax.jms">JMSException</a></code> - if the JMS provider fails to read the message due to some internal error.                </dd><dd> <code><a href="../../javax/jms/MessageEOFException.html" title="class in javax.jms">MessageEOFException</a></code> - if unexpected end of bytes stream has been reached.           </dd><dd> <code><a href="../../javax/jms/MessageNotReadableException.html" title="class in javax.jms">MessageNotReadableException</a></code> - if the message is in write-only mode.         </dd>  </dl></li></ul> <a end_ctx_id="method:readChar()"/>  </td></tr></table></td></tr></table><table border="0" cellpadding="1" cellspacing="0" width="100%"><tr><td><h3 class="ctxid">method:readInt() [NONE]</h3></td></tr><tr><td><table border="0" cellpadding="5" cellspacing="1" bgcolor="black" width="100%"><tr valign="top"><td bgcolor="#FFFFFF" colspan="1"> <a start_ctx_id="method:readInt()"/><a name="readInt()"/><ul class="blockList"><li class="blockList"><h4>readInt</h4><pre>int readInt()
            throws <a href="../../javax/jms/JMSException.html" title="class in javax.jms">JMSException</a></pre><div class="block">Reads a signed 32-bit integer from the bytes message stream.         </div><dl> <dt> <span class="strong">Returns:</span>   </dt><dd>the next four bytes from the bytes message stream, interpreted as an <code>int</code>            </dd> <dt> <span class="strong">Throws:</span>   </dt><dd> <code><a href="../../javax/jms/JMSException.html" title="class in javax.jms">JMSException</a></code> - if the JMS provider fails to read the message due to some internal error.                </dd><dd> <code><a href="../../javax/jms/MessageEOFException.html" title="class in javax.jms">MessageEOFException</a></code> - if unexpected end of bytes stream has been reached.           </dd><dd> <code><a href="../../javax/jms/MessageNotReadableException.html" title="class in javax.jms">MessageNotReadableException</a></code> - if the message is in write-only mode.         </dd>  </dl></li></ul> <a end_ctx_id="method:readInt()"/>  </td></tr></table></td></tr></table><table border="0" cellpadding="1" cellspacing="0" width="100%"><tr><td><h3 class="ctxid">method:readLong() [NONE]</h3></td></tr><tr><td><table border="0" cellpadding="5" cellspacing="1" bgcolor="black" width="100%"><tr valign="top"><td bgcolor="#FFFFFF" colspan="1"> <a start_ctx_id="method:readLong()"/><a name="readLong()"/><ul class="blockList"><li class="blockList"><h4>readLong</h4><pre>long readLong()
              throws <a href="../../javax/jms/JMSException.html" title="class in javax.jms">JMSException</a></pre><div class="block">Reads a signed 64-bit integer from the bytes message stream.         </div><dl> <dt> <span class="strong">Returns:</span>   </dt><dd>the next eight bytes from the bytes message stream, interpreted as a <code>long</code>            </dd> <dt> <span class="strong">Throws:</span>   </dt><dd> <code><a href="../../javax/jms/JMSException.html" title="class in javax.jms">JMSException</a></code> - if the JMS provider fails to read the message due to some internal error.                </dd><dd> <code><a href="../../javax/jms/MessageEOFException.html" title="class in javax.jms">MessageEOFException</a></code> - if unexpected end of bytes stream has been reached.           </dd><dd> <code><a href="../../javax/jms/MessageNotReadableException.html" title="class in javax.jms">MessageNotReadableException</a></code> - if the message is in write-only mode.         </dd>  </dl></li></ul> <a end_ctx_id="method:readLong()"/>  </td></tr></table></td></tr></table><table border="0" cellpadding="1" cellspacing="0" width="100%"><tr><td><h3 class="ctxid">method:readFloat() [NONE]</h3></td></tr><tr><td><table border="0" cellpadding="5" cellspacing="1" bgcolor="black" width="100%"><tr valign="top"><td bgcolor="#FFFFFF" colspan="1"> <a start_ctx_id="method:readFloat()"/><a name="readFloat()"/><ul class="blockList"><li class="blockList"><h4>readFloat</h4><pre>float readFloat()
                throws <a href="../../javax/jms/JMSException.html" title="class in javax.jms">JMSException</a></pre><div class="block">Reads a <code>float</code> from the bytes message stream.       </div><dl> <dt> <span class="strong">Returns:</span>   </dt><dd>the next four bytes from the bytes message stream, interpreted as a <code>float</code>            </dd> <dt> <span class="strong">Throws:</span>   </dt><dd> <code><a href="../../javax/jms/JMSException.html" title="class in javax.jms">JMSException</a></code> - if the JMS provider fails to read the message due to some internal error.                </dd><dd> <code><a href="../../javax/jms/MessageEOFException.html" title="class in javax.jms">MessageEOFException</a></code> - if unexpected end of bytes stream has been reached.           </dd><dd> <code><a href="../../javax/jms/MessageNotReadableException.html" title="class in javax.jms">MessageNotReadableException</a></code> - if the message is in write-only mode.         </dd>  </dl></li></ul> <a end_ctx_id="method:readFloat()"/>  </td></tr></table></td></tr></table><table border="0" cellpadding="1" cellspacing="0" width="100%"><tr><td><h3 class="ctxid">method:readDouble() [NONE]</h3></td></tr><tr><td><table border="0" cellpadding="5" cellspacing="1" bgcolor="black" width="100%"><tr valign="top"><td bgcolor="#FFFFFF" colspan="1"> <a start_ctx_id="method:readDouble()"/><a name="readDouble()"/><ul class="blockList"><li class="blockList"><h4>readDouble</h4><pre>double readDouble()
                  throws <a href="../../javax/jms/JMSException.html" title="class in javax.jms">JMSException</a></pre><div class="block">Reads a <code>double</code> from the bytes message stream.       </div><dl> <dt> <span class="strong">Returns:</span>   </dt><dd>the next eight bytes from the bytes message stream, interpreted as a <code>double</code>            </dd> <dt> <span class="strong">Throws:</span>   </dt><dd> <code><a href="../../javax/jms/JMSException.html" title="class in javax.jms">JMSException</a></code> - if the JMS provider fails to read the message due to some internal error.                </dd><dd> <code><a href="../../javax/jms/MessageEOFException.html" title="class in javax.jms">MessageEOFException</a></code> - if unexpected end of bytes stream has been reached.           </dd><dd> <code><a href="../../javax/jms/MessageNotReadableException.html" title="class in javax.jms">MessageNotReadableException</a></code> - if the message is in write-only mode.         </dd>  </dl></li></ul> <a end_ctx_id="method:readDouble()"/>  </td></tr></table></td></tr></table><table border="0" cellpadding="1" cellspacing="0" width="100%"><tr><td><h3 class="ctxid">method:readUTF() [NONE]</h3></td></tr><tr><td><table border="0" cellpadding="5" cellspacing="1" bgcolor="black" width="100%"><tr valign="top"><td bgcolor="#FFFFFF" colspan="1"> <a start_ctx_id="method:readUTF()"/><a name="readUTF()"/><ul class="blockList"><li class="blockList"><h4>readUTF</h4><pre><a href="http://download.oracle.com/javase/6/docs/api/java/lang/String.html?is-external=true" title="class or interface in java.lang">String</a> readUTF()
               throws <a href="../../javax/jms/JMSException.html" title="class in javax.jms">JMSException</a></pre><div class="block">Reads a string that has been encoded using a modified UTF-8 format from the bytes message stream.<p>For more information on the UTF-8 format, see "File System Safe UCS Transformation Format (FSS_UTF)", X/Open Preliminary Specification, X/Open Company Ltd., Document Number: P316. This information also appears in ISO/IEC 10646, Annex P.                                </p>                </div><dl> <dt> <span class="strong">Returns:</span>   </dt><dd>a Unicode string from the bytes message stream       </dd> <dt> <span class="strong">Throws:</span>   </dt><dd> <code><a href="../../javax/jms/JMSException.html" title="class in javax.jms">JMSException</a></code> - if the JMS provider fails to read the message due to some internal error.                </dd><dd> <code><a href="../../javax/jms/MessageEOFException.html" title="class in javax.jms">MessageEOFException</a></code> - if unexpected end of bytes stream has been reached.           </dd><dd> <code><a href="../../javax/jms/MessageNotReadableException.html" title="class in javax.jms">MessageNotReadableException</a></code> - if the message is in write-only mode.         </dd>  </dl></li></ul> <a end_ctx_id="method:readUTF()"/>  </td></tr></table></td></tr></table><table border="0" cellpadding="1" cellspacing="0" width="100%"><tr><td><h3 class="ctxid">method:readBytes(byte[]) [NONE]</h3></td></tr><tr><td><table border="0" cellpadding="5" cellspacing="1" bgcolor="black" width="100%"><tr valign="top"><td bgcolor="#FFFFFF" colspan="1"> <a start_ctx_id="method:readBytes(byte[])"/><a name="readBytes(byte[])"/><ul class="blockList"><li class="blockList"><h4>readBytes</h4><pre>int readBytes(byte[] value)
              throws <a href="../../javax/jms/JMSException.html" title="class in javax.jms">JMSException</a></pre><div class="block">Reads a byte array from the bytes message stream.<p>If the length of array <code>value</code> is less than the number of bytes remaining to be read from the stream, the array should be filled. A subsequent call reads the next increment, and so on.                                  </p><p>If the number of bytes remaining in the stream is less than the length of array <code>value</code>, the bytes should be read into the array. The return value of the total number of bytes read will be less than the length of the array, indicating that there are no more bytes left to be read from the stream. The next read of the stream returns -1.                                                                 </p>        </div><dl> <dt> <span class="strong">Parameters:</span>   </dt><dd> <code>value</code> - the buffer into which the data is read          </dd> <dt> <span class="strong">Returns:</span>   </dt><dd>the total number of bytes read into the buffer, or -1 if there is no more data because the end of the stream has been reached                         </dd> <dt> <span class="strong">Throws:</span>   </dt><dd> <code><a href="../../javax/jms/JMSException.html" title="class in javax.jms">JMSException</a></code> - if the JMS provider fails to read the message due to some internal error.                </dd><dd> <code><a href="../../javax/jms/MessageNotReadableException.html" title="class in javax.jms">MessageNotReadableException</a></code> - if the message is in write-only mode.         </dd>   </dl></li></ul> <a end_ctx_id="method:readBytes(byte[])"/>  </td></tr></table></td></tr></table><table border="0" cellpadding="1" cellspacing="0" width="100%"><tr><td><h3 class="ctxid">method:readBytes(byte[], int) [NONE]</h3></td></tr><tr><td><table border="0" cellpadding="5" cellspacing="1" bgcolor="black" width="100%"><tr valign="top"><td bgcolor="#FFFFFF" colspan="1"> <a start_ctx_id="method:readBytes(byte[], int)"/><a name="readBytes(byte[], int)"/><ul class="blockList"><li class="blockList"><h4>readBytes</h4><pre>int readBytes(byte[] value,
            int length)
              throws <a href="../../javax/jms/JMSException.html" title="class in javax.jms">JMSException</a></pre><div class="block">Reads a portion of the bytes message stream.<p>If the length of array <code>value</code> is less than the number of bytes remaining to be read from the stream, the array should be filled. A subsequent call reads the next increment, and so on.                                  </p><p>If the number of bytes remaining in the stream is less than the length of array <code>value</code>, the bytes should be read into the array. The return value of the total number of bytes read will be less than the length of the array, indicating that there are no more bytes left to be read from the stream. The next read of the stream returns -1.                                                                 </p><p> If <code>length</code> is negative, or <code>length</code> is greater than the length of the array <code>value</code>, then an <code>IndexOutOfBoundsException</code> is thrown. No bytes will be read from the stream for this exception case.                                </p>       </div><dl> <dt> <span class="strong">Parameters:</span>   </dt><dd> <code>value</code> - the buffer into which the data is read          </dd><dd> <code>length</code> - the number of bytes to read; must be less than or equal to <code>value.length</code>                </dd> <dt> <span class="strong">Returns:</span>   </dt><dd>the total number of bytes read into the buffer, or -1 if there is no more data because the end of the stream has been reached                         </dd> <dt> <span class="strong">Throws:</span>   </dt><dd> <code><a href="../../javax/jms/JMSException.html" title="class in javax.jms">JMSException</a></code> - if the JMS provider fails to read the message due to some internal error.                </dd><dd> <code><a href="../../javax/jms/MessageNotReadableException.html" title="class in javax.jms">MessageNotReadableException</a></code> - if the message is in write-only mode.         </dd>   </dl></li></ul> <a end_ctx_id="method:readBytes(byte[], int)"/>  </td></tr></table></td></tr></table><table border="0" cellpadding="1" cellspacing="0" width="100%"><tr><td><h3 class="ctxid">method:writeBoolean(boolean) [NONE]</h3></td></tr><tr><td><table border="0" cellpadding="5" cellspacing="1" bgcolor="black" width="100%"><tr valign="top"><td bgcolor="#FFFFFF" colspan="1"> <a start_ctx_id="method:writeBoolean(boolean)"/><a name="writeBoolean(boolean)"/><ul class="blockList"><li class="blockList"><h4>writeBoolean</h4><pre>void writeBoolean(boolean value)
                  throws <a href="../../javax/jms/JMSException.html" title="class in javax.jms">JMSException</a></pre><div class="block">Writes a <code>boolean</code> to the bytes message stream as a 1-byte value. The value <code>true</code> is written as the value <code>(byte)1</code>; the value <code>false</code> is written as the value <code>(byte)0</code>.                             </div><dl> <dt> <span class="strong">Parameters:</span>   </dt><dd> <code>value</code> - the <code>boolean</code> value to be written        </dd> <dt> <span class="strong">Throws:</span>   </dt><dd> <code><a href="../../javax/jms/JMSException.html" title="class in javax.jms">JMSException</a></code> - if the JMS provider fails to write the message due to some internal error.                </dd><dd> <code><a href="../../javax/jms/MessageNotWriteableException.html" title="class in javax.jms">MessageNotWriteableException</a></code> - if the message is in read-only mode.         </dd>  </dl></li></ul> <a end_ctx_id="method:writeBoolean(boolean)"/>  </td></tr></table></td></tr></table><table border="0" cellpadding="1" cellspacing="0" width="100%"><tr><td><h3 class="ctxid">method:writeByte(byte) [NONE]</h3></td></tr><tr><td><table border="0" cellpadding="5" cellspacing="1" bgcolor="black" width="100%"><tr valign="top"><td bgcolor="#FFFFFF" colspan="1"> <a start_ctx_id="method:writeByte(byte)"/><a name="writeByte(byte)"/><ul class="blockList"><li class="blockList"><h4>writeByte</h4><pre>void writeByte(byte value)
               throws <a href="../../javax/jms/JMSException.html" title="class in javax.jms">JMSException</a></pre><div class="block">Writes a <code>byte</code> to the bytes message stream as a 1-byte value.           </div><dl> <dt> <span class="strong">Parameters:</span>   </dt><dd> <code>value</code> - the <code>byte</code> value to be written        </dd> <dt> <span class="strong">Throws:</span>   </dt><dd> <code><a href="../../javax/jms/JMSException.html" title="class in javax.jms">JMSException</a></code> - if the JMS provider fails to write the message due to some internal error.                </dd><dd> <code><a href="../../javax/jms/MessageNotWriteableException.html" title="class in javax.jms">MessageNotWriteableException</a></code> - if the message is in read-only mode.         </dd>  </dl></li></ul> <a end_ctx_id="method:writeByte(byte)"/>  </td></tr></table></td></tr></table><table border="0" cellpadding="1" cellspacing="0" width="100%"><tr><td><h3 class="ctxid">method:writeShort(short) [NONE]</h3></td></tr><tr><td><table border="0" cellpadding="5" cellspacing="1" bgcolor="black" width="100%"><tr valign="top"><td bgcolor="#FFFFFF" colspan="1"> <a start_ctx_id="method:writeShort(short)"/><a name="writeShort(short)"/><ul class="blockList"><li class="blockList"><h4>writeShort</h4><pre>void writeShort(short value)
                throws <a href="../../javax/jms/JMSException.html" title="class in javax.jms">JMSException</a></pre><div class="block">Writes a <code>short</code> to the bytes message stream as two bytes, high byte first.             </div><dl> <dt> <span class="strong">Parameters:</span>   </dt><dd> <code>value</code> - the <code>short</code> to be written       </dd> <dt> <span class="strong">Throws:</span>   </dt><dd> <code><a href="../../javax/jms/JMSException.html" title="class in javax.jms">JMSException</a></code> - if the JMS provider fails to write the message due to some internal error.                </dd><dd> <code><a href="../../javax/jms/MessageNotWriteableException.html" title="class in javax.jms">MessageNotWriteableException</a></code> - if the message is in read-only mode.         </dd>  </dl></li></ul> <a end_ctx_id="method:writeShort(short)"/>  </td></tr></table></td></tr></table><table border="0" cellpadding="1" cellspacing="0" width="100%"><tr><td><h3 class="ctxid">method:writeChar(char) [NONE]</h3></td></tr><tr><td><table border="0" cellpadding="5" cellspacing="1" bgcolor="black" width="100%"><tr valign="top"><td bgcolor="#FFFFFF" colspan="1"> <a start_ctx_id="method:writeChar(char)"/><a name="writeChar(char)"/><ul class="blockList"><li class="blockList"><h4>writeChar</h4><pre>void writeChar(char value)
               throws <a href="../../javax/jms/JMSException.html" title="class in javax.jms">JMSException</a></pre><div class="block">Writes a <code>char</code> to the bytes message stream as a 2-byte value, high byte first.              </div><dl> <dt> <span class="strong">Parameters:</span>   </dt><dd> <code>value</code> - the <code>char</code> value to be written        </dd> <dt> <span class="strong">Throws:</span>   </dt><dd> <code><a href="../../javax/jms/JMSException.html" title="class in javax.jms">JMSException</a></code> - if the JMS provider fails to write the message due to some internal error.                </dd><dd> <code><a href="../../javax/jms/MessageNotWriteableException.html" title="class in javax.jms">MessageNotWriteableException</a></code> - if the message is in read-only mode.         </dd>  </dl></li></ul> <a end_ctx_id="method:writeChar(char)"/>  </td></tr></table></td></tr></table><table border="0" cellpadding="1" cellspacing="0" width="100%"><tr><td><h3 class="ctxid">method:writeInt(int) [NONE]</h3></td></tr><tr><td><table border="0" cellpadding="5" cellspacing="1" bgcolor="black" width="100%"><tr valign="top"><td bgcolor="#FFFFFF" colspan="1"> <a start_ctx_id="method:writeInt(int)"/><a name="writeInt(int)"/><ul class="blockList"><li class="blockList"><h4>writeInt</h4><pre>void writeInt(int value)
              throws <a href="../../javax/jms/JMSException.html" title="class in javax.jms">JMSException</a></pre><div class="block">Writes an <code>int</code> to the bytes message stream as four bytes, high byte first.             </div><dl> <dt> <span class="strong">Parameters:</span>   </dt><dd> <code>value</code> - the <code>int</code> to be written       </dd> <dt> <span class="strong">Throws:</span>   </dt><dd> <code><a href="../../javax/jms/JMSException.html" title="class in javax.jms">JMSException</a></code> - if the JMS provider fails to write the message due to some internal error.                </dd><dd> <code><a href="../../javax/jms/MessageNotWriteableException.html" title="class in javax.jms">MessageNotWriteableException</a></code> - if the message is in read-only mode.         </dd>  </dl></li></ul> <a end_ctx_id="method:writeInt(int)"/>  </td></tr></table></td></tr></table><table border="0" cellpadding="1" cellspacing="0" width="100%"><tr><td><h3 class="ctxid">method:writeLong(long) [NONE]</h3></td></tr><tr><td><table border="0" cellpadding="5" cellspacing="1" bgcolor="black" width="100%"><tr valign="top"><td bgcolor="#FFFFFF" colspan="1"> <a start_ctx_id="method:writeLong(long)"/><a name="writeLong(long)"/><ul class="blockList"><li class="blockList"><h4>writeLong</h4><pre>void writeLong(long value)
               throws <a href="../../javax/jms/JMSException.html" title="class in javax.jms">JMSException</a></pre><div class="block">Writes a <code>long</code> to the bytes message stream as eight bytes, high byte first.             </div><dl> <dt> <span class="strong">Parameters:</span>   </dt><dd> <code>value</code> - the <code>long</code> to be written       </dd> <dt> <span class="strong">Throws:</span>   </dt><dd> <code><a href="../../javax/jms/JMSException.html" title="class in javax.jms">JMSException</a></code> - if the JMS provider fails to write the message due to some internal error.                </dd><dd> <code><a href="../../javax/jms/MessageNotWriteableException.html" title="class in javax.jms">MessageNotWriteableException</a></code> - if the message is in read-only mode.         </dd>  </dl></li></ul> <a end_ctx_id="method:writeLong(long)"/>  </td></tr></table></td></tr></table><table border="0" cellpadding="1" cellspacing="0" width="100%"><tr><td><h3 class="ctxid">method:writeFloat(float) [NONE]</h3></td></tr><tr><td><table border="0" cellpadding="5" cellspacing="1" bgcolor="black" width="100%"><tr valign="top"><td bgcolor="#FFFFFF" colspan="1"> <a start_ctx_id="method:writeFloat(float)"/><a name="writeFloat(float)"/><ul class="blockList"><li class="blockList"><h4>writeFloat</h4><pre>void writeFloat(float value)
                throws <a href="../../javax/jms/JMSException.html" title="class in javax.jms">JMSException</a></pre><div class="block">Converts the <code>float</code> argument to an <code>int</code> using the <code>floatToIntBits</code> method in class <code>Float</code>, and then writes that <code>int</code> value to the bytes message stream as a 4-byte quantity, high byte first.                               </div><dl> <dt> <span class="strong">Parameters:</span>   </dt><dd> <code>value</code> - the <code>float</code> value to be written        </dd> <dt> <span class="strong">Throws:</span>   </dt><dd> <code><a href="../../javax/jms/JMSException.html" title="class in javax.jms">JMSException</a></code> - if the JMS provider fails to write the message due to some internal error.                </dd><dd> <code><a href="../../javax/jms/MessageNotWriteableException.html" title="class in javax.jms">MessageNotWriteableException</a></code> - if the message is in read-only mode.         </dd>  </dl></li></ul> <a end_ctx_id="method:writeFloat(float)"/>  </td></tr></table></td></tr></table><table border="0" cellpadding="1" cellspacing="0" width="100%"><tr><td><h3 class="ctxid">method:writeDouble(double) [NONE]</h3></td></tr><tr><td><table border="0" cellpadding="5" cellspacing="1" bgcolor="black" width="100%"><tr valign="top"><td bgcolor="#FFFFFF" colspan="1"> <a start_ctx_id="method:writeDouble(double)"/><a name="writeDouble(double)"/><ul class="blockList"><li class="blockList"><h4>writeDouble</h4><pre>void writeDouble(double value)
                 throws <a href="../../javax/jms/JMSException.html" title="class in javax.jms">JMSException</a></pre><div class="block">Converts the <code>double</code> argument to a <code>long</code> using the <code>doubleToLongBits</code> method in class <code>Double</code>, and then writes that <code>long</code> value to the bytes message stream as an 8-byte quantity, high byte first.                               </div><dl> <dt> <span class="strong">Parameters:</span>   </dt><dd> <code>value</code> - the <code>double</code> value to be written        </dd> <dt> <span class="strong">Throws:</span>   </dt><dd> <code><a href="../../javax/jms/JMSException.html" title="class in javax.jms">JMSException</a></code> - if the JMS provider fails to write the message due to some internal error.                </dd><dd> <code><a href="../../javax/jms/MessageNotWriteableException.html" title="class in javax.jms">MessageNotWriteableException</a></code> - if the message is in read-only mode.         </dd>  </dl></li></ul> <a end_ctx_id="method:writeDouble(double)"/>  </td></tr></table></td></tr></table><table border="0" cellpadding="1" cellspacing="0" width="100%"><tr><td><h3 class="ctxid">method:writeUTF(java.lang.String) [NONE]</h3></td></tr><tr><td><table border="0" cellpadding="5" cellspacing="1" bgcolor="black" width="100%"><tr valign="top"><td bgcolor="#FFFFFF" colspan="1"> <a start_ctx_id="method:writeUTF(java.lang.String)"/><a name="writeUTF(java.lang.String)"/><ul class="blockList"><li class="blockList"><h4>writeUTF</h4><pre>void writeUTF(<a href="http://download.oracle.com/javase/6/docs/api/java/lang/String.html?is-external=true" title="class or interface in java.lang">String</a> value)
              throws <a href="../../javax/jms/JMSException.html" title="class in javax.jms">JMSException</a></pre><div class="block">Writes a string to the bytes message stream using UTF-8 encoding in a machine-independent manner.<p>For more information on the UTF-8 format, see "File System Safe UCS Transformation Format (FSS_UTF)", X/Open Preliminary Specification, X/Open Company Ltd., Document Number: P316. This information also appears in ISO/IEC 10646, Annex P.                                </p>              </div><dl> <dt> <span class="strong">Parameters:</span>   </dt><dd> <code>value</code> - the <code>String</code> value to be written        </dd> <dt> <span class="strong">Throws:</span>   </dt><dd> <code><a href="../../javax/jms/JMSException.html" title="class in javax.jms">JMSException</a></code> - if the JMS provider fails to write the message due to some internal error.                </dd><dd> <code><a href="../../javax/jms/MessageNotWriteableException.html" title="class in javax.jms">MessageNotWriteableException</a></code> - if the message is in read-only mode.         </dd>  </dl></li></ul> <a end_ctx_id="method:writeUTF(java.lang.String)"/>  </td></tr></table></td></tr></table><table border="0" cellpadding="1" cellspacing="0" width="100%"><tr><td><h3 class="ctxid">method:writeBytes(byte[]) [NONE]</h3></td></tr><tr><td><table border="0" cellpadding="5" cellspacing="1" bgcolor="black" width="100%"><tr valign="top"><td bgcolor="#FFFFFF" colspan="1"> <a start_ctx_id="method:writeBytes(byte[])"/><a name="writeBytes(byte[])"/><ul class="blockList"><li class="blockList"><h4>writeBytes</h4><pre>void writeBytes(byte[] value)
                throws <a href="../../javax/jms/JMSException.html" title="class in javax.jms">JMSException</a></pre><div class="block">Writes a byte array to the bytes message stream.        </div><dl> <dt> <span class="strong">Parameters:</span>   </dt><dd> <code>value</code> - the byte array to be written        </dd> <dt> <span class="strong">Throws:</span>   </dt><dd> <code><a href="../../javax/jms/JMSException.html" title="class in javax.jms">JMSException</a></code> - if the JMS provider fails to write the message due to some internal error.                </dd><dd> <code><a href="../../javax/jms/MessageNotWriteableException.html" title="class in javax.jms">MessageNotWriteableException</a></code> - if the message is in read-only mode.         </dd>  </dl></li></ul> <a end_ctx_id="method:writeBytes(byte[])"/>  </td></tr></table></td></tr></table><table border="0" cellpadding="1" cellspacing="0" width="100%"><tr><td><h3 class="ctxid">method:writeBytes(byte[], int, int) [NONE]</h3></td></tr><tr><td><table border="0" cellpadding="5" cellspacing="1" bgcolor="black" width="100%"><tr valign="top"><td bgcolor="#FFFFFF" colspan="1"> <a start_ctx_id="method:writeBytes(byte[], int, int)"/><a name="writeBytes(byte[], int, int)"/><ul class="blockList"><li class="blockList"><h4>writeBytes</h4><pre>void writeBytes(byte[] value,
              int offset,
              int length)
                throws <a href="../../javax/jms/JMSException.html" title="class in javax.jms">JMSException</a></pre><div class="block">Writes a portion of a byte array to the bytes message stream.           </div><dl> <dt> <span class="strong">Parameters:</span>   </dt><dd> <code>value</code> - the byte array value to be written         </dd><dd> <code>offset</code> - the initial offset within the byte array         </dd><dd> <code>length</code> - the number of bytes to use        </dd> <dt> <span class="strong">Throws:</span>   </dt><dd> <code><a href="../../javax/jms/JMSException.html" title="class in javax.jms">JMSException</a></code> - if the JMS provider fails to write the message due to some internal error.                </dd><dd> <code><a href="../../javax/jms/MessageNotWriteableException.html" title="class in javax.jms">MessageNotWriteableException</a></code> - if the message is in read-only mode.         </dd>  </dl></li></ul> <a end_ctx_id="method:writeBytes(byte[], int, int)"/>  </td></tr></table></td></tr></table><table border="0" cellpadding="1" cellspacing="0" width="100%"><tr><td><h3 class="ctxid">method:writeObject(java.lang.Object) [NONE]</h3></td></tr><tr><td><table border="0" cellpadding="5" cellspacing="1" bgcolor="black" width="100%"><tr valign="top"><td bgcolor="#FFFFFF" colspan="1"> <a start_ctx_id="method:writeObject(java.lang.Object)"/><a name="writeObject(java.lang.Object)"/><ul class="blockList"><li class="blockList"><h4>writeObject</h4><pre>void writeObject(<a href="http://download.oracle.com/javase/6/docs/api/java/lang/Object.html?is-external=true" title="class or interface in java.lang">Object</a> value)
                 throws <a href="../../javax/jms/JMSException.html" title="class in javax.jms">JMSException</a></pre><div class="block">Writes an object to the bytes message stream.<p>This method works only for the objectified primitive object types (<code>Integer</code>, <code>Double</code>, <code>Long</code> ...), <code>String</code> objects, and byte arrays.                 </p>       </div><dl> <dt> <span class="strong">Parameters:</span>   </dt><dd> <code>value</code> - the object in the Java programming language ("Java object") to be written; it must not be null                   </dd> <dt> <span class="strong">Throws:</span>   </dt><dd> <code><a href="../../javax/jms/JMSException.html" title="class in javax.jms">JMSException</a></code> - if the JMS provider fails to write the message due to some internal error.                </dd><dd> <code><a href="../../javax/jms/MessageFormatException.html" title="class in javax.jms">MessageFormatException</a></code> - if the object is of an invalid type.          </dd><dd> <code><a href="../../javax/jms/MessageNotWriteableException.html" title="class in javax.jms">MessageNotWriteableException</a></code> - if the message is in read-only mode.         </dd><dd> <code><a href="http://download.oracle.com/javase/6/docs/api/java/lang/NullPointerException.html?is-external=true" title="class or interface in java.lang">NullPointerException</a></code> - if the parameter <code>value</code> is null.        </dd>  </dl></li></ul> <a end_ctx_id="method:writeObject(java.lang.Object)"/>  </td></tr></table></td></tr></table><table border="0" cellpadding="1" cellspacing="0" width="100%"><tr><td><h3 class="ctxid">method:reset() [NONE]</h3></td></tr><tr><td><table border="0" cellpadding="5" cellspacing="1" bgcolor="black" width="100%"><tr valign="top"><td bgcolor="#FFFFFF" colspan="1"> <a start_ctx_id="method:reset()"/><a name="reset()"/><ul class="blockListLast"><li class="blockList"><h4>reset</h4><pre>void reset()
           throws <a href="../../javax/jms/JMSException.html" title="class in javax.jms">JMSException</a></pre><div class="block">Puts the message body in read-only mode and repositions the stream of bytes to the beginning.               </div><dl> <dt> <span class="strong">Throws:</span>   </dt><dd> <code><a href="../../javax/jms/JMSException.html" title="class in javax.jms">JMSException</a></code> - if the JMS provider fails to reset the message due to some internal error.                </dd><dd> <code><a href="../../javax/jms/MessageFormatException.html" title="class in javax.jms">MessageFormatException</a></code> - if the message has an invalid format.         </dd> </dl></li></ul> <a end_ctx_id="method:reset()"/>  </td></tr></table></td></tr></table></diff></diffreport>