<?xml version="1.0" encoding="UTF-8"?><diffreport><diff><table border="0" cellpadding="1" cellspacing="0" width="100%"><tr><td><h3 class="ctxid">class:Connection [NONE]</h3></td></tr><tr><td><table border="0" cellpadding="5" cellspacing="1" bgcolor="black" width="100%"><tr valign="top"><td bgcolor="#FFFFFF" colspan="1"><div class="description"> <a start_ctx_id="class:Connection"/><ul class="blockList"><li class="blockList"><dl> <dt>All Known Subinterfaces:  </dt><dd> <a href="../../javax/jms/QueueConnection.html" title="interface in javax.jms">QueueConnection</a>, <a href="../../javax/jms/TopicConnection.html" title="interface in javax.jms">TopicConnection</a>, <a href="../../javax/jms/XAConnection.html" title="interface in javax.jms">XAConnection</a>, <a href="../../javax/jms/XAQueueConnection.html" title="interface in javax.jms">XAQueueConnection</a>, <a href="../../javax/jms/XATopicConnection.html" title="interface in javax.jms">XATopicConnection</a>     </dd> </dl> <hr/> <br/><pre>public interface <span class="strong">Connection</span></pre><div class="block">A <code>Connection</code> object is a client's active connection to its JMS provider. It typically allocates provider resources outside the Java virtual machine (JVM).<p>Connections support concurrent use.   </p><p>A connection serves several purposes:<ul><li>It encapsulates an open connection with a JMS provider. It typically represents an open TCP/IP socket between a client and the service provider software.                       </li><li>Its creation is where client authentication takes place.       </li><li>It can specify a unique client identifier.      </li><li>It provides a <code>ConnectionMetaData</code> object.    </li><li>It supports an optional <code>ExceptionListener</code> object.     </li></ul>    </p><p>Because the creation of a connection involves setting up authentication and communication, a connection is a relatively heavyweight object. Most clients will do all their messaging with a single connection. Other more advanced applications may use several connections. The JMS API does not architect a reason for using multiple connections; however, there may be operational reasons for doing so.                                                          </p><p>A JMS client typically creates a connection, one or more sessions, and a number of message producers and consumers. When a connection is created, it is in stopped mode. That means that no messages are being delivered.                                    </p><p>It is typical to leave the connection in stopped mode until setup is complete (that is, until all message consumers have been created). At that point, the client calls the connection's <code>start</code> method, and messages begin arriving at the connection's consumers. This setup convention minimizes any client confusion that may result from asynchronous message delivery while the client is still in the process of setting itself up.                                                                  </p><p>A connection can be started immediately, and the setup can be done afterwards. Clients that do this must be prepared to handle asynchronous message delivery while they are still in the process of setting up.                                  </p><p>A message producer can send messages while a connection is stopped.          </p>                      </div><dl> <dt> <span class="strong">Version:</span>   </dt><dd>1.1 - February 1, 2002    </dd> <dt> <span class="strong">Author:</span>   </dt><dd>Mark Hapner, Rich Burridge, Kate Stout     </dd> <dt> <span class="strong">See Also: </span>   </dt><dd> <a href="../../javax/jms/ConnectionFactory.html" title="interface in javax.jms"><code>ConnectionFactory</code></a>, <a href="../../javax/jms/QueueConnection.html" title="interface in javax.jms"><code>QueueConnection</code></a>, <a href="../../javax/jms/TopicConnection.html" title="interface in javax.jms"><code>TopicConnection</code></a>   </dd>   </dl>  </li></ul> </div> <a end_ctx_id="class:Connection"/> </td></tr></table></td></tr></table><table border="0" cellpadding="1" cellspacing="0" width="100%"><tr><td><h3 class="ctxid">method:createSession(boolean, int) [NONE]</h3></td></tr><tr><td><table border="0" cellpadding="5" cellspacing="1" bgcolor="black" width="100%"><tr valign="top"><td bgcolor="#FFFFFF" colspan="1"> <a start_ctx_id="method:createSession(boolean, int)"/><a name="createSession(boolean, int)"/><ul class="blockList"><li class="blockList"><h4>createSession</h4><pre><a href="../../javax/jms/Session.html" title="interface in javax.jms">Session</a> createSession(boolean transacted,
                    int acknowledgeMode)
                      throws <a href="../../javax/jms/JMSException.html" title="class in javax.jms">JMSException</a></pre><div class="block">Creates a <code>Session</code> object.   </div><dl> <dt> <span class="strong">Parameters:</span>   </dt><dd> <code>transacted</code> - indicates whether the session is transacted        </dd><dd> <code>acknowledgeMode</code> - indicates whether the consumer or the client will acknowledge any messages it receives; ignored if the session is transacted. Legal values are <code>Session.AUTO_ACKNOWLEDGE</code>, <code>Session.CLIENT_ACKNOWLEDGE</code>, and <code>Session.DUPS_OK_ACKNOWLEDGE</code>.                            </dd> <dt> <span class="strong">Returns:</span>   </dt><dd>a newly created session   </dd> <dt> <span class="strong">Throws:</span>   </dt><dd> <code><a href="../../javax/jms/JMSException.html" title="class in javax.jms">JMSException</a></code> - if the <code>Connection</code> object fails to create a session due to some internal error or lack of support for the specific transaction and acknowledgement mode.                           </dd> <dt> <span class="strong">Since:</span>   </dt><dd>1.1</dd> <dt> <span class="strong">See Also: </span>   </dt><dd> <a href="../../javax/jms/Session.html#AUTO_ACKNOWLEDGE"><code>Session.AUTO_ACKNOWLEDGE</code></a>, <a href="../../javax/jms/Session.html#CLIENT_ACKNOWLEDGE"><code>Session.CLIENT_ACKNOWLEDGE</code></a>, <a href="../../javax/jms/Session.html#DUPS_OK_ACKNOWLEDGE"><code>Session.DUPS_OK_ACKNOWLEDGE</code></a>   </dd>     </dl></li></ul> <a end_ctx_id="method:createSession(boolean, int)"/>  </td></tr></table></td></tr></table><table border="0" cellpadding="1" cellspacing="0" width="100%"><tr><td><h3 class="ctxid">method:getClientID() [NONE]</h3></td></tr><tr><td><table border="0" cellpadding="5" cellspacing="1" bgcolor="black" width="100%"><tr valign="top"><td bgcolor="#FFFFFF" colspan="1"> <a start_ctx_id="method:getClientID()"/><a name="getClientID()"/><ul class="blockList"><li class="blockList"><h4>getClientID</h4><pre><a href="http://download.oracle.com/javase/6/docs/api/java/lang/String.html?is-external=true" title="class or interface in java.lang">String</a> getClientID()
                   throws <a href="../../javax/jms/JMSException.html" title="class in javax.jms">JMSException</a></pre><div class="block">Gets the client identifier for this connection.<p>This value is specific to the JMS provider. It is either preconfigured by an administrator in a <code>ConnectionFactory</code> object or assigned dynamically by the application by calling the <code>setClientID</code> method.                             </p>      </div><dl> <dt> <span class="strong">Returns:</span>   </dt><dd>the unique client identifier   </dd> <dt> <span class="strong">Throws:</span>   </dt><dd> <code><a href="../../javax/jms/JMSException.html" title="class in javax.jms">JMSException</a></code> - if the JMS provider fails to return the client ID for this connection due to some internal error.                    </dd>  </dl></li></ul> <a end_ctx_id="method:getClientID()"/>  </td></tr></table></td></tr></table><table border="0" cellpadding="1" cellspacing="0" width="100%"><tr><td><h3 class="ctxid">method:setClientID(java.lang.String) [NONE]</h3></td></tr><tr><td><table border="0" cellpadding="5" cellspacing="1" bgcolor="black" width="100%"><tr valign="top"><td bgcolor="#FFFFFF" colspan="1"> <a start_ctx_id="method:setClientID(java.lang.String)"/><a name="setClientID(java.lang.String)"/><ul class="blockList"><li class="blockList"><h4>setClientID</h4><pre>void setClientID(<a href="http://download.oracle.com/javase/6/docs/api/java/lang/String.html?is-external=true" title="class or interface in java.lang">String</a> clientID)
                 throws <a href="../../javax/jms/JMSException.html" title="class in javax.jms">JMSException</a></pre><div class="block">Sets the client identifier for this connection.<p>The preferred way to assign a JMS client's client identifier is for it to be configured in a client-specific <code>ConnectionFactory</code> object and transparently assigned to the <code>Connection</code> object it creates.                             </p><p>Alternatively, a client can set a connection's client identifier using a provider-specific value. The facility to set a connection's client identifier explicitly is not a mechanism for overriding the identifier that has been administratively configured. It is provided for the case where no administratively specified identifier exists. If one does exist, an attempt to change it by setting it must throw an <code>IllegalStateException</code>. If a client sets the client identifier explicitly, it must do so immediately after it creates the connection and before any other action on the connection is taken. After this point, setting the client identifier is a programming error that should throw an <code>IllegalStateException</code>.                                                                                                          </p><p>The purpose of the client identifier is to associate a connection and its objects with a state maintained on behalf of the client by a provider. The only such state identified by the JMS API is that required to support durable subscriptions.                                         </p><p>If another connection with the same <code>clientID</code> is already running when this method is called, the JMS provider should detect the duplicate ID and throw an <code>InvalidClientIDException</code>.                          </p>      </div><dl> <dt> <span class="strong">Parameters:</span>   </dt><dd> <code>clientID</code> - the unique client identifier      </dd> <dt> <span class="strong">Throws:</span>   </dt><dd> <code><a href="../../javax/jms/JMSException.html" title="class in javax.jms">JMSException</a></code> - if the JMS provider fails to set the client ID for this connection due to some internal error.                    </dd><dd> <code><a href="../../javax/jms/InvalidClientIDException.html" title="class in javax.jms">InvalidClientIDException</a></code> - if the JMS client specifies an invalid or duplicate client ID.             </dd><dd> <code><a href="../../javax/jms/IllegalStateException.html" title="class in javax.jms">IllegalStateException</a></code> - if the JMS client attempts to set a connection's client ID at the wrong time or when it has been administratively configured.                        </dd>  </dl></li></ul> <a end_ctx_id="method:setClientID(java.lang.String)"/>  </td></tr></table></td></tr></table><table border="0" cellpadding="1" cellspacing="0" width="100%"><tr><td><h3 class="ctxid">method:getMetaData() [NONE]</h3></td></tr><tr><td><table border="0" cellpadding="5" cellspacing="1" bgcolor="black" width="100%"><tr valign="top"><td bgcolor="#FFFFFF" colspan="1"> <a start_ctx_id="method:getMetaData()"/><a name="getMetaData()"/><ul class="blockList"><li class="blockList"><h4>getMetaData</h4><pre><a href="../../javax/jms/ConnectionMetaData.html" title="interface in javax.jms">ConnectionMetaData</a> getMetaData()
                               throws <a href="../../javax/jms/JMSException.html" title="class in javax.jms">JMSException</a></pre><div class="block">Gets the metadata for this connection.     </div><dl> <dt> <span class="strong">Returns:</span>   </dt><dd>the connection metadata  </dd> <dt> <span class="strong">Throws:</span>   </dt><dd> <code><a href="../../javax/jms/JMSException.html" title="class in javax.jms">JMSException</a></code> - if the JMS provider fails to get the connection metadata for this connection.               </dd> <dt> <span class="strong">See Also: </span>   </dt><dd> <a href="../../javax/jms/ConnectionMetaData.html" title="interface in javax.jms"><code>ConnectionMetaData</code></a> </dd>   </dl></li></ul> <a end_ctx_id="method:getMetaData()"/>  </td></tr></table></td></tr></table><table border="0" cellpadding="1" cellspacing="0" width="100%"><tr><td><h3 class="ctxid">method:getExceptionListener() [NONE]</h3></td></tr><tr><td><table border="0" cellpadding="5" cellspacing="1" bgcolor="black" width="100%"><tr valign="top"><td bgcolor="#FFFFFF" colspan="1"> <a start_ctx_id="method:getExceptionListener()"/><a name="getExceptionListener()"/><ul class="blockList"><li class="blockList"><h4>getExceptionListener</h4><pre><a href="../../javax/jms/ExceptionListener.html" title="interface in javax.jms">ExceptionListener</a> getExceptionListener()
                                       throws <a href="../../javax/jms/JMSException.html" title="class in javax.jms">JMSException</a></pre><div class="block">Gets the <code>ExceptionListener</code> object for this connection. Not every <code>Connection</code> has an <code>ExceptionListener</code> associated with it.               </div><dl> <dt> <span class="strong">Returns:</span>   </dt><dd>the <code>ExceptionListener</code> for this connection, or null. if no <code>ExceptionListener</code> is associated with this connection.              </dd> <dt> <span class="strong">Throws:</span>   </dt><dd> <code><a href="../../javax/jms/JMSException.html" title="class in javax.jms">JMSException</a></code> - if the JMS provider fails to get the <code>ExceptionListener</code> for this connection.              </dd> <dt> <span class="strong">See Also: </span>   </dt><dd> <a href="../../javax/jms/Connection.html#setExceptionListener(javax.jms.ExceptionListener)"><code>setExceptionListener(javax.jms.ExceptionListener)</code></a> </dd>   </dl></li></ul> <a end_ctx_id="method:getExceptionListener()"/>  </td></tr></table></td></tr></table><table border="0" cellpadding="1" cellspacing="0" width="100%"><tr><td><h3 class="ctxid">method:setExceptionListener(javax.jms.ExceptionListener) [NONE]</h3></td></tr><tr><td><table border="0" cellpadding="5" cellspacing="1" bgcolor="black" width="100%"><tr valign="top"><td bgcolor="#FFFFFF" colspan="1"> <a start_ctx_id="method:setExceptionListener(javax.jms.ExceptionListener)"/><a name="setExceptionListener(javax.jms.ExceptionListener)"/><ul class="blockList"><li class="blockList"><h4>setExceptionListener</h4><pre>void setExceptionListener(<a href="../../javax/jms/ExceptionListener.html" title="interface in javax.jms">ExceptionListener</a> listener)
                          throws <a href="../../javax/jms/JMSException.html" title="class in javax.jms">JMSException</a></pre><div class="block">Sets an exception listener for this connection.<p>If a JMS provider detects a serious problem with a connection, it informs the connection's <code>ExceptionListener</code>, if one has been registered. It does this by calling the listener's <code>onException</code> method, passing it a <code>JMSException</code> object describing the problem.                                     </p><p>An exception listener allows a client to be notified of a problem asynchronously. Some connections only consume messages, so they would have no other way to learn their connection has failed.                              </p><p>A connection serializes execution of its <code>ExceptionListener</code>.      </p><p>A JMS provider should attempt to resolve connection problems itself before it notifies the client of them.                </p>      </div><dl> <dt> <span class="strong">Parameters:</span>   </dt><dd> <code>listener</code> - the exception listener     </dd> <dt> <span class="strong">Throws:</span>   </dt><dd> <code><a href="../../javax/jms/JMSException.html" title="class in javax.jms">JMSException</a></code> - if the JMS provider fails to set the exception listener for this connection.               </dd>  </dl></li></ul> <a end_ctx_id="method:setExceptionListener(javax.jms.ExceptionListener)"/>  </td></tr></table></td></tr></table><table border="0" cellpadding="1" cellspacing="0" width="100%"><tr><td><h3 class="ctxid">method:start() [NONE]</h3></td></tr><tr><td><table border="0" cellpadding="5" cellspacing="1" bgcolor="black" width="100%"><tr valign="top"><td bgcolor="#FFFFFF" colspan="1"> <a start_ctx_id="method:start()"/><a name="start()"/><ul class="blockList"><li class="blockList"><h4>start</h4><pre>void start()
           throws <a href="../../javax/jms/JMSException.html" title="class in javax.jms">JMSException</a></pre><div class="block">Starts (or restarts) a connection's delivery of incoming messages. A call to <code>start</code> on a connection that has already been started is ignored.                      </div><dl> <dt> <span class="strong">Throws:</span>   </dt><dd> <code><a href="../../javax/jms/JMSException.html" title="class in javax.jms">JMSException</a></code> - if the JMS provider fails to start message delivery due to some internal error.                </dd> <dt> <span class="strong">See Also: </span>   </dt><dd> <a href="../../javax/jms/Connection.html#stop()"><code>stop()</code></a> </dd>  </dl></li></ul> <a end_ctx_id="method:start()"/>  </td></tr></table></td></tr></table><table border="0" cellpadding="1" cellspacing="0" width="100%"><tr><td><h3 class="ctxid">method:stop() [NONE]</h3></td></tr><tr><td><table border="0" cellpadding="5" cellspacing="1" bgcolor="black" width="100%"><tr valign="top"><td bgcolor="#FFFFFF" colspan="1"> <a start_ctx_id="method:stop()"/><a name="stop()"/><ul class="blockList"><li class="blockList"><h4>stop</h4><pre>void stop()
          throws <a href="../../javax/jms/JMSException.html" title="class in javax.jms">JMSException</a></pre><div class="block">Temporarily stops a connection's delivery of incoming messages. Delivery can be restarted using the connection's <code>start</code> method. When the connection is stopped, delivery to all the connection's message consumers is inhibited: synchronous receives block, and messages are not delivered to message listeners.<p>This call blocks until receives and/or message listeners in progress have completed.           </p><p>Stopping a connection has no effect on its ability to send messages. A call to <code>stop</code> on a connection that has already been stopped is ignored.                         </p><p>A call to <code>stop</code> must not return until delivery of messages has paused. This means that a client can rely on the fact that none of its message listeners will be called and that all threads of control waiting for <code>receive</code> calls to return will not return with a message until the connection is restarted. The receive timers for a stopped connection continue to advance, so receives may time out while the connection is stopped.                                                                          </p><p>If message listeners are running when <code>stop</code> is invoked, the <code>stop</code> call must wait until all of them have returned before it may return. While these message listeners are completing, they must have the full services of the connection available to them.                                         </p>                                         </div><dl> <dt> <span class="strong">Throws:</span>   </dt><dd> <code><a href="../../javax/jms/JMSException.html" title="class in javax.jms">JMSException</a></code> - if the JMS provider fails to stop message delivery due to some internal error.                </dd> <dt> <span class="strong">See Also: </span>   </dt><dd> <a href="../../javax/jms/Connection.html#start()"><code>start()</code></a> </dd>  </dl></li></ul> <a end_ctx_id="method:stop()"/>  </td></tr></table></td></tr></table><table border="0" cellpadding="1" cellspacing="0" width="100%"><tr><td><h3 class="ctxid">method:close() [NONE]</h3></td></tr><tr><td><table border="0" cellpadding="5" cellspacing="1" bgcolor="black" width="100%"><tr valign="top"><td bgcolor="#FFFFFF" colspan="1"> <a start_ctx_id="method:close()"/><a name="close()"/><ul class="blockList"><li class="blockList"><h4>close</h4><pre>void close()
           throws <a href="../../javax/jms/JMSException.html" title="class in javax.jms">JMSException</a></pre><div class="block">Closes the connection.<p>Since a provider typically allocates significant resources outside the JVM on behalf of a connection, clients should close these resources when they are not needed. Relying on garbage collection to eventually reclaim these resources may not be timely enough.                                      </p><p>There is no need to close the sessions, producers, and consumers of a closed connection.              </p><p>Closing a connection causes all temporary destinations to be deleted.         </p><p>When this method is invoked, it should not return until message processing has been shut down in an orderly fashion. This means that all message listeners that may have been running have returned, and that all pending receives have returned. A close terminates all pending message receives on the connection's sessions' consumers. The receives may return with a message or with null, depending on whether there was a message available at the time of the close. If one or more of the connection's sessions' message listeners is processing a message at the time when connection <code>close</code> is invoked, all the facilities of the connection and its sessions must remain available to those listeners until they return control to the JMS provider.                                                                                                                        </p><p>Closing a connection causes any of its sessions' transactions in progress to be rolled back. In the case where a session's work is coordinated by an external transaction manager, a session's <code>commit</code> and <code>rollback</code> methods are not used and the result of a closed session's work is determined later by the transaction manager. Closing a connection does NOT force an acknowledgment of client-acknowledged sessions.                                                               </p><p>Invoking the <code>acknowledge</code> method of a received message from a closed connection's session must throw an <code>IllegalStateException</code>. Closing a closed connection must NOT throw an exception.                         </p>  </div><dl> <dt> <span class="strong">Throws:</span>   </dt><dd> <code><a href="../../javax/jms/JMSException.html" title="class in javax.jms">JMSException</a></code> - if the JMS provider fails to close the connection due to some internal error. For example, a failure to release resources or to close a socket connection can cause this exception to be thrown.                                    </dd> </dl></li></ul> <a end_ctx_id="method:close()"/>  </td></tr></table></td></tr></table><table border="0" cellpadding="1" cellspacing="0" width="100%"><tr><td><h3 class="ctxid">method:createConnectionConsumer(javax.jms.Destination, java.lang.String, javax.jms.ServerSessionPool, int) [NONE]</h3></td></tr><tr><td><table border="0" cellpadding="5" cellspacing="1" bgcolor="black" width="100%"><tr valign="top"><td bgcolor="#FFFFFF" colspan="1"> <a start_ctx_id="method:createConnectionConsumer(javax.jms.Destination, java.lang.String, javax.jms.ServerSessionPool, int)"/><a name="createConnectionConsumer(javax.jms.Destination, java.lang.String, javax.jms.ServerSessionPool, int)"/><ul class="blockList"><li class="blockList"><h4>createConnectionConsumer</h4><pre><a href="../../javax/jms/ConnectionConsumer.html" title="interface in javax.jms">ConnectionConsumer</a> createConnectionConsumer(<a href="../../javax/jms/Destination.html" title="interface in javax.jms">Destination</a> destination,
                                          <a href="http://download.oracle.com/javase/6/docs/api/java/lang/String.html?is-external=true" title="class or interface in java.lang">String</a> messageSelector,
                                          <a href="../../javax/jms/ServerSessionPool.html" title="interface in javax.jms">ServerSessionPool</a> sessionPool,
                                          int maxMessages)
                                            throws <a href="../../javax/jms/JMSException.html" title="class in javax.jms">JMSException</a></pre><div class="block">Creates a connection consumer for this connection (optional operation). This is an expert facility not used by regular JMS clients.                   </div><dl> <dt> <span class="strong">Parameters:</span>   </dt><dd> <code>destination</code> - the destination to access      </dd><dd> <code>messageSelector</code> - only messages with properties matching the message selector expression are delivered. A value of null or an empty string indicates that there is no message selector for the message consumer.                                </dd><dd> <code>sessionPool</code> - the server session pool to associate with this connection consumer            </dd><dd> <code>maxMessages</code> - the maximum number of messages that can be assigned to a server session at one time                  </dd> <dt> <span class="strong">Returns:</span>   </dt><dd>the connection consumer  </dd> <dt> <span class="strong">Throws:</span>   </dt><dd> <code><a href="../../javax/jms/JMSException.html" title="class in javax.jms">JMSException</a></code> - if the <code>Connection</code> object fails to create a connection consumer due to some internal error or invalid arguments for <code>sessionPool</code> and <code>messageSelector</code>.                        </dd><dd> <code><a href="../../javax/jms/InvalidDestinationException.html" title="class in javax.jms">InvalidDestinationException</a></code> - if an invalid destination is specified.        </dd><dd> <code><a href="../../javax/jms/InvalidSelectorException.html" title="class in javax.jms">InvalidSelectorException</a></code> - if the message selector is invalid.        </dd> <dt> <span class="strong">Since:</span>   </dt><dd>1.1</dd> <dt> <span class="strong">See Also: </span>   </dt><dd> <a href="../../javax/jms/ConnectionConsumer.html" title="interface in javax.jms"><code>ConnectionConsumer</code></a> </dd>     </dl></li></ul> <a end_ctx_id="method:createConnectionConsumer(javax.jms.Destination, java.lang.String, javax.jms.ServerSessionPool, int)"/>  </td></tr></table></td></tr></table><table border="0" cellpadding="1" cellspacing="0" width="100%"><tr><td><h3 class="ctxid">method:createDurableConnectionConsumer(javax.jms.Topic, java.lang.String, java.lang.String, javax.jms.ServerSessionPool, int) [NONE]</h3></td></tr><tr><td><table border="0" cellpadding="5" cellspacing="1" bgcolor="black" width="100%"><tr valign="top"><td bgcolor="#FFFFFF" colspan="1"> <a start_ctx_id="method:createDurableConnectionConsumer(javax.jms.Topic, java.lang.String, java.lang.String, javax.jms.ServerSessionPool, int)"/><a name="createDurableConnectionConsumer(javax.jms.Topic, java.lang.String, java.lang.String, javax.jms.ServerSessionPool, int)"/><ul class="blockList"><li class="blockList"><h4>createDurableConnectionConsumer</h4><pre><a href="../../javax/jms/ConnectionConsumer.html" title="interface in javax.jms">ConnectionConsumer</a> createDurableConnectionConsumer(<a href="../../javax/jms/Topic.html" title="interface in javax.jms">Topic</a> topic,
                                                 <a href="http://download.oracle.com/javase/6/docs/api/java/lang/String.html?is-external=true" title="class or interface in java.lang">String</a> subscriptionName,
                                                 <a href="http://download.oracle.com/javase/6/docs/api/java/lang/String.html?is-external=true" title="class or interface in java.lang">String</a> messageSelector,
                                                 <a href="../../javax/jms/ServerSessionPool.html" title="interface in javax.jms">ServerSessionPool</a> sessionPool,
                                                 int maxMessages)
                                                   throws <a href="../../javax/jms/JMSException.html" title="class in javax.jms">JMSException</a></pre><div class="block">Create a durable connection consumer for this connection (optional operation). This is an expert facility not used by regular JMS clients.                    </div><dl> <dt> <span class="strong">Parameters:</span>   </dt><dd> <code>topic</code> - topic to access     </dd><dd> <code>subscriptionName</code> - durable subscription name     </dd><dd> <code>messageSelector</code> - only messages with properties matching the message selector expression are delivered. A value of null or an empty string indicates that there is no message selector for the message consumer.                                </dd><dd> <code>sessionPool</code> - the server session pool to associate with this durable connection consumer             </dd><dd> <code>maxMessages</code> - the maximum number of messages that can be assigned to a server session at one time                  </dd> <dt> <span class="strong">Returns:</span>   </dt><dd>the durable connection consumer   </dd> <dt> <span class="strong">Throws:</span>   </dt><dd> <code><a href="../../javax/jms/JMSException.html" title="class in javax.jms">JMSException</a></code> - if the <code>Connection</code> object fails to create a connection consumer due to some internal error or invalid arguments for <code>sessionPool</code> and <code>messageSelector</code>.                        </dd><dd> <code><a href="../../javax/jms/InvalidDestinationException.html" title="class in javax.jms">InvalidDestinationException</a></code> - if an invalid destination is specified.        </dd><dd> <code><a href="../../javax/jms/InvalidSelectorException.html" title="class in javax.jms">InvalidSelectorException</a></code> - if the message selector is invalid.        </dd> <dt> <span class="strong">Since:</span>   </dt><dd>1.1</dd> <dt> <span class="strong">See Also: </span>   </dt><dd> <a href="../../javax/jms/ConnectionConsumer.html" title="interface in javax.jms"><code>ConnectionConsumer</code></a> </dd>     </dl></li></ul> <a end_ctx_id="method:createDurableConnectionConsumer(javax.jms.Topic, java.lang.String, java.lang.String, javax.jms.ServerSessionPool, int)"/>  </td></tr></table></td></tr></table><table border="0" cellpadding="1" cellspacing="0" width="100%"><tr><td><h3 class="ctxid">method:createMessagingContext(int) [ADDED]</h3></td></tr><tr><td><table border="0" cellpadding="5" cellspacing="1" bgcolor="black" width="100%"><tr valign="top"><td bgcolor="#FFFFFF" colspan="1"> <a start_ctx_id="method:createMessagingContext(int)"><span class="diff-html-added"/></a><a name="createMessagingContext(int)"/><ul class="blockListLast"><li class="blockList"><h4><span class="diff-html-added">createMessagingContext</span></h4><pre><a href="../../javax/jms/MessagingContext.html" title="interface in javax.jms"><span class="diff-html-added">MessagingContext</span></a><span class="diff-html-added"> createMessagingContext(int sessionMode)</span></pre><div class="block"><span class="diff-html-added">Creates</span> <span class="diff-html-added">a</span> <span class="diff-html-added">MessagingContext</span> <span class="diff-html-added">using</span> <span class="diff-html-added">the</span> <span class="diff-html-added">specified</span> <span class="diff-html-added">session</span> <span class="diff-html-added">mode.</span> <span class="diff-html-added">The</span> <span class="diff-html-added">MessagingContext</span> <span class="diff-html-added">will</span> <span class="diff-html-added">use</span> <span class="diff-html-added">the</span> <span class="diff-html-added">specified</span> <span class="diff-html-added">connection.</span> <span class="diff-html-added">A</span> <span class="diff-html-added">new</span> <span class="diff-html-added">session</span> <span class="diff-html-added">will</span> <span class="diff-html-added">be</span> <span class="diff-html-added">created.</span> <span class="diff-html-added">This</span> <span class="diff-html-added">method</span> <span class="diff-html-added">does</span> <span class="diff-html-added">not</span> <span class="diff-html-added">start</span> <span class="diff-html-added">the</span> <span class="diff-html-added">connection.</span> <span class="diff-html-added">The</span> <span class="diff-html-added">connection</span> <span class="diff-html-added">will</span> <span class="diff-html-added">be</span> <span class="diff-html-added">automatically</span> <span class="diff-html-added">started</span> <span class="diff-html-added">when</span> <span class="diff-html-added">a</span> <span class="diff-html-added">SyncMessageConsumer</span> <span class="diff-html-added">is</span> <span class="diff-html-added">created</span> <span class="diff-html-added">or</span> <span class="diff-html-added">a</span> <span class="diff-html-added">MessageListener</span> <span class="diff-html-added">registered.</span>                                          </div><dl> <dt> <span class="strong"><span class="diff-html-added">Parameters:</span></span>   </dt><dd> <code><span class="diff-html-added">sessionMode</span></code> <span class="diff-html-added">-</span> <span class="diff-html-added">indicates</span> <span class="diff-html-added">whether</span> <span class="diff-html-added">the</span> <span class="diff-html-added">MessagingContext</span> <span class="diff-html-added">is</span> <span class="diff-html-added">transacted</span> <span class="diff-html-added">or</span> <span class="diff-html-added">not,</span> <span class="diff-html-added">and</span> <span class="diff-html-added">if</span> <span class="diff-html-added">it</span> <span class="diff-html-added">is</span> <span class="diff-html-added">not,</span> <span class="diff-html-added">whether</span> <span class="diff-html-added">the</span> <span class="diff-html-added">consumer</span> <span class="diff-html-added">or</span> <span class="diff-html-added">the</span> <span class="diff-html-added">client</span> <span class="diff-html-added">will</span> <span class="diff-html-added">acknowledge</span> <span class="diff-html-added">any</span> <span class="diff-html-added">messages</span> <span class="diff-html-added">it</span> <span class="diff-html-added">receives.</span> <span class="diff-html-added">Legal</span> <span class="diff-html-added">values</span> <span class="diff-html-added">are</span> <code><span class="diff-html-added">Session.SESSION_TRANSACTED</span></code><span class="diff-html-added">,</span> <code><span class="diff-html-added">Session.AUTO_ACKNOWLEDGE</span></code><span class="diff-html-added">,</span> <code><span class="diff-html-added">Session.CLIENT_ACKNOWLEDGE</span></code><span class="diff-html-added">,</span> <span class="diff-html-added">and</span> <code><span class="diff-html-added">Session.DUPS_OK_ACKNOWLEDGE</span></code><span class="diff-html-added">.</span>                                   </dd> <dt> <span class="strong"><span class="diff-html-added">Returns:</span></span>   </dt><dd><span class="diff-html-added">a</span> <span class="diff-html-added">newly</span> <span class="diff-html-added">created</span> <span class="diff-html-added">MessagingContext</span>   </dd> <dt> <span class="strong"><span class="diff-html-added">Throws:</span></span>   </dt><dd> <code><a href="../../javax/jms/JMSRuntimeException.html" title="class in javax.jms"><span class="diff-html-added">JMSRuntimeException</span></a></code> <span class="diff-html-added">-</span> <span class="diff-html-added">if</span> <span class="diff-html-added">the</span> <span class="diff-html-added">JMS</span> <span class="diff-html-added">provider</span> <span class="diff-html-added">fails</span> <span class="diff-html-added">to</span> <span class="diff-html-added">create</span> <span class="diff-html-added">the</span> <span class="diff-html-added">MessagingContext</span> <span class="diff-html-added">due</span> <span class="diff-html-added">to</span> <span class="diff-html-added">some</span> <span class="diff-html-added">internal</span> <span class="diff-html-added">error.</span>                </dd> <dt> <span class="strong"><span class="diff-html-added">Since:</span></span>   </dt><dd><span class="diff-html-added">2.0</span></dd>    </dl></li></ul> <a end_ctx_id="method:createMessagingContext(int)"><span class="diff-html-added"/></a>  </td></tr></table></td></tr></table></diff></diffreport>