<?xml version="1.0" encoding="UTF-8" standalone="yes"?><Document><name>javax\jms\ConnectionMetaData.spec</name><Context><name>class:ConnectionMetaData</name><mt>NONE</mt></Context><Context><name>method:getJMSMajorVersion()</name><mt>NONE</mt></Context><Context><name>method:getJMSMinorVersion()</name><mt>NONE</mt></Context><Context><name>method:getJMSProviderName()</name><mt>NONE</mt></Context><Context><name>method:getJMSVersion()</name><mt>NONE</mt></Context><Context><name>method:getJMSXPropertyNames()</name><mt>NONE</mt></Context><Context><name>method:getProviderMajorVersion()</name><mt>NONE</mt></Context><Context><name>method:getProviderMinorVersion()</name><mt>NONE</mt></Context><Context><name>method:getProviderVersion()</name><mt>NONE</mt></Context><Stat><name>javax\jms\ConnectionMetaData.spec</name><mt>NONE</mt><Group name="context"><Item name="ADDED" count="0"/><Item name="REMOVED" count="0"/><Item name="CHANGED" count="0"/><Item name="MODIFIED" count="0"/><Item name="TOTAL" count="9"/></Group><Group name="assertion"><Item name="ADDED" count="0"/><Item name="REMOVED" count="0"/><Item name="CHANGED" count="0"/><Item name="MODIFIED" count="0"/><Item name="TOTAL" count="0"/></Group></Stat></Document>