<?xml version="1.0" encoding="UTF-8"?><diffreport><diff><table border="0" cellpadding="1" cellspacing="0" width="100%"><tr><td><h3 class="ctxid">class:ConnectionMetaData [NONE]</h3></td></tr><tr><td><table border="0" cellpadding="5" cellspacing="1" bgcolor="black" width="100%"><tr valign="top"><td bgcolor="#FFFFFF" colspan="1"><div class="description"> <a start_ctx_id="class:ConnectionMetaData"/><ul class="blockList"><li class="blockList"> <hr/> <br/><pre>public interface <span class="strong">ConnectionMetaData</span></pre><div class="block">A <code>ConnectionMetaData</code> object provides information describing the <code>Connection</code> object.        </div><dl> <dt> <span class="strong">Version:</span>   </dt><dd>1.0 - 13 March 1998    </dd> <dt> <span class="strong">Author:</span>   </dt><dd>Mark Hapner, Rich Burridge   </dd>  </dl>  </li></ul> </div> <a end_ctx_id="class:ConnectionMetaData"/> </td></tr></table></td></tr></table><table border="0" cellpadding="1" cellspacing="0" width="100%"><tr><td><h3 class="ctxid">method:getJMSVersion() [NONE]</h3></td></tr><tr><td><table border="0" cellpadding="5" cellspacing="1" bgcolor="black" width="100%"><tr valign="top"><td bgcolor="#FFFFFF" colspan="1"> <a start_ctx_id="method:getJMSVersion()"/><a name="getJMSVersion()"/><ul class="blockList"><li class="blockList"><h4>getJMSVersion</h4><pre><a href="http://download.oracle.com/javase/6/docs/api/java/lang/String.html?is-external=true" title="class or interface in java.lang">String</a> getJMSVersion()
                     throws <a href="../../javax/jms/JMSException.html" title="class in javax.jms">JMSException</a></pre><div class="block">Gets the JMS API version.    </div><dl> <dt> <span class="strong">Returns:</span>   </dt><dd>the JMS API version   </dd> <dt> <span class="strong">Throws:</span>   </dt><dd> <code><a href="../../javax/jms/JMSException.html" title="class in javax.jms">JMSException</a></code> - if the JMS provider fails to retrieve the metadata due to some internal error.                </dd>  </dl></li></ul> <a end_ctx_id="method:getJMSVersion()"/>  </td></tr></table></td></tr></table><table border="0" cellpadding="1" cellspacing="0" width="100%"><tr><td><h3 class="ctxid">method:getJMSMajorVersion() [NONE]</h3></td></tr><tr><td><table border="0" cellpadding="5" cellspacing="1" bgcolor="black" width="100%"><tr valign="top"><td bgcolor="#FFFFFF" colspan="1"> <a start_ctx_id="method:getJMSMajorVersion()"/><a name="getJMSMajorVersion()"/><ul class="blockList"><li class="blockList"><h4>getJMSMajorVersion</h4><pre>int getJMSMajorVersion()
                       throws <a href="../../javax/jms/JMSException.html" title="class in javax.jms">JMSException</a></pre><div class="block">Gets the JMS major version number.     </div><dl> <dt> <span class="strong">Returns:</span>   </dt><dd>the JMS API major version number     </dd> <dt> <span class="strong">Throws:</span>   </dt><dd> <code><a href="../../javax/jms/JMSException.html" title="class in javax.jms">JMSException</a></code> - if the JMS provider fails to retrieve the metadata due to some internal error.                </dd>  </dl></li></ul> <a end_ctx_id="method:getJMSMajorVersion()"/>  </td></tr></table></td></tr></table><table border="0" cellpadding="1" cellspacing="0" width="100%"><tr><td><h3 class="ctxid">method:getJMSMinorVersion() [NONE]</h3></td></tr><tr><td><table border="0" cellpadding="5" cellspacing="1" bgcolor="black" width="100%"><tr valign="top"><td bgcolor="#FFFFFF" colspan="1"> <a start_ctx_id="method:getJMSMinorVersion()"/><a name="getJMSMinorVersion()"/><ul class="blockList"><li class="blockList"><h4>getJMSMinorVersion</h4><pre>int getJMSMinorVersion()
                       throws <a href="../../javax/jms/JMSException.html" title="class in javax.jms">JMSException</a></pre><div class="block">Gets the JMS minor version number.     </div><dl> <dt> <span class="strong">Returns:</span>   </dt><dd>the JMS API minor version number     </dd> <dt> <span class="strong">Throws:</span>   </dt><dd> <code><a href="../../javax/jms/JMSException.html" title="class in javax.jms">JMSException</a></code> - if the JMS provider fails to retrieve the metadata due to some internal error.                </dd>  </dl></li></ul> <a end_ctx_id="method:getJMSMinorVersion()"/>  </td></tr></table></td></tr></table><table border="0" cellpadding="1" cellspacing="0" width="100%"><tr><td><h3 class="ctxid">method:getJMSProviderName() [NONE]</h3></td></tr><tr><td><table border="0" cellpadding="5" cellspacing="1" bgcolor="black" width="100%"><tr valign="top"><td bgcolor="#FFFFFF" colspan="1"> <a start_ctx_id="method:getJMSProviderName()"/><a name="getJMSProviderName()"/><ul class="blockList"><li class="blockList"><h4>getJMSProviderName</h4><pre><a href="http://download.oracle.com/javase/6/docs/api/java/lang/String.html?is-external=true" title="class or interface in java.lang">String</a> getJMSProviderName()
                          throws <a href="../../javax/jms/JMSException.html" title="class in javax.jms">JMSException</a></pre><div class="block">Gets the JMS provider name.    </div><dl> <dt> <span class="strong">Returns:</span>   </dt><dd>the JMS provider name   </dd> <dt> <span class="strong">Throws:</span>   </dt><dd> <code><a href="../../javax/jms/JMSException.html" title="class in javax.jms">JMSException</a></code> - if the JMS provider fails to retrieve the metadata due to some internal error.                </dd>  </dl></li></ul> <a end_ctx_id="method:getJMSProviderName()"/>  </td></tr></table></td></tr></table><table border="0" cellpadding="1" cellspacing="0" width="100%"><tr><td><h3 class="ctxid">method:getProviderVersion() [NONE]</h3></td></tr><tr><td><table border="0" cellpadding="5" cellspacing="1" bgcolor="black" width="100%"><tr valign="top"><td bgcolor="#FFFFFF" colspan="1"> <a start_ctx_id="method:getProviderVersion()"/><a name="getProviderVersion()"/><ul class="blockList"><li class="blockList"><h4>getProviderVersion</h4><pre><a href="http://download.oracle.com/javase/6/docs/api/java/lang/String.html?is-external=true" title="class or interface in java.lang">String</a> getProviderVersion()
                          throws <a href="../../javax/jms/JMSException.html" title="class in javax.jms">JMSException</a></pre><div class="block">Gets the JMS provider version.    </div><dl> <dt> <span class="strong">Returns:</span>   </dt><dd>the JMS provider version   </dd> <dt> <span class="strong">Throws:</span>   </dt><dd> <code><a href="../../javax/jms/JMSException.html" title="class in javax.jms">JMSException</a></code> - if the JMS provider fails to retrieve the metadata due to some internal error.                </dd>  </dl></li></ul> <a end_ctx_id="method:getProviderVersion()"/>  </td></tr></table></td></tr></table><table border="0" cellpadding="1" cellspacing="0" width="100%"><tr><td><h3 class="ctxid">method:getProviderMajorVersion() [NONE]</h3></td></tr><tr><td><table border="0" cellpadding="5" cellspacing="1" bgcolor="black" width="100%"><tr valign="top"><td bgcolor="#FFFFFF" colspan="1"> <a start_ctx_id="method:getProviderMajorVersion()"/><a name="getProviderMajorVersion()"/><ul class="blockList"><li class="blockList"><h4>getProviderMajorVersion</h4><pre>int getProviderMajorVersion()
                            throws <a href="../../javax/jms/JMSException.html" title="class in javax.jms">JMSException</a></pre><div class="block">Gets the JMS provider major version number.      </div><dl> <dt> <span class="strong">Returns:</span>   </dt><dd>the JMS provider major version number     </dd> <dt> <span class="strong">Throws:</span>   </dt><dd> <code><a href="../../javax/jms/JMSException.html" title="class in javax.jms">JMSException</a></code> - if the JMS provider fails to retrieve the metadata due to some internal error.                </dd>  </dl></li></ul> <a end_ctx_id="method:getProviderMajorVersion()"/>  </td></tr></table></td></tr></table><table border="0" cellpadding="1" cellspacing="0" width="100%"><tr><td><h3 class="ctxid">method:getProviderMinorVersion() [NONE]</h3></td></tr><tr><td><table border="0" cellpadding="5" cellspacing="1" bgcolor="black" width="100%"><tr valign="top"><td bgcolor="#FFFFFF" colspan="1"> <a start_ctx_id="method:getProviderMinorVersion()"/><a name="getProviderMinorVersion()"/><ul class="blockList"><li class="blockList"><h4>getProviderMinorVersion</h4><pre>int getProviderMinorVersion()
                            throws <a href="../../javax/jms/JMSException.html" title="class in javax.jms">JMSException</a></pre><div class="block">Gets the JMS provider minor version number.      </div><dl> <dt> <span class="strong">Returns:</span>   </dt><dd>the JMS provider minor version number     </dd> <dt> <span class="strong">Throws:</span>   </dt><dd> <code><a href="../../javax/jms/JMSException.html" title="class in javax.jms">JMSException</a></code> - if the JMS provider fails to retrieve the metadata due to some internal error.                </dd>  </dl></li></ul> <a end_ctx_id="method:getProviderMinorVersion()"/>  </td></tr></table></td></tr></table><table border="0" cellpadding="1" cellspacing="0" width="100%"><tr><td><h3 class="ctxid">method:getJMSXPropertyNames() [NONE]</h3></td></tr><tr><td><table border="0" cellpadding="5" cellspacing="1" bgcolor="black" width="100%"><tr valign="top"><td bgcolor="#FFFFFF" colspan="1"> <a start_ctx_id="method:getJMSXPropertyNames()"/><a name="getJMSXPropertyNames()"/><ul class="blockListLast"><li class="blockList"><h4>getJMSXPropertyNames</h4><pre><a href="http://download.oracle.com/javase/6/docs/api/java/util/Enumeration.html?is-external=true" title="class or interface in java.util">Enumeration</a> getJMSXPropertyNames()
                                 throws <a href="../../javax/jms/JMSException.html" title="class in javax.jms">JMSException</a></pre><div class="block">Gets an enumeration of the JMSX property names.       </div><dl> <dt> <span class="strong">Returns:</span>   </dt><dd>an Enumeration of JMSX property names     </dd> <dt> <span class="strong">Throws:</span>   </dt><dd> <code><a href="../../javax/jms/JMSException.html" title="class in javax.jms">JMSException</a></code> - if the JMS provider fails to retrieve the metadata due to some internal error.                </dd>  </dl></li></ul> <a end_ctx_id="method:getJMSXPropertyNames()"/>  </td></tr></table></td></tr></table></diff></diffreport>