<?xml version="1.0" encoding="UTF-8" standalone="yes"?><Document><name>javax\jms\ConnectionFactory.spec</name><Context><name>class:ConnectionFactory</name><mt>NONE</mt></Context><Context><name>method:createConnection()</name><mt>NONE</mt></Context><Context><name>method:createConnection(java.lang.String, java.lang.String)</name><mt>NONE</mt></Context><Context><name>method:createMessagingContext()</name><mt>ADDED</mt></Context><Context><name>method:createMessagingContext(int)</name><mt>ADDED</mt></Context><Context><name>method:createMessagingContext(java.lang.String, java.lang.String)</name><mt>ADDED</mt></Context><Context><name>method:createMessagingContext(java.lang.String, java.lang.String, int)</name><mt>ADDED</mt></Context><Stat><name>javax\jms\ConnectionFactory.spec</name><mt>CHANGED</mt><Group name="context"><Item name="ADDED" count="4"/><Item name="REMOVED" count="0"/><Item name="CHANGED" count="0"/><Item name="MODIFIED" count="4"/><Item name="TOTAL" count="7"/></Group><Group name="assertion"><Item name="ADDED" count="0"/><Item name="REMOVED" count="0"/><Item name="CHANGED" count="0"/><Item name="MODIFIED" count="0"/><Item name="TOTAL" count="0"/></Group></Stat></Document>