<?xml version="1.0" encoding="UTF-8"?><diffreport><diff><table border="0" cellpadding="1" cellspacing="0" width="100%"><tr><td><h3 class="ctxid">class:ConnectionFactory [NONE]</h3></td></tr><tr><td><table border="0" cellpadding="5" cellspacing="1" bgcolor="black" width="100%"><tr valign="top"><td bgcolor="#FFFFFF" colspan="1"><div class="description"> <a start_ctx_id="class:ConnectionFactory"/><ul class="blockList"><li class="blockList"><dl> <dt>All Known Subinterfaces:  </dt><dd> <a href="../../javax/jms/QueueConnectionFactory.html" title="interface in javax.jms">QueueConnectionFactory</a>, <a href="../../javax/jms/TopicConnectionFactory.html" title="interface in javax.jms">TopicConnectionFactory</a>, <a href="../../javax/jms/XAQueueConnectionFactory.html" title="interface in javax.jms">XAQueueConnectionFactory</a>, <a href="../../javax/jms/XATopicConnectionFactory.html" title="interface in javax.jms">XATopicConnectionFactory</a>    </dd> </dl> <hr/> <br/><pre>public interface <span class="strong">ConnectionFactory</span></pre><div class="block">A <code>ConnectionFactory</code> object encapsulates a set of connection configuration parameters that has been defined by an administrator. A client uses it to create a connection with a JMS provider.<p>A <code>ConnectionFactory</code> object is a JMS administered object and supports concurrent use.           </p><p>JMS administered objects are objects containing configuration information that are created by an administrator and later used by JMS clients. They make it practical to administer the JMS API in the enterprise.                               </p><p>Although the interfaces for administered objects do not explicitly depend on the Java Naming and Directory Interface (JNDI) API, the JMS API establishes the convention that JMS clients find administered objects by looking them up in a JNDI namespace.                                      </p><p>An administrator can place an administered object anywhere in a namespace. The JMS API does not define a naming policy.                   </p><p>It is expected that JMS providers will provide the tools an administrator needs to create and configure administered objects in a JNDI namespace. JMS provider implementations of administered objects should be both <code>javax.jndi.Referenceable</code> and <code>java.io.Serializable</code> so that they can be stored in all JNDI naming contexts. In addition, it is recommended that these implementations follow the JavaBeans<sup><font size="-2">TM</font></sup> design patterns.                                                          </p><p>This strategy provides several benefits:<ul><li>It hides provider-specific details from JMS clients.      </li><li>It abstracts administrative information into objects in the Java programming language ("Java objects") that are easily organized and administered from a common management console.                       </li><li>Since there will be JNDI providers for all popular naming services, this means that JMS providers can deliver one implementation of administered objects that will run everywhere.                          </li></ul>    </p><p>An administered object should not hold on to any remote resources. Its lookup should not use remote resources other than those used by the JNDI API itself.                          </p><p>Clients should think of administered objects as local Java objects. Looking them up should not have any hidden side effects or use surprising amounts of local resources.                          </p>                            </div><dl> <dt> <span class="strong">Version:</span>   </dt><dd>1.1 - February 1, 2002    </dd> <dt> <span class="strong">Author:</span>   </dt><dd>Mark Hapner, Rich Burridge, Kate Stout     </dd> <dt> <span class="strong">See Also: </span>   </dt><dd> <a href="../../javax/jms/Connection.html" title="interface in javax.jms"><code>Connection</code></a>, <a href="../../javax/jms/QueueConnectionFactory.html" title="interface in javax.jms"><code>QueueConnectionFactory</code></a>, <a href="../../javax/jms/TopicConnectionFactory.html" title="interface in javax.jms"><code>TopicConnectionFactory</code></a>   </dd>   </dl>  </li></ul> </div> <a end_ctx_id="class:ConnectionFactory"/> </td></tr></table></td></tr></table><table border="0" cellpadding="1" cellspacing="0" width="100%"><tr><td><h3 class="ctxid">method:createConnection() [NONE]</h3></td></tr><tr><td><table border="0" cellpadding="5" cellspacing="1" bgcolor="black" width="100%"><tr valign="top"><td bgcolor="#FFFFFF" colspan="1"> <a start_ctx_id="method:createConnection()"/><a name="createConnection()"/><ul class="blockList"><li class="blockList"><h4>createConnection</h4><pre><a href="../../javax/jms/Connection.html" title="interface in javax.jms">Connection</a> createConnection()
                            throws <a href="../../javax/jms/JMSException.html" title="class in javax.jms">JMSException</a></pre><div class="block">Creates a connection with the default user identity. The connection is created in stopped mode. No messages will be delivered until the <code>Connection.start</code> method is explicitly called.                          </div><dl> <dt> <span class="strong">Returns:</span>   </dt><dd>a newly created connection   </dd> <dt> <span class="strong">Throws:</span>   </dt><dd> <code><a href="../../javax/jms/JMSException.html" title="class in javax.jms">JMSException</a></code> - if the JMS provider fails to create the connection due to some internal error.                </dd><dd> <code><a href="../../javax/jms/JMSSecurityException.html" title="class in javax.jms">JMSSecurityException</a></code> - if client authentication fails due to an invalid user name or password.              </dd> <dt> <span class="strong">Since:</span>   </dt><dd>1.1</dd>   </dl></li></ul> <a end_ctx_id="method:createConnection()"/>  </td></tr></table></td></tr></table><table border="0" cellpadding="1" cellspacing="0" width="100%"><tr><td><h3 class="ctxid">method:createConnection(java.lang.String, java.lang.String) [NONE]</h3></td></tr><tr><td><table border="0" cellpadding="5" cellspacing="1" bgcolor="black" width="100%"><tr valign="top"><td bgcolor="#FFFFFF" colspan="1"> <a start_ctx_id="method:createConnection(java.lang.String, java.lang.String)"/><a name="createConnection(java.lang.String, java.lang.String)"/><ul class="blockList"><li class="blockList"><h4>createConnection</h4><pre><a href="../../javax/jms/Connection.html" title="interface in javax.jms">Connection</a> createConnection(<a href="http://download.oracle.com/javase/6/docs/api/java/lang/String.html?is-external=true" title="class or interface in java.lang">String</a> userName,
                          <a href="http://download.oracle.com/javase/6/docs/api/java/lang/String.html?is-external=true" title="class or interface in java.lang">String</a> password)
                            throws <a href="../../javax/jms/JMSException.html" title="class in javax.jms">JMSException</a></pre><div class="block">Creates a connection with the specified user identity. The connection is created in stopped mode. No messages will be delivered until the <code>Connection.start</code> method is explicitly called.                          </div><dl> <dt> <span class="strong">Parameters:</span>   </dt><dd> <code>userName</code> - the caller's user name      </dd><dd> <code>password</code> - the caller's password     </dd> <dt> <span class="strong">Returns:</span>   </dt><dd>a newly created connection   </dd> <dt> <span class="strong">Throws:</span>   </dt><dd> <code><a href="../../javax/jms/JMSException.html" title="class in javax.jms">JMSException</a></code> - if the JMS provider fails to create the connection due to some internal error.                </dd><dd> <code><a href="../../javax/jms/JMSSecurityException.html" title="class in javax.jms">JMSSecurityException</a></code> - if client authentication fails due to an invalid user name or password.              </dd> <dt> <span class="strong">Since:</span>   </dt><dd>1.1</dd>    </dl></li></ul> <a end_ctx_id="method:createConnection(java.lang.String, java.lang.String)"/>  </td></tr></table></td></tr></table><table border="0" cellpadding="1" cellspacing="0" width="100%"><tr><td><h3 class="ctxid">method:createMessagingContext() [ADDED]</h3></td></tr><tr><td><table border="0" cellpadding="5" cellspacing="1" bgcolor="black" width="100%"><tr valign="top"><td bgcolor="#FFFFFF" colspan="1"> <a start_ctx_id="method:createMessagingContext()"><span class="diff-html-added"/></a><a name="createMessagingContext()"/><ul class="blockList"><li class="blockList"><h4><span class="diff-html-added">createMessagingContext</span></h4><pre><a href="../../javax/jms/MessagingContext.html" title="interface in javax.jms"><span class="diff-html-added">MessagingContext</span></a><span class="diff-html-added"> createMessagingContext()</span></pre><div class="block"><span class="diff-html-added">Creates</span> <span class="diff-html-added">a</span> <span class="diff-html-added">MessagingContext</span> <span class="diff-html-added">with</span> <span class="diff-html-added">the</span> <span class="diff-html-added">default</span> <span class="diff-html-added">user</span> <span class="diff-html-added">identity</span> <span class="diff-html-added">and</span> <span class="diff-html-added">an</span> <span class="diff-html-added">unspecified</span> <span class="diff-html-added">sessionMode.</span> <span class="diff-html-added">Since</span> <span class="diff-html-added">no</span> <span class="diff-html-added">sessionMode</span> <span class="diff-html-added">is</span> <span class="diff-html-added">specified,</span> <span class="diff-html-added">this</span> <span class="diff-html-added">method</span> <span class="diff-html-added">should</span> <span class="diff-html-added">only</span> <span class="diff-html-added">be</span> <span class="diff-html-added">used</span> <span class="diff-html-added">in</span> <span class="diff-html-added">a</span> <span class="diff-html-added">Java</span> <span class="diff-html-added">EE</span> <span class="diff-html-added">application</span> <span class="diff-html-added">with</span> <span class="diff-html-added">a</span> <span class="diff-html-added">defined</span> <span class="diff-html-added">transactional</span> <span class="diff-html-added">context.</span> <span class="diff-html-added">A</span> <span class="diff-html-added">connection</span> <span class="diff-html-added">and</span> <span class="diff-html-added">session</span> <span class="diff-html-added">are</span> <span class="diff-html-added">created</span> <span class="diff-html-added">for</span> <span class="diff-html-added">use</span> <span class="diff-html-added">by</span> <span class="diff-html-added">the</span> <span class="diff-html-added">new</span> <span class="diff-html-added">MessagingContext.</span> <span class="diff-html-added">The</span> <span class="diff-html-added">connection</span> <span class="diff-html-added">is</span> <span class="diff-html-added">created</span> <span class="diff-html-added">in</span> <span class="diff-html-added">stopped</span> <span class="diff-html-added">mode</span> <span class="diff-html-added">but</span> <span class="diff-html-added">will</span> <span class="diff-html-added">be</span> <span class="diff-html-added">automatically</span> <span class="diff-html-added">started</span> <span class="diff-html-added">when</span> <span class="diff-html-added">a</span> <span class="diff-html-added">SyncMessageConsumer</span> <span class="diff-html-added">is</span> <span class="diff-html-added">created</span> <span class="diff-html-added">or</span> <span class="diff-html-added">a</span> <span class="diff-html-added">MessageListener</span> <span class="diff-html-added">registered.</span>                                                                 </div><dl> <dt> <span class="strong"><span class="diff-html-added">Returns:</span></span>   </dt><dd><span class="diff-html-added">a</span> <span class="diff-html-added">newly</span> <span class="diff-html-added">created</span> <span class="diff-html-added">MessagingContext</span>   </dd> <dt> <span class="strong"><span class="diff-html-added">Throws:</span></span>   </dt><dd> <code><a href="../../javax/jms/JMSRuntimeException.html" title="class in javax.jms"><span class="diff-html-added">JMSRuntimeException</span></a></code> <span class="diff-html-added">-</span> <span class="diff-html-added">if</span> <span class="diff-html-added">the</span> <span class="diff-html-added">JMS</span> <span class="diff-html-added">provider</span> <span class="diff-html-added">fails</span> <span class="diff-html-added">to</span> <span class="diff-html-added">create</span> <span class="diff-html-added">the</span> <span class="diff-html-added">MessagingContext</span> <span class="diff-html-added">due</span> <span class="diff-html-added">to</span> <span class="diff-html-added">some</span> <span class="diff-html-added">internal</span> <span class="diff-html-added">error.</span>                </dd><dd> <code><a href="../../javax/jms/JMSSecurityRuntimeException.html" title="class in javax.jms"><span class="diff-html-added">JMSSecurityRuntimeException</span></a></code> <span class="diff-html-added">-</span> <span class="diff-html-added">if</span> <span class="diff-html-added">client</span> <span class="diff-html-added">authentication</span> <span class="diff-html-added">fails</span> <span class="diff-html-added">due</span> <span class="diff-html-added">to</span> <span class="diff-html-added">an</span> <span class="diff-html-added">invalid</span> <span class="diff-html-added">user</span> <span class="diff-html-added">name</span> <span class="diff-html-added">or</span> <span class="diff-html-added">password.</span>              </dd> <dt> <span class="strong"><span class="diff-html-added">Since:</span></span>   </dt><dd><span class="diff-html-added">2.0</span></dd>   </dl></li></ul> <a end_ctx_id="method:createMessagingContext()"><span class="diff-html-added"/></a>  </td></tr></table></td></tr></table><table border="0" cellpadding="1" cellspacing="0" width="100%"><tr><td><h3 class="ctxid">method:createMessagingContext(java.lang.String, java.lang.String) [ADDED]</h3></td></tr><tr><td><table border="0" cellpadding="5" cellspacing="1" bgcolor="black" width="100%"><tr valign="top"><td bgcolor="#FFFFFF" colspan="1"> <a start_ctx_id="method:createMessagingContext(java.lang.String, java.lang.String)"><span class="diff-html-added"/></a><a name="createMessagingContext(java.lang.String, java.lang.String)"/><ul class="blockList"><li class="blockList"><h4><span class="diff-html-added">createMessagingContext</span></h4><pre><a href="../../javax/jms/MessagingContext.html" title="interface in javax.jms"><span class="diff-html-added">MessagingContext</span></a><span class="diff-html-added"> createMessagingContext(</span><a href="http://download.oracle.com/javase/6/docs/api/java/lang/String.html?is-external=true" title="class or interface in java.lang"><span class="diff-html-added">String</span></a><span class="diff-html-added"> userName,</span>
                                      <a href="http://download.oracle.com/javase/6/docs/api/java/lang/String.html?is-external=true" title="class or interface in java.lang"><span class="diff-html-added">String</span></a><span class="diff-html-added"> password)</span></pre><div class="block"><span class="diff-html-added">Creates</span> <span class="diff-html-added">a</span> <span class="diff-html-added">MessagingContext</span> <span class="diff-html-added">with</span> <span class="diff-html-added">the</span> <span class="diff-html-added">specified</span> <span class="diff-html-added">user</span> <span class="diff-html-added">identity</span> <span class="diff-html-added">and</span> <span class="diff-html-added">an</span> <span class="diff-html-added">unspecified</span> <span class="diff-html-added">sessionMode.</span> <span class="diff-html-added">Since</span> <span class="diff-html-added">no</span> <span class="diff-html-added">sessionMode</span> <span class="diff-html-added">is</span> <span class="diff-html-added">specified,</span> <span class="diff-html-added">this</span> <span class="diff-html-added">method</span> <span class="diff-html-added">should</span> <span class="diff-html-added">only</span> <span class="diff-html-added">be</span> <span class="diff-html-added">used</span> <span class="diff-html-added">in</span> <span class="diff-html-added">a</span> <span class="diff-html-added">Java</span> <span class="diff-html-added">EE</span> <span class="diff-html-added">application</span> <span class="diff-html-added">with</span> <span class="diff-html-added">a</span> <span class="diff-html-added">defined</span> <span class="diff-html-added">transactional</span> <span class="diff-html-added">context.</span> <span class="diff-html-added">A</span> <span class="diff-html-added">connection</span> <span class="diff-html-added">and</span> <span class="diff-html-added">session</span> <span class="diff-html-added">are</span> <span class="diff-html-added">created</span> <span class="diff-html-added">for</span> <span class="diff-html-added">use</span> <span class="diff-html-added">by</span> <span class="diff-html-added">the</span> <span class="diff-html-added">new</span> <span class="diff-html-added">MessagingContext.</span> <span class="diff-html-added">The</span> <span class="diff-html-added">connection</span> <span class="diff-html-added">is</span> <span class="diff-html-added">created</span> <span class="diff-html-added">in</span> <span class="diff-html-added">stopped</span> <span class="diff-html-added">mode</span> <span class="diff-html-added">but</span> <span class="diff-html-added">will</span> <span class="diff-html-added">be</span> <span class="diff-html-added">automatically</span> <span class="diff-html-added">started</span> <span class="diff-html-added">when</span> <span class="diff-html-added">a</span> <span class="diff-html-added">SyncMessageConsumer</span> <span class="diff-html-added">is</span> <span class="diff-html-added">created</span> <span class="diff-html-added">or</span> <span class="diff-html-added">a</span> <span class="diff-html-added">MessageListener</span> <span class="diff-html-added">registered.</span>                                                                 </div><dl> <dt> <span class="strong"><span class="diff-html-added">Parameters:</span></span>   </dt><dd> <code><span class="diff-html-added">userName</span></code> <span class="diff-html-added">-</span> <span class="diff-html-added">the</span> <span class="diff-html-added">caller's</span> <span class="diff-html-added">user</span> <span class="diff-html-added">name</span>      </dd><dd> <code><span class="diff-html-added">password</span></code> <span class="diff-html-added">-</span> <span class="diff-html-added">the</span> <span class="diff-html-added">caller's</span> <span class="diff-html-added">password</span>     </dd> <dt> <span class="strong"><span class="diff-html-added">Returns:</span></span>   </dt><dd><span class="diff-html-added">a</span> <span class="diff-html-added">newly</span> <span class="diff-html-added">created</span> <span class="diff-html-added">MessagingContext</span>   </dd> <dt> <span class="strong"><span class="diff-html-added">Throws:</span></span>   </dt><dd> <code><a href="../../javax/jms/JMSRuntimeException.html" title="class in javax.jms"><span class="diff-html-added">JMSRuntimeException</span></a></code> <span class="diff-html-added">-</span> <span class="diff-html-added">if</span> <span class="diff-html-added">the</span> <span class="diff-html-added">JMS</span> <span class="diff-html-added">provider</span> <span class="diff-html-added">fails</span> <span class="diff-html-added">to</span> <span class="diff-html-added">create</span> <span class="diff-html-added">the</span> <span class="diff-html-added">MessagingContext</span> <span class="diff-html-added">due</span> <span class="diff-html-added">to</span> <span class="diff-html-added">some</span> <span class="diff-html-added">internal</span> <span class="diff-html-added">error.</span>                </dd><dd> <code><a href="../../javax/jms/JMSSecurityRuntimeException.html" title="class in javax.jms"><span class="diff-html-added">JMSSecurityRuntimeException</span></a></code> <span class="diff-html-added">-</span> <span class="diff-html-added">if</span> <span class="diff-html-added">client</span> <span class="diff-html-added">authentication</span> <span class="diff-html-added">fails</span> <span class="diff-html-added">due</span> <span class="diff-html-added">to</span> <span class="diff-html-added">an</span> <span class="diff-html-added">invalid</span> <span class="diff-html-added">user</span> <span class="diff-html-added">name</span> <span class="diff-html-added">or</span> <span class="diff-html-added">password.</span>              </dd> <dt> <span class="strong"><span class="diff-html-added">Since:</span></span>   </dt><dd><span class="diff-html-added">2.0</span></dd>    </dl></li></ul> <a end_ctx_id="method:createMessagingContext(java.lang.String, java.lang.String)"><span class="diff-html-added"/></a>  </td></tr></table></td></tr></table><table border="0" cellpadding="1" cellspacing="0" width="100%"><tr><td><h3 class="ctxid">method:createMessagingContext(java.lang.String, java.lang.String, int) [ADDED]</h3></td></tr><tr><td><table border="0" cellpadding="5" cellspacing="1" bgcolor="black" width="100%"><tr valign="top"><td bgcolor="#FFFFFF" colspan="1"> <a start_ctx_id="method:createMessagingContext(java.lang.String, java.lang.String, int)"><span class="diff-html-added"/></a><a name="createMessagingContext(java.lang.String, java.lang.String, int)"/><ul class="blockList"><li class="blockList"><h4><span class="diff-html-added">createMessagingContext</span></h4><pre><a href="../../javax/jms/MessagingContext.html" title="interface in javax.jms"><span class="diff-html-added">MessagingContext</span></a><span class="diff-html-added"> createMessagingContext(</span><a href="http://download.oracle.com/javase/6/docs/api/java/lang/String.html?is-external=true" title="class or interface in java.lang"><span class="diff-html-added">String</span></a><span class="diff-html-added"> userName,</span>
                                      <a href="http://download.oracle.com/javase/6/docs/api/java/lang/String.html?is-external=true" title="class or interface in java.lang"><span class="diff-html-added">String</span></a><span class="diff-html-added"> password,</span>
                                      <span class="diff-html-added">int sessionMode)</span></pre><div class="block"><span class="diff-html-added">Creates</span> <span class="diff-html-added">a</span> <span class="diff-html-added">MessagingContext</span> <span class="diff-html-added">with</span> <span class="diff-html-added">the</span> <span class="diff-html-added">specified</span> <span class="diff-html-added">user</span> <span class="diff-html-added">identity</span> <span class="diff-html-added">and</span> <span class="diff-html-added">the</span> <span class="diff-html-added">specified</span> <span class="diff-html-added">session</span> <span class="diff-html-added">mode.</span> <span class="diff-html-added">A</span> <span class="diff-html-added">connection</span> <span class="diff-html-added">and</span> <span class="diff-html-added">session</span> <span class="diff-html-added">are</span> <span class="diff-html-added">created</span> <span class="diff-html-added">for</span> <span class="diff-html-added">use</span> <span class="diff-html-added">by</span> <span class="diff-html-added">the</span> <span class="diff-html-added">new</span> <span class="diff-html-added">MessagingContext.</span> <span class="diff-html-added">The</span> <span class="diff-html-added">MessagingContext</span> <span class="diff-html-added">is</span> <span class="diff-html-added">created</span> <span class="diff-html-added">in</span> <span class="diff-html-added">stopped</span> <span class="diff-html-added">mode</span> <span class="diff-html-added">but</span> <span class="diff-html-added">will</span> <span class="diff-html-added">be</span> <span class="diff-html-added">automatically</span> <span class="diff-html-added">started</span> <span class="diff-html-added">when</span> <span class="diff-html-added">a</span> <span class="diff-html-added">SyncMessageConsumer</span> <span class="diff-html-added">is</span> <span class="diff-html-added">created</span> <span class="diff-html-added">or</span> <span class="diff-html-added">a</span> <span class="diff-html-added">MessageListener</span> <span class="diff-html-added">registered.</span>                                             </div><dl> <dt> <span class="strong"><span class="diff-html-added">Parameters:</span></span>   </dt><dd> <code><span class="diff-html-added">userName</span></code> <span class="diff-html-added">-</span> <span class="diff-html-added">the</span> <span class="diff-html-added">caller's</span> <span class="diff-html-added">user</span> <span class="diff-html-added">name</span>      </dd><dd> <code><span class="diff-html-added">password</span></code> <span class="diff-html-added">-</span> <span class="diff-html-added">the</span> <span class="diff-html-added">caller's</span> <span class="diff-html-added">password</span>     </dd><dd> <code><span class="diff-html-added">sessionMode</span></code> <span class="diff-html-added">-</span> <span class="diff-html-added">indicates</span> <span class="diff-html-added">whether</span> <span class="diff-html-added">the</span> <span class="diff-html-added">MessagingContext</span> <span class="diff-html-added">is</span> <span class="diff-html-added">transacted</span> <span class="diff-html-added">or</span> <span class="diff-html-added">not,</span> <span class="diff-html-added">and</span> <span class="diff-html-added">if</span> <span class="diff-html-added">it</span> <span class="diff-html-added">is</span> <span class="diff-html-added">not,</span> <span class="diff-html-added">whether</span> <span class="diff-html-added">the</span> <span class="diff-html-added">consumer</span> <span class="diff-html-added">or</span> <span class="diff-html-added">the</span> <span class="diff-html-added">client</span> <span class="diff-html-added">will</span> <span class="diff-html-added">acknowledge</span> <span class="diff-html-added">any</span> <span class="diff-html-added">messages</span> <span class="diff-html-added">it</span> <span class="diff-html-added">receives.</span> <span class="diff-html-added">Legal</span> <span class="diff-html-added">values</span> <span class="diff-html-added">are</span> <code><span class="diff-html-added">MessagingContext.SESSION_TRANSACTED</span></code><span class="diff-html-added">,</span> <code><span class="diff-html-added">MessagingContext.AUTO_ACKNOWLEDGE</span></code><span class="diff-html-added">,</span> <code><span class="diff-html-added">MessagingContext.CLIENT_ACKNOWLEDGE</span></code><span class="diff-html-added">,</span> <span class="diff-html-added">and</span> <code><span class="diff-html-added">MessagingContext.DUPS_OK_ACKNOWLEDGE</span></code><span class="diff-html-added">.</span>                                   </dd> <dt> <span class="strong"><span class="diff-html-added">Returns:</span></span>   </dt><dd><span class="diff-html-added">a</span> <span class="diff-html-added">newly</span> <span class="diff-html-added">created</span> <span class="diff-html-added">MessagingContext</span>   </dd> <dt> <span class="strong"><span class="diff-html-added">Throws:</span></span>   </dt><dd> <code><a href="../../javax/jms/JMSRuntimeException.html" title="class in javax.jms"><span class="diff-html-added">JMSRuntimeException</span></a></code> <span class="diff-html-added">-</span> <span class="diff-html-added">if</span> <span class="diff-html-added">the</span> <span class="diff-html-added">JMS</span> <span class="diff-html-added">provider</span> <span class="diff-html-added">fails</span> <span class="diff-html-added">to</span> <span class="diff-html-added">create</span> <span class="diff-html-added">the</span> <span class="diff-html-added">MessagingContext</span> <span class="diff-html-added">due</span> <span class="diff-html-added">to</span> <span class="diff-html-added">some</span> <span class="diff-html-added">internal</span> <span class="diff-html-added">error.</span>                </dd><dd> <code><a href="../../javax/jms/JMSSecurityRuntimeException.html" title="class in javax.jms"><span class="diff-html-added">JMSSecurityRuntimeException</span></a></code> <span class="diff-html-added">-</span> <span class="diff-html-added">if</span> <span class="diff-html-added">client</span> <span class="diff-html-added">authentication</span> <span class="diff-html-added">fails</span> <span class="diff-html-added">due</span> <span class="diff-html-added">to</span> <span class="diff-html-added">an</span> <span class="diff-html-added">invalid</span> <span class="diff-html-added">user</span> <span class="diff-html-added">name</span> <span class="diff-html-added">or</span> <span class="diff-html-added">password.</span>              </dd> <dt> <span class="strong"><span class="diff-html-added">Since:</span></span>   </dt><dd><span class="diff-html-added">2.0</span></dd>    </dl></li></ul> <a end_ctx_id="method:createMessagingContext(java.lang.String, java.lang.String, int)"><span class="diff-html-added"/></a>  </td></tr></table></td></tr></table><table border="0" cellpadding="1" cellspacing="0" width="100%"><tr><td><h3 class="ctxid">method:createMessagingContext(int) [ADDED]</h3></td></tr><tr><td><table border="0" cellpadding="5" cellspacing="1" bgcolor="black" width="100%"><tr valign="top"><td bgcolor="#FFFFFF" colspan="1"> <a start_ctx_id="method:createMessagingContext(int)"><span class="diff-html-added"/></a><a name="createMessagingContext(int)"/><ul class="blockListLast"><li class="blockList"><h4><span class="diff-html-added">createMessagingContext</span></h4><pre><a href="../../javax/jms/MessagingContext.html" title="interface in javax.jms"><span class="diff-html-added">MessagingContext</span></a><span class="diff-html-added"> createMessagingContext(int sessionMode)</span></pre><div class="block"><span class="diff-html-added">Creates</span> <span class="diff-html-added">a</span> <span class="diff-html-added">MessagingContext</span> <span class="diff-html-added">with</span> <span class="diff-html-added">the</span> <span class="diff-html-added">default</span> <span class="diff-html-added">user</span> <span class="diff-html-added">identity</span> <span class="diff-html-added">and</span> <span class="diff-html-added">the</span> <span class="diff-html-added">specified</span> <span class="diff-html-added">session</span> <span class="diff-html-added">mode.</span> <span class="diff-html-added">A</span> <span class="diff-html-added">connection</span> <span class="diff-html-added">and</span> <span class="diff-html-added">session</span> <span class="diff-html-added">are</span> <span class="diff-html-added">created.</span> <span class="diff-html-added">A</span> <span class="diff-html-added">connection</span> <span class="diff-html-added">and</span> <span class="diff-html-added">session</span> <span class="diff-html-added">are</span> <span class="diff-html-added">created</span> <span class="diff-html-added">for</span> <span class="diff-html-added">use</span> <span class="diff-html-added">by</span> <span class="diff-html-added">the</span> <span class="diff-html-added">new</span> <span class="diff-html-added">MessagingContext.</span> <span class="diff-html-added">The</span> <span class="diff-html-added">MessagingContext</span> <span class="diff-html-added">is</span> <span class="diff-html-added">created</span> <span class="diff-html-added">in</span> <span class="diff-html-added">stopped</span> <span class="diff-html-added">mode</span> <span class="diff-html-added">but</span> <span class="diff-html-added">will</span> <span class="diff-html-added">be</span> <span class="diff-html-added">automatically</span> <span class="diff-html-added">started</span> <span class="diff-html-added">when</span> <span class="diff-html-added">a</span> <span class="diff-html-added">SyncMessageConsumer</span> <span class="diff-html-added">is</span> <span class="diff-html-added">created</span> <span class="diff-html-added">or</span> <span class="diff-html-added">a</span> <span class="diff-html-added">MessageListener</span> <span class="diff-html-added">registered.</span>                                                   </div><dl> <dt> <span class="strong"><span class="diff-html-added">Parameters:</span></span>   </dt><dd> <code><span class="diff-html-added">sessionMode</span></code> <span class="diff-html-added">-</span> <span class="diff-html-added">indicates</span> <span class="diff-html-added">whether</span> <span class="diff-html-added">the</span> <span class="diff-html-added">MessagingContext</span> <span class="diff-html-added">is</span> <span class="diff-html-added">transacted</span> <span class="diff-html-added">or</span> <span class="diff-html-added">not,</span> <span class="diff-html-added">and</span> <span class="diff-html-added">if</span> <span class="diff-html-added">it</span> <span class="diff-html-added">is</span> <span class="diff-html-added">not,</span> <span class="diff-html-added">whether</span> <span class="diff-html-added">the</span> <span class="diff-html-added">consumer</span> <span class="diff-html-added">or</span> <span class="diff-html-added">the</span> <span class="diff-html-added">client</span> <span class="diff-html-added">will</span> <span class="diff-html-added">acknowledge</span> <span class="diff-html-added">any</span> <span class="diff-html-added">messages</span> <span class="diff-html-added">it</span> <span class="diff-html-added">receives.</span> <span class="diff-html-added">Legal</span> <span class="diff-html-added">values</span> <span class="diff-html-added">are</span> <code><span class="diff-html-added">MessagingContext.SESSION_TRANSACTED</span></code><span class="diff-html-added">,</span> <code><span class="diff-html-added">MessagingContext.AUTO_ACKNOWLEDGE</span></code><span class="diff-html-added">,</span> <code><span class="diff-html-added">MessagingContext.CLIENT_ACKNOWLEDGE</span></code><span class="diff-html-added">,</span> <span class="diff-html-added">and</span> <code><span class="diff-html-added">MessagingContext.DUPS_OK_ACKNOWLEDGE</span></code><span class="diff-html-added">.</span>                                   </dd> <dt> <span class="strong"><span class="diff-html-added">Returns:</span></span>   </dt><dd><span class="diff-html-added">a</span> <span class="diff-html-added">newly</span> <span class="diff-html-added">created</span> <span class="diff-html-added">MessagingContext</span>   </dd> <dt> <span class="strong"><span class="diff-html-added">Throws:</span></span>   </dt><dd> <code><a href="../../javax/jms/JMSRuntimeException.html" title="class in javax.jms"><span class="diff-html-added">JMSRuntimeException</span></a></code> <span class="diff-html-added">-</span> <span class="diff-html-added">if</span> <span class="diff-html-added">the</span> <span class="diff-html-added">JMS</span> <span class="diff-html-added">provider</span> <span class="diff-html-added">fails</span> <span class="diff-html-added">to</span> <span class="diff-html-added">create</span> <span class="diff-html-added">the</span> <span class="diff-html-added">MessagingContext</span> <span class="diff-html-added">due</span> <span class="diff-html-added">to</span> <span class="diff-html-added">some</span> <span class="diff-html-added">internal</span> <span class="diff-html-added">error.</span>                </dd><dd> <code><a href="../../javax/jms/JMSSecurityRuntimeException.html" title="class in javax.jms"><span class="diff-html-added">JMSSecurityRuntimeException</span></a></code> <span class="diff-html-added">-</span> <span class="diff-html-added">if</span> <span class="diff-html-added">client</span> <span class="diff-html-added">authentication</span> <span class="diff-html-added">fails</span> <span class="diff-html-added">due</span> <span class="diff-html-added">to</span> <span class="diff-html-added">an</span> <span class="diff-html-added">invalid</span> <span class="diff-html-added">user</span> <span class="diff-html-added">name</span> <span class="diff-html-added">or</span> <span class="diff-html-added">password.</span>              </dd> <dt> <span class="strong"><span class="diff-html-added">Since:</span></span>   </dt><dd><span class="diff-html-added">2.0</span></dd>    </dl></li></ul> <a end_ctx_id="method:createMessagingContext(int)"><span class="diff-html-added"/></a>  </td></tr></table></td></tr></table></diff></diffreport>