<?xml version="1.0" encoding="UTF-8"?><diffreport><diff><table border="0" cellpadding="1" cellspacing="0" width="100%"><tr><td><h3 class="ctxid">class:ConnectionConsumer [NONE]</h3></td></tr><tr><td><table border="0" cellpadding="5" cellspacing="1" bgcolor="black" width="100%"><tr valign="top"><td bgcolor="#FFFFFF" colspan="1"><div class="description"> <a start_ctx_id="class:ConnectionConsumer"/><ul class="blockList"><li class="blockList"> <hr/> <br/><pre>public interface <span class="strong">ConnectionConsumer</span></pre><div class="block">For application servers, <code>Connection</code> objects provide a special facility for creating a <code>ConnectionConsumer</code> (optional). The messages it is to consume are specified by a <code>Destination</code> and a message selector. In addition, a <code>ConnectionConsumer</code> must be given a <code>ServerSessionPool</code> to use for processing its messages.<p>Normally, when traffic is light, a <code>ConnectionConsumer</code> gets a <code>ServerSession</code> from its pool, loads it with a single message, and starts it. As traffic picks up, messages can back up. If this happens, a <code>ConnectionConsumer</code> can load each <code>ServerSession</code> with more than one message. This reduces the thread context switches and minimizes resource use at the expense of some serialization of message processing.                                                              </p>                                           </div><dl> <dt> <span class="strong">Version:</span>   </dt><dd>1.1 February 8, 2002   </dd> <dt> <span class="strong">Author:</span>   </dt><dd>Mark Hapner, Rich Burridge   </dd> <dt> <span class="strong">See Also: </span>   </dt><dd> <a href="../../javax/jms/Connection.html#createConnectionConsumer(javax.jms.Destination, java.lang.String, javax.jms.ServerSessionPool, int)"><code>Connection.createConnectionConsumer(javax.jms.Destination, java.lang.String, javax.jms.ServerSessionPool, int)   </code></a>, <a href="../../javax/jms/Connection.html#createDurableConnectionConsumer(javax.jms.Topic, java.lang.String, java.lang.String, javax.jms.ServerSessionPool, int)"><code>Connection.createDurableConnectionConsumer(javax.jms.Topic, java.lang.String, java.lang.String, javax.jms.ServerSessionPool, int)    </code></a>, <a href="../../javax/jms/QueueConnection.html#createConnectionConsumer(javax.jms.Queue, java.lang.String, javax.jms.ServerSessionPool, int)"><code>QueueConnection.createConnectionConsumer(javax.jms.Queue, java.lang.String, javax.jms.ServerSessionPool, int)   </code></a>, <a href="../../javax/jms/TopicConnection.html#createConnectionConsumer(javax.jms.Topic, java.lang.String, javax.jms.ServerSessionPool, int)"><code>TopicConnection.createConnectionConsumer(javax.jms.Topic, java.lang.String, javax.jms.ServerSessionPool, int)   </code></a>, <a href="../../javax/jms/TopicConnection.html#createDurableConnectionConsumer(javax.jms.Topic, java.lang.String, java.lang.String, javax.jms.ServerSessionPool, int)"><code>TopicConnection.createDurableConnectionConsumer(javax.jms.Topic, java.lang.String, java.lang.String, javax.jms.ServerSessionPool, int)    </code></a>     </dd>   </dl>  </li></ul> </div> <a end_ctx_id="class:ConnectionConsumer"/> </td></tr></table></td></tr></table><table border="0" cellpadding="1" cellspacing="0" width="100%"><tr><td><h3 class="ctxid">method:getServerSessionPool() [NONE]</h3></td></tr><tr><td><table border="0" cellpadding="5" cellspacing="1" bgcolor="black" width="100%"><tr valign="top"><td bgcolor="#FFFFFF" colspan="1"> <a start_ctx_id="method:getServerSessionPool()"/><a name="getServerSessionPool()"/><ul class="blockList"><li class="blockList"><h4>getServerSessionPool</h4><pre><a href="../../javax/jms/ServerSessionPool.html" title="interface in javax.jms">ServerSessionPool</a> getServerSessionPool()
                                       throws <a href="../../javax/jms/JMSException.html" title="class in javax.jms">JMSException</a></pre><div class="block">Gets the server session pool associated with this connection consumer.         </div><dl> <dt> <span class="strong">Returns:</span>   </dt><dd>the server session pool used by this connection consumer        </dd> <dt> <span class="strong">Throws:</span>   </dt><dd> <code><a href="../../javax/jms/JMSException.html" title="class in javax.jms">JMSException</a></code> - if the JMS provider fails to get the server session pool associated with this consumer due to some internal error.                      </dd>  </dl></li></ul> <a end_ctx_id="method:getServerSessionPool()"/>  </td></tr></table></td></tr></table><table border="0" cellpadding="1" cellspacing="0" width="100%"><tr><td><h3 class="ctxid">method:close() [NONE]</h3></td></tr><tr><td><table border="0" cellpadding="5" cellspacing="1" bgcolor="black" width="100%"><tr valign="top"><td bgcolor="#FFFFFF" colspan="1"> <a start_ctx_id="method:close()"/><a name="close()"/><ul class="blockListLast"><li class="blockList"><h4>close</h4><pre>void close()
           throws <a href="../../javax/jms/JMSException.html" title="class in javax.jms">JMSException</a></pre><div class="block">Closes the connection consumer.<p>Since a provider may allocate some resources on behalf of a connection consumer outside the Java virtual machine, clients should close these resources when they are not needed. Relying on garbage collection to eventually reclaim these resources may not be timely enough.                                         </p>   </div><dl> <dt> <span class="strong">Throws:</span>   </dt><dd> <code><a href="../../javax/jms/JMSException.html" title="class in javax.jms">JMSException</a></code> - if the JMS provider fails to release resources on behalf of the connection consumer or fails to close the connection consumer.                       </dd> </dl></li></ul> <a end_ctx_id="method:close()"/>  </td></tr></table></td></tr></table></diff></diffreport>