<?xml version="1.0" encoding="UTF-8" standalone="yes"?><Document><name>javax\jms\Connection.spec</name><Context><name>class:Connection</name><mt>NONE</mt></Context><Context><name>method:close()</name><mt>NONE</mt></Context><Context><name>method:createConnectionConsumer(javax.jms.Destination, java.lang.String, javax.jms.ServerSessionPool, int)</name><mt>NONE</mt></Context><Context><name>method:createDurableConnectionConsumer(javax.jms.Topic, java.lang.String, java.lang.String, javax.jms.ServerSessionPool, int)</name><mt>NONE</mt></Context><Context><name>method:createMessagingContext(int)</name><mt>ADDED</mt></Context><Context><name>method:createSession(boolean, int)</name><mt>NONE</mt></Context><Context><name>method:getClientID()</name><mt>NONE</mt></Context><Context><name>method:getExceptionListener()</name><mt>NONE</mt></Context><Context><name>method:getMetaData()</name><mt>NONE</mt></Context><Context><name>method:setClientID(java.lang.String)</name><mt>NONE</mt></Context><Context><name>method:setExceptionListener(javax.jms.ExceptionListener)</name><mt>NONE</mt></Context><Context><name>method:start()</name><mt>NONE</mt></Context><Context><name>method:stop()</name><mt>NONE</mt></Context><Stat><name>javax\jms\Connection.spec</name><mt>CHANGED</mt><Group name="context"><Item name="ADDED" count="1"/><Item name="REMOVED" count="0"/><Item name="CHANGED" count="0"/><Item name="MODIFIED" count="1"/><Item name="TOTAL" count="13"/></Group><Group name="assertion"><Item name="ADDED" count="0"/><Item name="REMOVED" count="0"/><Item name="CHANGED" count="0"/><Item name="MODIFIED" count="0"/><Item name="TOTAL" count="0"/></Group></Stat></Document>