<?xml version="1.0" encoding="UTF-8"?><diffreport><diff><table border="0" cellpadding="1" cellspacing="0" width="100%"><tr><td><h3 class="ctxid">class:Destination [NONE]</h3></td></tr><tr><td><table border="0" cellpadding="5" cellspacing="1" bgcolor="black" width="100%"><tr valign="top"><td bgcolor="#FFFFFF" colspan="1"><div class="contentContainer"><div class="description"> <a start_ctx_id="class:Destination"/><ul class="blockList"><li class="blockList"><dl> <dt>All Known Subinterfaces:  </dt><dd> <a href="../../javax/jms/Queue.html" title="interface in javax.jms">Queue</a>, <a href="../../javax/jms/TemporaryQueue.html" title="interface in javax.jms">TemporaryQueue</a>, <a href="../../javax/jms/TemporaryTopic.html" title="interface in javax.jms">TemporaryTopic</a>, <a href="../../javax/jms/Topic.html" title="interface in javax.jms">Topic</a>    </dd> </dl> <hr/> <br/><pre>public interface <span class="strong">Destination</span></pre><div class="block">A <code>Destination</code> object encapsulates a provider-specific address. The JMS API does not define a standard address syntax. Although a standard address syntax was considered, it was decided that the differences in address semantics between existing message-oriented middleware (MOM) products were too wide to bridge with a single syntax.<p>Since <code>Destination</code> is an administered object, it may contain provider-specific configuration information in addition to its address.                </p><p>The JMS API also supports a client's use of provider-specific address names.           </p><p> <code>Destination</code> objects support concurrent use.     </p><p>A <code>Destination</code> object is a JMS administered object.       </p><p>JMS administered objects are objects containing configuration information that are created by an administrator and later used by JMS clients. They make it practical to administer the JMS API in the enterprise.                               </p><p>Although the interfaces for administered objects do not explicitly depend on the Java Naming and Directory Interface (JNDI) API, the JMS API establishes the convention that JMS clients find administered objects by looking them up in a JNDI namespace.                                      </p><p>An administrator can place an administered object anywhere in a namespace. The JMS API does not define a naming policy.                   </p><p>It is expected that JMS providers will provide the tools an administrator needs to create and configure administered objects in a JNDI namespace. JMS provider implementations of administered objects should implement the <code>javax.naming.Referenceable</code> and <code>java.io.Serializable</code> interfaces so that they can be stored in all JNDI naming contexts. In addition, it is recommended that these implementations follow the JavaBeans<sup><font size="-2">TM</font></sup> design patterns.                                                           </p><p>This strategy provides several benefits:<ul><li>It hides provider-specific details from JMS clients.      </li><li>It abstracts JMS administrative information into objects in the Java programming language ("Java objects") that are easily organized and administered from a common management console.                        </li><li>Since there will be JNDI providers for all popular naming services, JMS providers can deliver one implementation of administered objects that will run everywhere.                       </li></ul>    </p><p>An administered object should not hold on to any remote resources. Its lookup should not use remote resources other than those used by the JNDI API itself.                          </p><p>Clients should think of administered objects as local Java objects. Looking them up should not have any hidden side effects or use surprising amounts of local resources.                          </p>                                               </div><dl> <dt> <span class="strong">Version:</span>   </dt><dd>1.0 - 3 August 1998    </dd> <dt> <span class="strong">Author:</span>   </dt><dd>Mark Hapner, Rich Burridge   </dd> <dt> <span class="strong">See Also: </span>   </dt><dd> <a href="../../javax/jms/Queue.html" title="interface in javax.jms"><code>Queue</code></a>, <a href="../../javax/jms/Topic.html" title="interface in javax.jms"><code>Topic</code></a>  </dd>   </dl>  </li></ul> </div></div> <a end_ctx_id="class:Destination"/> </td></tr></table></td></tr></table></diff></diffreport>