<?xml version="1.0" encoding="UTF-8"?><diffreport><diff><table border="0" cellpadding="1" cellspacing="0" width="100%"><tr><td><h3 class="ctxid">class:ExceptionListener [NONE]</h3></td></tr><tr><td><table border="0" cellpadding="5" cellspacing="1" bgcolor="black" width="100%"><tr valign="top"><td bgcolor="#FFFFFF" colspan="1"><div class="description"> <a start_ctx_id="class:ExceptionListener"/><ul class="blockList"><li class="blockList"> <hr/> <br/><pre>public interface <span class="strong">ExceptionListener</span></pre><div class="block">If a JMS provider detects a serious problem with a <code>Connection</code> object, it informs the <code>Connection</code> object's <code>ExceptionListener</code>, if one has been registered. It does this by calling the listener's <code>onException</code> method, passing it a <code>JMSException</code> argument describing the problem.<p>An exception listener allows a client to be notified of a problem asynchronously. Some connections only consume messages, so they would have no other way to learn that their connection has failed.                               </p><p>A JMS provider should attempt to resolve connection problems itself before it notifies the client of them.                </p>                                       </div><dl> <dt> <span class="strong">Version:</span>   </dt><dd>1.0 - 9 March 1998    </dd> <dt> <span class="strong">Author:</span>   </dt><dd>Mark Hapner, Rich Burridge   </dd> <dt> <span class="strong">See Also: </span>   </dt><dd> <a href="../../javax/jms/Connection.html#setExceptionListener(javax.jms.ExceptionListener)"><code>Connection.setExceptionListener(ExceptionListener)</code></a> </dd>   </dl>  </li></ul> </div> <a end_ctx_id="class:ExceptionListener"/> </td></tr></table></td></tr></table><table border="0" cellpadding="1" cellspacing="0" width="100%"><tr><td><h3 class="ctxid">method:onException(javax.jms.JMSException) [NONE]</h3></td></tr><tr><td><table border="0" cellpadding="5" cellspacing="1" bgcolor="black" width="100%"><tr valign="top"><td bgcolor="#FFFFFF" colspan="1"> <a start_ctx_id="method:onException(javax.jms.JMSException)"/><a name="onException(javax.jms.JMSException)"/><ul class="blockListLast"><li class="blockList"><h4>onException</h4><pre>void onException(<a href="../../javax/jms/JMSException.html" title="class in javax.jms">JMSException</a> exception)</pre><div class="block">Notifies user of a JMS exception.     </div><dl> <dt> <span class="strong">Parameters:</span>   </dt><dd> <code>exception</code> - the JMS exception     </dd> </dl></li></ul> <a end_ctx_id="method:onException(javax.jms.JMSException)"/>  </td></tr></table></td></tr></table></diff></diffreport>