<?xml version="1.0" encoding="UTF-8"?><diffreport><diff><div class="header"><div class="subTitle">javax.jms</div><h2 title="Class IllegalStateRuntimeException" class="title">Class IllegalStateRuntimeException </h2></div><div class="contentContainer"><ul class="inheritance"><li> <a href="http://download.oracle.com/javase/6/docs/api/java/lang/Object.html?is-external=true" title="class or interface in java.lang">java.lang.Object</a> </li><li><ul class="inheritance"><li> <a href="http://download.oracle.com/javase/6/docs/api/java/lang/Throwable.html?is-external=true" title="class or interface in java.lang">java.lang.Throwable</a> </li><li><ul class="inheritance"><li> <a href="http://download.oracle.com/javase/6/docs/api/java/lang/Exception.html?is-external=true" title="class or interface in java.lang">java.lang.Exception</a> </li><li><ul class="inheritance"><li> <a href="http://download.oracle.com/javase/6/docs/api/java/lang/RuntimeException.html?is-external=true" title="class or interface in java.lang">java.lang.RuntimeException</a> </li><li><ul class="inheritance"><li> <a href="../../javax/jms/JMSRuntimeException.html" title="class in javax.jms">javax.jms.JMSRuntimeException</a> </li><li><ul class="inheritance"><li>javax.jms.IllegalStateRuntimeException</li></ul></li></ul></li></ul></li></ul></li></ul></li></ul><div class="description"> <a start_ctx_id="class:IllegalStateRuntimeException"/><ul class="blockList"><li class="blockList"><dl> <dt>All Implemented Interfaces:  </dt><dd> <a href="http://download.oracle.com/javase/6/docs/api/java/io/Serializable.html?is-external=true" title="class or interface in java.io">Serializable</a> </dd> </dl> <hr/> <br/><pre>public class <span class="strong">IllegalStateRuntimeException</span>
extends <a href="../../javax/jms/JMSRuntimeException.html" title="class in javax.jms">JMSRuntimeException</a></pre><div class="block"><p> This unchecked exception is thrown when a method is invoked at an illegal or inappropriate time or if the provider is not in an appropriate state for the requested operation. For example, this exception must be thrown if <code>Session.commit</code> is called on a non-transacted session. This exception is also called when a domain inappropriate method is called, such as calling <code>TopicSession.CreateQueueBrowser</code>.                                                             </p></div><dl> <dt> <span class="strong">Version:</span>   </dt><dd>2.0</dd> <dt> <span class="strong">See Also: </span>   </dt><dd> <a href="../../serialized-form.html#javax.jms.IllegalStateRuntimeException">Serialized Form </a> </dd>  </dl>  </li></ul> </div><div class="summary"> <a end_ctx_id="class:IllegalStateRuntimeException"/><ul class="blockList"><li class="blockList"><ul class="blockList"><li class="blockList"> <a name="constructor_summary"/><h3>Constructor Summary </h3><table class="overviewSummary" border="0" cellpadding="3" cellspacing="0" summary="Constructor Summary table, listing constructors, and an explanation"> <caption> <span>Constructors</span><span class="tabEnd"> </span>   </caption><tbody><tr><th class="colOne" scope="col">Constructor and Description  </th></tr><tr class="altColor"><td class="colOne"><code><strong><a href="../../javax/jms/IllegalStateRuntimeException.html#IllegalStateRuntimeException(javax.jms.IllegalStateException)">IllegalStateRuntimeException</a></strong>(<a href="../../javax/jms/IllegalStateException.html" title="class in javax.jms">IllegalStateException</a> exception)</code> </td></tr><tr class="rowColor"><td class="colOne"><code><strong><a href="../../javax/jms/IllegalStateRuntimeException.html#IllegalStateRuntimeException(java.lang.String)">IllegalStateRuntimeException</a></strong>(<a href="http://download.oracle.com/javase/6/docs/api/java/lang/String.html?is-external=true" title="class or interface in java.lang">String</a> reason)</code><div class="block">Constructs an <code>IllegalStateException</code> with the specified reason.      </div></td></tr><tr class="altColor"><td class="colOne"><code><strong><a href="../../javax/jms/IllegalStateRuntimeException.html#IllegalStateRuntimeException(java.lang.String, java.lang.String)">IllegalStateRuntimeException</a></strong>(<a href="http://download.oracle.com/javase/6/docs/api/java/lang/String.html?is-external=true" title="class or interface in java.lang">String</a> reason, <a href="http://download.oracle.com/javase/6/docs/api/java/lang/String.html?is-external=true" title="class or interface in java.lang">String</a> errorCode) </code><div class="block">Constructs an <code>IllegalStateException</code> with the specified reason and error code.         </div></td></tr></tbody> </table> </li></ul><ul class="blockList"><li class="blockList"> <a name="method_summary"/><h3>Method Summary </h3><ul class="blockList"><li class="blockList"> <a name="methods_inherited_from_class_javax.jms.JMSRuntimeException"/><h3>Methods inherited from class javax.jms.<a href="../../javax/jms/JMSRuntimeException.html" title="class in javax.jms">JMSRuntimeException</a>   </h3> <code><a href="../../javax/jms/JMSRuntimeException.html#getErrorCode()">getErrorCode</a>, <a href="../../javax/jms/JMSRuntimeException.html#getLinkedException()">getLinkedException</a>, <a href="../../javax/jms/JMSRuntimeException.html#setLinkedException(java.lang.Exception)">setLinkedException</a>  </code>  </li></ul><ul class="blockList"><li class="blockList"> <a name="methods_inherited_from_class_java.lang.Throwable"/><h3>Methods inherited from class java.lang.<a href="http://download.oracle.com/javase/6/docs/api/java/lang/Throwable.html?is-external=true" title="class or interface in java.lang">Throwable</a>   </h3> <code><a href="http://download.oracle.com/javase/6/docs/api/java/lang/Throwable.html?is-external=true#addSuppressed(java.lang.Throwable)" title="class or interface in java.lang">addSuppressed</a>, <a href="http://download.oracle.com/javase/6/docs/api/java/lang/Throwable.html?is-external=true#fillInStackTrace()" title="class or interface in java.lang">fillInStackTrace</a>, <a href="http://download.oracle.com/javase/6/docs/api/java/lang/Throwable.html?is-external=true#getCause()" title="class or interface in java.lang">getCause</a>, <a href="http://download.oracle.com/javase/6/docs/api/java/lang/Throwable.html?is-external=true#getLocalizedMessage()" title="class or interface in java.lang">getLocalizedMessage</a>, <a href="http://download.oracle.com/javase/6/docs/api/java/lang/Throwable.html?is-external=true#getMessage()" title="class or interface in java.lang">getMessage</a>, <a href="http://download.oracle.com/javase/6/docs/api/java/lang/Throwable.html?is-external=true#getStackTrace()" title="class or interface in java.lang">getStackTrace</a>, <a href="http://download.oracle.com/javase/6/docs/api/java/lang/Throwable.html?is-external=true#getSuppressed()" title="class or interface in java.lang">getSuppressed</a>, <a href="http://download.oracle.com/javase/6/docs/api/java/lang/Throwable.html?is-external=true#initCause(java.lang.Throwable)" title="class or interface in java.lang">initCause</a>, <a href="http://download.oracle.com/javase/6/docs/api/java/lang/Throwable.html?is-external=true#printStackTrace()" title="class or interface in java.lang">printStackTrace</a>, <a href="http://download.oracle.com/javase/6/docs/api/java/lang/Throwable.html?is-external=true#printStackTrace(java.io.PrintStream)" title="class or interface in java.lang">printStackTrace</a>, <a href="http://download.oracle.com/javase/6/docs/api/java/lang/Throwable.html?is-external=true#printStackTrace(java.io.PrintWriter)" title="class or interface in java.lang">printStackTrace</a>, <a href="http://download.oracle.com/javase/6/docs/api/java/lang/Throwable.html?is-external=true#setStackTrace(java.lang.StackTraceElement[])" title="class or interface in java.lang">setStackTrace</a>, <a href="http://download.oracle.com/javase/6/docs/api/java/lang/Throwable.html?is-external=true#toString()" title="class or interface in java.lang">toString</a>            </code>  </li></ul><ul class="blockList"><li class="blockList"> <a name="methods_inherited_from_class_java.lang.Object"/><h3>Methods inherited from class java.lang.<a href="http://download.oracle.com/javase/6/docs/api/java/lang/Object.html?is-external=true" title="class or interface in java.lang">Object</a>   </h3> <code><a href="http://download.oracle.com/javase/6/docs/api/java/lang/Object.html?is-external=true#clone()" title="class or interface in java.lang">clone</a>, <a href="http://download.oracle.com/javase/6/docs/api/java/lang/Object.html?is-external=true#equals(java.lang.Object)" title="class or interface in java.lang">equals</a>, <a href="http://download.oracle.com/javase/6/docs/api/java/lang/Object.html?is-external=true#finalize()" title="class or interface in java.lang">finalize</a>, <a href="http://download.oracle.com/javase/6/docs/api/java/lang/Object.html?is-external=true#getClass()" title="class or interface in java.lang">getClass</a>, <a href="http://download.oracle.com/javase/6/docs/api/java/lang/Object.html?is-external=true#hashCode()" title="class or interface in java.lang">hashCode</a>, <a href="http://download.oracle.com/javase/6/docs/api/java/lang/Object.html?is-external=true#notify()" title="class or interface in java.lang">notify</a>, <a href="http://download.oracle.com/javase/6/docs/api/java/lang/Object.html?is-external=true#notifyAll()" title="class or interface in java.lang">notifyAll</a>, <a href="http://download.oracle.com/javase/6/docs/api/java/lang/Object.html?is-external=true#wait()" title="class or interface in java.lang">wait</a>, <a href="http://download.oracle.com/javase/6/docs/api/java/lang/Object.html?is-external=true#wait(long)" title="class or interface in java.lang">wait</a>, <a href="http://download.oracle.com/javase/6/docs/api/java/lang/Object.html?is-external=true#wait(long, int)" title="class or interface in java.lang">wait</a>         </code>  </li></ul> </li></ul></li></ul> </div><div class="details"><ul class="blockList"><li class="blockList"><ul class="blockList"><li class="blockList"> <a name="constructor_detail"/><h3>Constructor Detail </h3> <a start_ctx_id="constructor:IllegalStateRuntimeException(java.lang.String, java.lang.String)"/><a name="IllegalStateRuntimeException(java.lang.String, java.lang.String)"/><ul class="blockList"><li class="blockList"><h4>IllegalStateRuntimeException</h4><pre>public IllegalStateRuntimeException(<a href="http://download.oracle.com/javase/6/docs/api/java/lang/String.html?is-external=true" title="class or interface in java.lang">String</a> reason,
                            <a href="http://download.oracle.com/javase/6/docs/api/java/lang/String.html?is-external=true" title="class or interface in java.lang">String</a> errorCode)</pre><div class="block">Constructs an <code>IllegalStateException</code> with the specified reason and error code.         </div><dl> <dt> <span class="strong">Parameters:</span>   </dt><dd> <code>reason</code> - a description of the exception       </dd><dd> <code>errorCode</code> - a string specifying the vendor-specific error code         </dd> </dl></li></ul> <a end_ctx_id="constructor:IllegalStateRuntimeException(java.lang.String, java.lang.String)"/> <hr/> <a start_ctx_id="constructor:IllegalStateRuntimeException(java.lang.String)"/><a name="IllegalStateRuntimeException(java.lang.String)"/><ul class="blockList"><li class="blockList"><h4>IllegalStateRuntimeException</h4><pre>public IllegalStateRuntimeException(<a href="http://download.oracle.com/javase/6/docs/api/java/lang/String.html?is-external=true" title="class or interface in java.lang">String</a> reason)</pre><div class="block">Constructs an <code>IllegalStateException</code> with the specified reason. The error code defaults to null.            </div><dl> <dt> <span class="strong">Parameters:</span>   </dt><dd> <code>reason</code> - a description of the exception       </dd> </dl></li></ul> <a end_ctx_id="constructor:IllegalStateRuntimeException(java.lang.String)"/> <hr/> <a start_ctx_id="constructor:IllegalStateRuntimeException(javax.jms.IllegalStateException)"/><a name="IllegalStateRuntimeException(javax.jms.IllegalStateException)"/><ul class="blockListLast"><li class="blockList"><h4>IllegalStateRuntimeException</h4><pre>public IllegalStateRuntimeException(<a href="../../javax/jms/IllegalStateException.html" title="class in javax.jms">IllegalStateException</a> exception)</pre></li></ul>        </li></ul></li></ul></div></div> <a end_ctx_id="constructor:IllegalStateRuntimeException(javax.jms.IllegalStateException)"/> <hr/><p class="legalCopy"> <small>Copyright 2011 Oracle America Inc. All rights reserved. Use is subject to <a href="http://java.net/downloads/jms-spec/Licences/working-draft-eval-spec-license.pdf">licence terms </a> <br/>JMS 2.0 working draft - 8 Dec 2011                    </small> </p>  </diff></diffreport>