<?xml version="1.0" encoding="UTF-8" standalone="yes"?><Document><name>javax\jms\InvalidClientIDRuntimeException.spec</name><Context><name>class:InvalidClientIDRuntimeException</name><mt>ADDED</mt></Context><Context><name>constructor:InvalidClientIDRuntimeException(java.lang.String)</name><mt>ADDED</mt></Context><Context><name>constructor:InvalidClientIDRuntimeException(java.lang.String, java.lang.String)</name><mt>ADDED</mt></Context><Context><name>constructor:InvalidClientIDRuntimeException(javax.jms.InvalidClientIDException)</name><mt>ADDED</mt></Context><Stat><name>javax\jms\InvalidClientIDRuntimeException.spec</name><mt>ADDED</mt><Group name="context"><Item name="ADDED" count="4"/><Item name="REMOVED" count="0"/><Item name="CHANGED" count="0"/><Item name="MODIFIED" count="4"/><Item name="TOTAL" count="4"/></Group><Group name="assertion"><Item name="ADDED" count="0"/><Item name="REMOVED" count="0"/><Item name="CHANGED" count="0"/><Item name="MODIFIED" count="0"/><Item name="TOTAL" count="0"/></Group></Stat></Document>