<?xml version="1.0" encoding="UTF-8"?><diffreport><diff><table border="0" cellpadding="1" cellspacing="0" width="100%"><tr><td><h3 class="ctxid">class:JMSException [CHANGED]</h3></td></tr><tr><td><table border="0" cellpadding="5" cellspacing="1" bgcolor="black" width="100%"><tr valign="top"><td bgcolor="#EEEEEE" colspan="2"><div class="description"> <a start_ctx_id="class:JMSException"/><ul class="blockList"><li class="blockList"><dl> <dt>All Implemented Interfaces:  </dt><dd> <a href="http://download.oracle.com/javase/6/docs/api/java/io/Serializable.html?is-external=true" title="class or interface in java.io">Serializable</a> </dd> </dl><dl> <dt>Direct Known Subclasses:  </dt><dd> <a href="../../javax/jms/IllegalStateException.html" title="class in javax.jms">IllegalStateException</a>, <a href="../../javax/jms/InvalidClientIDException.html" title="class in javax.jms">InvalidClientIDException</a>, <a href="../../javax/jms/InvalidDestinationException.html" title="class in javax.jms">InvalidDestinationException</a>, <a href="../../javax/jms/InvalidSelectorException.html" title="class in javax.jms">InvalidSelectorException</a>, <a href="../../javax/jms/JMSSecurityException.html" title="class in javax.jms">JMSSecurityException</a>, <a href="../../javax/jms/MessageEOFException.html" title="class in javax.jms">MessageEOFException</a>, <a href="../../javax/jms/MessageFormatException.html" title="class in javax.jms">MessageFormatException</a>, <a href="../../javax/jms/MessageNotReadableException.html" title="class in javax.jms">MessageNotReadableException</a>, <a href="../../javax/jms/MessageNotWriteableException.html" title="class in javax.jms">MessageNotWriteableException</a>, <a href="../../javax/jms/ResourceAllocationException.html" title="class in javax.jms">ResourceAllocationException</a>, <a href="../../javax/jms/TransactionInProgressException.html" title="class in javax.jms">TransactionInProgressException</a>, <a href="../../javax/jms/TransactionRolledBackException.html" title="class in javax.jms">TransactionRolledBackException</a>            </dd> </dl> <hr/> <br/><pre>public class <span class="strong">JMSException</span>
extends <a href="http://download.oracle.com/javase/6/docs/api/java/lang/Exception.html?is-external=true" title="class or interface in java.lang">Exception</a></pre><div class="block"><p>This is the root class of all <span class="diff-html-added">checked</span> <span class="diff-html-added">exceptions</span> <span class="diff-html-added">in</span> <span class="diff-html-added">the</span> JMS API <span class="diff-html-removed">exceptions</span>.             </p><p>It provides the following information:<ul><li> A provider-specific string describing the error. This string is the standard exception message and is available via the <code>getMessage</code> method.                    </li><li> A provider-specific string error code     </li><li> A reference to another exception. Often a JMS API exception will be the result of a lower-level problem. If appropriate, this lower-level exception can be linked to the JMS API exception.                               </li></ul>    </p></div><dl> <dt> <span class="strong">Version:</span>   </dt><dd>1.0 - 5 Oct 1998    </dd> <dt> <span class="strong">Author:</span>   </dt><dd>Mark Hapner, Rich Burridge   </dd> <dt> <span class="strong">See Also: </span>   </dt><dd> <a href="../../serialized-form.html#javax.jms.JMSException">Serialized Form </a> </dd>   </dl>  </li></ul> </div> <a end_ctx_id="class:JMSException"/> </td></tr><tr valign="top"><td bgcolor="#CCCCCC" colspan="1"><div class="description"> <a start_ctx_id="class:JMSException"/><ul class="blockList"><li class="blockList"><dl> <dt>All Implemented Interfaces:  </dt><dd> <a href="http://download.oracle.com/javase/6/docs/api/java/io/Serializable.html?is-external=true" title="class or interface in java.io">Serializable</a> </dd> </dl><dl> <dt>Direct Known Subclasses:  </dt><dd> <a href="../../javax/jms/IllegalStateException.html" title="class in javax.jms">IllegalStateException</a>, <a href="../../javax/jms/InvalidClientIDException.html" title="class in javax.jms">InvalidClientIDException</a>, <a href="../../javax/jms/InvalidDestinationException.html" title="class in javax.jms">InvalidDestinationException</a>, <a href="../../javax/jms/InvalidSelectorException.html" title="class in javax.jms">InvalidSelectorException</a>, <a href="../../javax/jms/JMSSecurityException.html" title="class in javax.jms">JMSSecurityException</a>, <a href="../../javax/jms/MessageEOFException.html" title="class in javax.jms">MessageEOFException</a>, <a href="../../javax/jms/MessageFormatException.html" title="class in javax.jms">MessageFormatException</a>, <a href="../../javax/jms/MessageNotReadableException.html" title="class in javax.jms">MessageNotReadableException</a>, <a href="../../javax/jms/MessageNotWriteableException.html" title="class in javax.jms">MessageNotWriteableException</a>, <a href="../../javax/jms/ResourceAllocationException.html" title="class in javax.jms">ResourceAllocationException</a>, <a href="../../javax/jms/TransactionInProgressException.html" title="class in javax.jms">TransactionInProgressException</a>, <a href="../../javax/jms/TransactionRolledBackException.html" title="class in javax.jms">TransactionRolledBackException</a>            </dd> </dl> <hr/> <br/><pre>public class <span class="strong">JMSException</span>
extends <a href="http://download.oracle.com/javase/6/docs/api/java/lang/Exception.html?is-external=true" title="class or interface in java.lang">Exception</a></pre><div class="block"><p>This is the root class of all JMS API exceptions.         </p><p>It provides the following information:<ul><li> A provider-specific string describing the error. This string is the standard exception message and is available via the <code>getMessage</code> method.                    </li><li> A provider-specific string error code     </li><li> A reference to another exception. Often a JMS API exception will be the result of a lower-level problem. If appropriate, this lower-level exception can be linked to the JMS API exception.                               </li></ul>    </p></div><dl> <dt> <span class="strong">Version:</span>   </dt><dd>1.0 - 5 Oct 1998    </dd> <dt> <span class="strong">Author:</span>   </dt><dd>Mark Hapner, Rich Burridge   </dd> <dt> <span class="strong">See Also: </span>   </dt><dd> <a href="../../serialized-form.html#javax.jms.JMSException">Serialized Form </a> </dd>   </dl>  </li></ul> </div> <a end_ctx_id="class:JMSException"/> </td><td bgcolor="#FFFFFF" colspan="1"><div class="description"> <a start_ctx_id="class:JMSException"/><ul class="blockList"><li class="blockList"><dl> <dt>All Implemented Interfaces:  </dt><dd> <a href="http://download.oracle.com/javase/6/docs/api/java/io/Serializable.html?is-external=true" title="class or interface in java.io">Serializable</a> </dd> </dl><dl> <dt>Direct Known Subclasses:  </dt><dd> <a href="../../javax/jms/IllegalStateException.html" title="class in javax.jms">IllegalStateException</a>, <a href="../../javax/jms/InvalidClientIDException.html" title="class in javax.jms">InvalidClientIDException</a>, <a href="../../javax/jms/InvalidDestinationException.html" title="class in javax.jms">InvalidDestinationException</a>, <a href="../../javax/jms/InvalidSelectorException.html" title="class in javax.jms">InvalidSelectorException</a>, <a href="../../javax/jms/JMSSecurityException.html" title="class in javax.jms">JMSSecurityException</a>, <a href="../../javax/jms/MessageEOFException.html" title="class in javax.jms">MessageEOFException</a>, <a href="../../javax/jms/MessageFormatException.html" title="class in javax.jms">MessageFormatException</a>, <a href="../../javax/jms/MessageNotReadableException.html" title="class in javax.jms">MessageNotReadableException</a>, <a href="../../javax/jms/MessageNotWriteableException.html" title="class in javax.jms">MessageNotWriteableException</a>, <a href="../../javax/jms/ResourceAllocationException.html" title="class in javax.jms">ResourceAllocationException</a>, <a href="../../javax/jms/TransactionInProgressException.html" title="class in javax.jms">TransactionInProgressException</a>, <a href="../../javax/jms/TransactionRolledBackException.html" title="class in javax.jms">TransactionRolledBackException</a>            </dd> </dl> <hr/> <br/><pre>public class <span class="strong">JMSException</span>
extends <a href="http://download.oracle.com/javase/6/docs/api/java/lang/Exception.html?is-external=true" title="class or interface in java.lang">Exception</a></pre><div class="block"><p>This is the root class of all checked exceptions in the JMS API.            </p><p>It provides the following information:<ul><li> A provider-specific string describing the error. This string is the standard exception message and is available via the <code>getMessage</code> method.                    </li><li> A provider-specific string error code     </li><li> A reference to another exception. Often a JMS API exception will be the result of a lower-level problem. If appropriate, this lower-level exception can be linked to the JMS API exception.                               </li></ul>    </p></div><dl> <dt> <span class="strong">Version:</span>   </dt><dd>1.0 - 5 Oct 1998    </dd> <dt> <span class="strong">Author:</span>   </dt><dd>Mark Hapner, Rich Burridge   </dd> <dt> <span class="strong">See Also: </span>   </dt><dd> <a href="../../serialized-form.html#javax.jms.JMSException">Serialized Form </a> </dd>   </dl>  </li></ul> </div> <a end_ctx_id="class:JMSException"/> </td></tr></table></td></tr></table><table border="0" cellpadding="1" cellspacing="0" width="100%"><tr><td><h3 class="ctxid">constructor:JMSException(java.lang.String, java.lang.String) [NONE]</h3></td></tr><tr><td><table border="0" cellpadding="5" cellspacing="1" bgcolor="black" width="100%"><tr valign="top"><td bgcolor="#FFFFFF" colspan="1"> <a start_ctx_id="constructor:JMSException(java.lang.String, java.lang.String)"/><a name="JMSException(java.lang.String, java.lang.String)"/><ul class="blockList"><li class="blockList"><h4>JMSException</h4><pre>public JMSException(<a href="http://download.oracle.com/javase/6/docs/api/java/lang/String.html?is-external=true" title="class or interface in java.lang">String</a> reason,
            <a href="http://download.oracle.com/javase/6/docs/api/java/lang/String.html?is-external=true" title="class or interface in java.lang">String</a> errorCode)</pre><div class="block">Constructs a <code>JMSException</code> with the specified reason and error code.         </div><dl> <dt> <span class="strong">Parameters:</span>   </dt><dd> <code>reason</code> - a description of the exception       </dd><dd> <code>errorCode</code> - a string specifying the vendor-specific error code         </dd> </dl></li></ul> <a end_ctx_id="constructor:JMSException(java.lang.String, java.lang.String)"/>  </td></tr></table></td></tr></table><table border="0" cellpadding="1" cellspacing="0" width="100%"><tr><td><h3 class="ctxid">constructor:JMSException(java.lang.String) [NONE]</h3></td></tr><tr><td><table border="0" cellpadding="5" cellspacing="1" bgcolor="black" width="100%"><tr valign="top"><td bgcolor="#FFFFFF" colspan="1"> <a start_ctx_id="constructor:JMSException(java.lang.String)"/><a name="JMSException(java.lang.String)"/><ul class="blockListLast"><li class="blockList"><h4>JMSException</h4><pre>public JMSException(<a href="http://download.oracle.com/javase/6/docs/api/java/lang/String.html?is-external=true" title="class or interface in java.lang">String</a> reason)</pre><div class="block">Constructs a <code>JMSException</code> with the specified reason and with the error code defaulting to null.              </div><dl> <dt> <span class="strong">Parameters:</span>   </dt><dd> <code>reason</code> - a description of the exception       </dd> </dl></li></ul> <a end_ctx_id="constructor:JMSException(java.lang.String)"/>  </td></tr></table></td></tr></table><table border="0" cellpadding="1" cellspacing="0" width="100%"><tr><td><h3 class="ctxid">method:getErrorCode() [NONE]</h3></td></tr><tr><td><table border="0" cellpadding="5" cellspacing="1" bgcolor="black" width="100%"><tr valign="top"><td bgcolor="#FFFFFF" colspan="1"> <a start_ctx_id="method:getErrorCode()"/><a name="getErrorCode()"/><ul class="blockList"><li class="blockList"><h4>getErrorCode</h4><pre>public <a href="http://download.oracle.com/javase/6/docs/api/java/lang/String.html?is-external=true" title="class or interface in java.lang">String</a> getErrorCode()</pre><div class="block">Gets the vendor-specific error code.    </div><dl> <dt> <span class="strong">Returns:</span>   </dt><dd>a string specifying the vendor-specific error code      </dd> </dl></li></ul> <a end_ctx_id="method:getErrorCode()"/>  </td></tr></table></td></tr></table><table border="0" cellpadding="1" cellspacing="0" width="100%"><tr><td><h3 class="ctxid">method:getLinkedException() [NONE]</h3></td></tr><tr><td><table border="0" cellpadding="5" cellspacing="1" bgcolor="black" width="100%"><tr valign="top"><td bgcolor="#FFFFFF" colspan="1"> <a start_ctx_id="method:getLinkedException()"/><a name="getLinkedException()"/><ul class="blockList"><li class="blockList"><h4>getLinkedException</h4><pre>public <a href="http://download.oracle.com/javase/6/docs/api/java/lang/Exception.html?is-external=true" title="class or interface in java.lang">Exception</a> getLinkedException()</pre><div class="block">Gets the exception linked to this one.      </div><dl> <dt> <span class="strong">Returns:</span>   </dt><dd>the linked <code>Exception</code>, null if none     </dd> </dl></li></ul> <a end_ctx_id="method:getLinkedException()"/>  </td></tr></table></td></tr></table><table border="0" cellpadding="1" cellspacing="0" width="100%"><tr><td><h3 class="ctxid">method:setLinkedException(java.lang.Exception) [NONE]</h3></td></tr><tr><td><table border="0" cellpadding="5" cellspacing="1" bgcolor="black" width="100%"><tr valign="top"><td bgcolor="#FFFFFF" colspan="1"> <a start_ctx_id="method:setLinkedException(java.lang.Exception)"/><a name="setLinkedException(java.lang.Exception)"/><ul class="blockListLast"><li class="blockList"><h4>setLinkedException</h4><pre>public void setLinkedException(<a href="http://download.oracle.com/javase/6/docs/api/java/lang/Exception.html?is-external=true" title="class or interface in java.lang">Exception</a> ex)</pre><div class="block">Adds a linked <code>Exception</code>.   </div><dl> <dt> <span class="strong">Parameters:</span>   </dt><dd> <code>ex</code> - the linked <code>Exception</code>     </dd> </dl></li></ul> <a end_ctx_id="method:setLinkedException(java.lang.Exception)"/>  </td></tr></table></td></tr></table></diff></diffreport>