<?xml version="1.0" encoding="UTF-8" standalone="yes"?><Document><name>javax\jms\JMSRuntimeException.spec</name><Context><name>class:JMSRuntimeException</name><mt>ADDED</mt></Context><Context><name>constructor:JMSRuntimeException(java.lang.String)</name><mt>ADDED</mt></Context><Context><name>constructor:JMSRuntimeException(java.lang.String, java.lang.String)</name><mt>ADDED</mt></Context><Context><name>constructor:JMSRuntimeException(javax.jms.JMSException)</name><mt>ADDED</mt></Context><Context><name>method:getErrorCode()</name><mt>ADDED</mt></Context><Context><name>method:getLinkedException()</name><mt>ADDED</mt></Context><Context><name>method:setLinkedException(java.lang.Exception)</name><mt>ADDED</mt></Context><Stat><name>javax\jms\JMSRuntimeException.spec</name><mt>ADDED</mt><Group name="context"><Item name="ADDED" count="7"/><Item name="REMOVED" count="0"/><Item name="CHANGED" count="0"/><Item name="MODIFIED" count="7"/><Item name="TOTAL" count="7"/></Group><Group name="assertion"><Item name="ADDED" count="0"/><Item name="REMOVED" count="0"/><Item name="CHANGED" count="0"/><Item name="MODIFIED" count="0"/><Item name="TOTAL" count="0"/></Group></Stat></Document>