<?xml version="1.0" encoding="UTF-8"?><diffreport><diff><div class="header"><div class="subTitle">javax.jms</div><h2 title="Class JMSRuntimeException" class="title">Class JMSRuntimeException </h2></div><div class="contentContainer"><ul class="inheritance"><li> <a href="http://download.oracle.com/javase/6/docs/api/java/lang/Object.html?is-external=true" title="class or interface in java.lang">java.lang.Object</a> </li><li><ul class="inheritance"><li> <a href="http://download.oracle.com/javase/6/docs/api/java/lang/Throwable.html?is-external=true" title="class or interface in java.lang">java.lang.Throwable</a> </li><li><ul class="inheritance"><li> <a href="http://download.oracle.com/javase/6/docs/api/java/lang/Exception.html?is-external=true" title="class or interface in java.lang">java.lang.Exception</a> </li><li><ul class="inheritance"><li> <a href="http://download.oracle.com/javase/6/docs/api/java/lang/RuntimeException.html?is-external=true" title="class or interface in java.lang">java.lang.RuntimeException</a> </li><li><ul class="inheritance"><li>javax.jms.JMSRuntimeException</li></ul></li></ul></li></ul></li></ul></li></ul><div class="description"> <a start_ctx_id="class:JMSRuntimeException"/><ul class="blockList"><li class="blockList"><dl> <dt>All Implemented Interfaces:  </dt><dd> <a href="http://download.oracle.com/javase/6/docs/api/java/io/Serializable.html?is-external=true" title="class or interface in java.io">Serializable</a> </dd> </dl><dl> <dt>Direct Known Subclasses:  </dt><dd> <a href="../../javax/jms/IllegalStateRuntimeException.html" title="class in javax.jms">IllegalStateRuntimeException</a>, <a href="../../javax/jms/InvalidClientIDRuntimeException.html" title="class in javax.jms">InvalidClientIDRuntimeException</a>, <a href="../../javax/jms/InvalidDestinationRuntimeException.html" title="class in javax.jms">InvalidDestinationRuntimeException</a>, <a href="../../javax/jms/InvalidSelectorRuntimeException.html" title="class in javax.jms">InvalidSelectorRuntimeException</a>, <a href="../../javax/jms/JMSSecurityRuntimeException.html" title="class in javax.jms">JMSSecurityRuntimeException</a>, <a href="../../javax/jms/MessageFormatRuntimeException.html" title="class in javax.jms">MessageFormatRuntimeException</a>, <a href="../../javax/jms/TransactionRolledBackRuntimeException.html" title="class in javax.jms">TransactionRolledBackRuntimeException</a>       </dd> </dl> <hr/> <br/><pre>public class <span class="strong">JMSRuntimeException</span>
extends <a href="http://download.oracle.com/javase/6/docs/api/java/lang/RuntimeException.html?is-external=true" title="class or interface in java.lang">RuntimeException</a></pre><div class="block"><p>This is the root class of all unchecked exceptions in the JMS API            </p><p>It provides the following information:<ul><li> A provider-specific string describing the error. This string is the standard exception message and is available via the <code>getMessage</code> method.                    </li><li> A provider-specific string error code     </li><li> A reference to another exception. Often a JMS API exception will be the result of a lower-level problem. If appropriate, this lower-level exception can be linked to the JMS API exception.                               </li></ul>    </p></div><dl> <dt> <span class="strong">Version:</span>   </dt><dd>2.0</dd> <dt> <span class="strong">See Also: </span>   </dt><dd> <a href="../../serialized-form.html#javax.jms.JMSRuntimeException">Serialized Form </a> </dd>  </dl>  </li></ul> </div><div class="summary"> <a end_ctx_id="class:JMSRuntimeException"/><ul class="blockList"><li class="blockList"><ul class="blockList"><li class="blockList"> <a name="constructor_summary"/><h3>Constructor Summary </h3><table class="overviewSummary" border="0" cellpadding="3" cellspacing="0" summary="Constructor Summary table, listing constructors, and an explanation"> <caption> <span>Constructors</span><span class="tabEnd"> </span>   </caption><tbody><tr><th class="colOne" scope="col">Constructor and Description  </th></tr><tr class="altColor"><td class="colOne"><code><strong><a href="../../javax/jms/JMSRuntimeException.html#JMSRuntimeException(javax.jms.JMSException)">JMSRuntimeException</a></strong>(<a href="../../javax/jms/JMSException.html" title="class in javax.jms">JMSException</a> jmsException)</code> </td></tr><tr class="rowColor"><td class="colOne"><code><strong><a href="../../javax/jms/JMSRuntimeException.html#JMSRuntimeException(java.lang.String)">JMSRuntimeException</a></strong>(<a href="http://download.oracle.com/javase/6/docs/api/java/lang/String.html?is-external=true" title="class or interface in java.lang">String</a> reason)</code><div class="block">Constructs a <code>JMSException</code> with the specified reason and with the error code defaulting to null.              </div></td></tr><tr class="altColor"><td class="colOne"><code><strong><a href="../../javax/jms/JMSRuntimeException.html#JMSRuntimeException(java.lang.String, java.lang.String)">JMSRuntimeException</a></strong>(<a href="http://download.oracle.com/javase/6/docs/api/java/lang/String.html?is-external=true" title="class or interface in java.lang">String</a> reason, <a href="http://download.oracle.com/javase/6/docs/api/java/lang/String.html?is-external=true" title="class or interface in java.lang">String</a> errorCode) </code><div class="block">Constructs a <code>JMSException</code> with the specified reason and error code.         </div></td></tr></tbody> </table> </li></ul><ul class="blockList"><li class="blockList"> <a name="method_summary"/><h3>Method Summary </h3><table class="overviewSummary" border="0" cellpadding="3" cellspacing="0" summary="Method Summary table, listing methods, and an explanation"> <caption> <span>Methods</span><span class="tabEnd"> </span>   </caption><tbody><tr><th class="colFirst" scope="col">Modifier and Type  </th><th class="colLast" scope="col">Method and Description  </th></tr><tr class="altColor"><td class="colFirst"><code><a href="http://download.oracle.com/javase/6/docs/api/java/lang/String.html?is-external=true" title="class or interface in java.lang">String</a></code></td><td class="colLast"><code><strong><a href="../../javax/jms/JMSRuntimeException.html#getErrorCode()">getErrorCode</a></strong>()</code><div class="block">Gets the vendor-specific error code.    </div></td></tr><tr class="rowColor"><td class="colFirst"><code><a href="http://download.oracle.com/javase/6/docs/api/java/lang/Exception.html?is-external=true" title="class or interface in java.lang">Exception</a></code></td><td class="colLast"><code><strong><a href="../../javax/jms/JMSRuntimeException.html#getLinkedException()">getLinkedException</a></strong>()</code><div class="block">Gets the exception linked to this one.      </div></td></tr><tr class="altColor"><td class="colFirst"><code>void</code></td><td class="colLast"><code><strong><a href="../../javax/jms/JMSRuntimeException.html#setLinkedException(java.lang.Exception)">setLinkedException</a></strong>(<a href="http://download.oracle.com/javase/6/docs/api/java/lang/Exception.html?is-external=true" title="class or interface in java.lang">Exception</a> ex)</code><div class="block">Adds a linked <code>Exception</code>.   </div></td></tr></tbody> </table><ul class="blockList"><li class="blockList"> <a name="methods_inherited_from_class_java.lang.Throwable"/><h3>Methods inherited from class java.lang.<a href="http://download.oracle.com/javase/6/docs/api/java/lang/Throwable.html?is-external=true" title="class or interface in java.lang">Throwable</a>   </h3> <code><a href="http://download.oracle.com/javase/6/docs/api/java/lang/Throwable.html?is-external=true#addSuppressed(java.lang.Throwable)" title="class or interface in java.lang">addSuppressed</a>, <a href="http://download.oracle.com/javase/6/docs/api/java/lang/Throwable.html?is-external=true#fillInStackTrace()" title="class or interface in java.lang">fillInStackTrace</a>, <a href="http://download.oracle.com/javase/6/docs/api/java/lang/Throwable.html?is-external=true#getCause()" title="class or interface in java.lang">getCause</a>, <a href="http://download.oracle.com/javase/6/docs/api/java/lang/Throwable.html?is-external=true#getLocalizedMessage()" title="class or interface in java.lang">getLocalizedMessage</a>, <a href="http://download.oracle.com/javase/6/docs/api/java/lang/Throwable.html?is-external=true#getMessage()" title="class or interface in java.lang">getMessage</a>, <a href="http://download.oracle.com/javase/6/docs/api/java/lang/Throwable.html?is-external=true#getStackTrace()" title="class or interface in java.lang">getStackTrace</a>, <a href="http://download.oracle.com/javase/6/docs/api/java/lang/Throwable.html?is-external=true#getSuppressed()" title="class or interface in java.lang">getSuppressed</a>, <a href="http://download.oracle.com/javase/6/docs/api/java/lang/Throwable.html?is-external=true#initCause(java.lang.Throwable)" title="class or interface in java.lang">initCause</a>, <a href="http://download.oracle.com/javase/6/docs/api/java/lang/Throwable.html?is-external=true#printStackTrace()" title="class or interface in java.lang">printStackTrace</a>, <a href="http://download.oracle.com/javase/6/docs/api/java/lang/Throwable.html?is-external=true#printStackTrace(java.io.PrintStream)" title="class or interface in java.lang">printStackTrace</a>, <a href="http://download.oracle.com/javase/6/docs/api/java/lang/Throwable.html?is-external=true#printStackTrace(java.io.PrintWriter)" title="class or interface in java.lang">printStackTrace</a>, <a href="http://download.oracle.com/javase/6/docs/api/java/lang/Throwable.html?is-external=true#setStackTrace(java.lang.StackTraceElement[])" title="class or interface in java.lang">setStackTrace</a>, <a href="http://download.oracle.com/javase/6/docs/api/java/lang/Throwable.html?is-external=true#toString()" title="class or interface in java.lang">toString</a>            </code>  </li></ul><ul class="blockList"><li class="blockList"> <a name="methods_inherited_from_class_java.lang.Object"/><h3>Methods inherited from class java.lang.<a href="http://download.oracle.com/javase/6/docs/api/java/lang/Object.html?is-external=true" title="class or interface in java.lang">Object</a>   </h3> <code><a href="http://download.oracle.com/javase/6/docs/api/java/lang/Object.html?is-external=true#clone()" title="class or interface in java.lang">clone</a>, <a href="http://download.oracle.com/javase/6/docs/api/java/lang/Object.html?is-external=true#equals(java.lang.Object)" title="class or interface in java.lang">equals</a>, <a href="http://download.oracle.com/javase/6/docs/api/java/lang/Object.html?is-external=true#finalize()" title="class or interface in java.lang">finalize</a>, <a href="http://download.oracle.com/javase/6/docs/api/java/lang/Object.html?is-external=true#getClass()" title="class or interface in java.lang">getClass</a>, <a href="http://download.oracle.com/javase/6/docs/api/java/lang/Object.html?is-external=true#hashCode()" title="class or interface in java.lang">hashCode</a>, <a href="http://download.oracle.com/javase/6/docs/api/java/lang/Object.html?is-external=true#notify()" title="class or interface in java.lang">notify</a>, <a href="http://download.oracle.com/javase/6/docs/api/java/lang/Object.html?is-external=true#notifyAll()" title="class or interface in java.lang">notifyAll</a>, <a href="http://download.oracle.com/javase/6/docs/api/java/lang/Object.html?is-external=true#wait()" title="class or interface in java.lang">wait</a>, <a href="http://download.oracle.com/javase/6/docs/api/java/lang/Object.html?is-external=true#wait(long)" title="class or interface in java.lang">wait</a>, <a href="http://download.oracle.com/javase/6/docs/api/java/lang/Object.html?is-external=true#wait(long, int)" title="class or interface in java.lang">wait</a>         </code>  </li></ul> </li></ul></li></ul> </div><div class="details"><ul class="blockList"><li class="blockList"><ul class="blockList"><li class="blockList"> <a name="constructor_detail"/><h3>Constructor Detail </h3> <a start_ctx_id="constructor:JMSRuntimeException(java.lang.String, java.lang.String)"/><a name="JMSRuntimeException(java.lang.String, java.lang.String)"/><ul class="blockList"><li class="blockList"><h4>JMSRuntimeException</h4><pre>public JMSRuntimeException(<a href="http://download.oracle.com/javase/6/docs/api/java/lang/String.html?is-external=true" title="class or interface in java.lang">String</a> reason,
                   <a href="http://download.oracle.com/javase/6/docs/api/java/lang/String.html?is-external=true" title="class or interface in java.lang">String</a> errorCode)</pre><div class="block">Constructs a <code>JMSException</code> with the specified reason and error code.         </div><dl> <dt> <span class="strong">Parameters:</span>   </dt><dd> <code>reason</code> - a description of the exception       </dd><dd> <code>errorCode</code> - a string specifying the vendor-specific error code         </dd> </dl></li></ul> <a end_ctx_id="constructor:JMSRuntimeException(java.lang.String, java.lang.String)"/> <hr/> <a start_ctx_id="constructor:JMSRuntimeException(java.lang.String)"/><a name="JMSRuntimeException(java.lang.String)"/><ul class="blockList"><li class="blockList"><h4>JMSRuntimeException</h4><pre>public JMSRuntimeException(<a href="http://download.oracle.com/javase/6/docs/api/java/lang/String.html?is-external=true" title="class or interface in java.lang">String</a> reason)</pre><div class="block">Constructs a <code>JMSException</code> with the specified reason and with the error code defaulting to null.              </div><dl> <dt> <span class="strong">Parameters:</span>   </dt><dd> <code>reason</code> - a description of the exception       </dd> </dl></li></ul> <a end_ctx_id="constructor:JMSRuntimeException(java.lang.String)"/> <hr/> <a start_ctx_id="constructor:JMSRuntimeException(javax.jms.JMSException)"/><a name="JMSRuntimeException(javax.jms.JMSException)"/><ul class="blockListLast"><li class="blockList"><h4>JMSRuntimeException</h4><pre>public JMSRuntimeException(<a href="../../javax/jms/JMSException.html" title="class in javax.jms">JMSException</a> jmsException)</pre></li></ul>        </li></ul> <a end_ctx_id="constructor:JMSRuntimeException(javax.jms.JMSException)"/> <hr/><ul class="blockList"><li class="blockList"> <a name="method_detail"/><h3>Method Detail </h3> <a start_ctx_id="method:getErrorCode()"/><a name="getErrorCode()"/><ul class="blockList"><li class="blockList"><h4>getErrorCode</h4><pre>public <a href="http://download.oracle.com/javase/6/docs/api/java/lang/String.html?is-external=true" title="class or interface in java.lang">String</a> getErrorCode()</pre><div class="block">Gets the vendor-specific error code.    </div><dl> <dt> <span class="strong">Returns:</span>   </dt><dd>a string specifying the vendor-specific error code      </dd> </dl></li></ul> <a end_ctx_id="method:getErrorCode()"/> <hr/> <a start_ctx_id="method:getLinkedException()"/><a name="getLinkedException()"/><ul class="blockList"><li class="blockList"><h4>getLinkedException</h4><pre>public <a href="http://download.oracle.com/javase/6/docs/api/java/lang/Exception.html?is-external=true" title="class or interface in java.lang">Exception</a> getLinkedException()</pre><div class="block">Gets the exception linked to this one.      </div><dl> <dt> <span class="strong">Returns:</span>   </dt><dd>the linked <code>Exception</code>, null if none     </dd> </dl></li></ul> <a end_ctx_id="method:getLinkedException()"/> <hr/> <a start_ctx_id="method:setLinkedException(java.lang.Exception)"/><a name="setLinkedException(java.lang.Exception)"/><ul class="blockListLast"><li class="blockList"><h4>setLinkedException</h4><pre>public void setLinkedException(<a href="http://download.oracle.com/javase/6/docs/api/java/lang/Exception.html?is-external=true" title="class or interface in java.lang">Exception</a> ex)</pre><div class="block">Adds a linked <code>Exception</code>.   </div><dl> <dt> <span class="strong">Parameters:</span>   </dt><dd> <code>ex</code> - the linked <code>Exception</code>     </dd> </dl></li></ul>        </li></ul>  </li></ul></div></div> <a end_ctx_id="method:setLinkedException(java.lang.Exception)"/> <hr/><p class="legalCopy"> <small>Copyright 2011 Oracle America Inc. All rights reserved. Use is subject to <a href="http://java.net/downloads/jms-spec/Licences/working-draft-eval-spec-license.pdf">licence terms </a> <br/>JMS 2.0 working draft - 8 Dec 2011                    </small> </p>  </diff></diffreport>