<?xml version="1.0" encoding="UTF-8"?><diffreport><diff><table border="0" cellpadding="1" cellspacing="0" width="100%"><tr><td><h3 class="ctxid">class:MapMessage [NONE]</h3></td></tr><tr><td><table border="0" cellpadding="5" cellspacing="1" bgcolor="black" width="100%"><tr valign="top"><td bgcolor="#FFFFFF" colspan="1"><div class="description"> <a start_ctx_id="class:MapMessage"/><ul class="blockList"><li class="blockList"><dl> <dt>All Superinterfaces: </dt><dd> <a href="../../javax/jms/Message.html" title="interface in javax.jms">Message</a> </dd> </dl> <hr/> <br/><pre>public interface <span class="strong">MapMessage</span>
extends <a href="../../javax/jms/Message.html" title="interface in javax.jms">Message</a></pre><div class="block">A <code>MapMessage</code> object is used to send a set of name-value pairs. The names are <code>String</code> objects, and the values are primitive data types in the Java programming language. The names must have a value that is not null, and not an empty string. The entries can be accessed sequentially or randomly by name. The order of the entries is undefined. <code>MapMessage</code> inherits from the <code>Message</code> interface and adds a message body that contains a Map.<p>The primitive types can be read or written explicitly using methods for each type. They may also be read or written generically as objects. For instance, a call to <code>MapMessage.setInt("foo", 6) </code> is equivalent to <code>MapMessage.setObject("foo", new Integer(6))  </code>. Both forms are provided, because the explicit form is convenient for static programming, and the object form is needed when types are not known at compile time.                                                            </p><p>When a client receives a <code>MapMessage</code>, it is in read-only mode. If a client attempts to write to the message at this point, a <code>MessageNotWriteableException</code> is thrown. If <code>clearBody</code> is called, the message can now be both read from and written to.                                         </p><p> <code>MapMessage</code> objects support the following conversion table. The marked cases must be supported. The unmarked cases must throw a <code>JMSException</code>. The <code>String</code>-to-primitive conversions may throw a runtime exception if the primitive's <code>valueOf()</code> method does not accept it as a valid <code>String</code> representation of the primitive.                                             </p><p>A value written as the row type can be read as the column type.<pre>
 |        | boolean byte short char int long float double String byte[]
 |----------------------------------------------------------------------
 |boolean |    X                                            X
 |byte    |          X     X         X   X                  X
 |short   |                X         X   X                  X
 |char    |                     X                           X
 |int     |                          X   X                  X
 |long    |                              X                  X
 |float   |                                    X     X      X
 |double  |                                          X      X
 |String  |    X     X     X         X   X     X     X      X
 |byte[]  |                                                        X
 |----------------------------------------------------------------------
 </pre>             </p><p>Attempting to read a null value as a primitive type must be treated as calling the primitive's corresponding <code>valueOf(String)</code> conversion method with a null value. Since <code>char</code> does not support a <code>String</code> conversion, attempting to read a null value as a <code>char</code> must throw a <code>NullPointerException</code>.                                             </p>                                                                           </div><dl> <dt> <span class="strong">Version:</span>   </dt><dd>1.1 February 2, 002   </dd> <dt> <span class="strong">Author:</span>   </dt><dd>Mark Hapner, Rich Burridge   </dd> <dt> <span class="strong">See Also: </span>   </dt><dd> <a href="../../javax/jms/Session.html#createMapMessage()"><code>Session.createMapMessage()</code></a>, <a href="../../javax/jms/BytesMessage.html" title="interface in javax.jms"><code>BytesMessage</code></a>, <a href="../../javax/jms/Message.html" title="interface in javax.jms"><code>Message</code></a>, <a href="../../javax/jms/ObjectMessage.html" title="interface in javax.jms"><code>ObjectMessage</code></a>, <a href="../../javax/jms/StreamMessage.html" title="interface in javax.jms"><code>StreamMessage</code></a>, <a href="../../javax/jms/TextMessage.html" title="interface in javax.jms"><code>TextMessage</code></a>      </dd>   </dl>  </li></ul> </div> <a end_ctx_id="class:MapMessage"/> </td></tr></table></td></tr></table><table border="0" cellpadding="1" cellspacing="0" width="100%"><tr><td><h3 class="ctxid">method:getBoolean(java.lang.String) [NONE]</h3></td></tr><tr><td><table border="0" cellpadding="5" cellspacing="1" bgcolor="black" width="100%"><tr valign="top"><td bgcolor="#FFFFFF" colspan="1"> <a start_ctx_id="method:getBoolean(java.lang.String)"/><a name="getBoolean(java.lang.String)"/><ul class="blockList"><li class="blockList"><h4>getBoolean</h4><pre>boolean getBoolean(<a href="http://download.oracle.com/javase/6/docs/api/java/lang/String.html?is-external=true" title="class or interface in java.lang">String</a> name)
                   throws <a href="../../javax/jms/JMSException.html" title="class in javax.jms">JMSException</a></pre><div class="block">Returns the <code>boolean</code> value with the specified name.       </div><dl> <dt> <span class="strong">Parameters:</span>   </dt><dd> <code>name</code> - the name of the <code>boolean</code>       </dd> <dt> <span class="strong">Returns:</span>   </dt><dd>the <code>boolean</code> value with the specified name      </dd> <dt> <span class="strong">Throws:</span>   </dt><dd> <code><a href="../../javax/jms/JMSException.html" title="class in javax.jms">JMSException</a></code> - if the JMS provider fails to read the message due to some internal error.                </dd><dd> <code><a href="../../javax/jms/MessageFormatException.html" title="class in javax.jms">MessageFormatException</a></code> - if this type conversion is invalid.        </dd>   </dl></li></ul> <a end_ctx_id="method:getBoolean(java.lang.String)"/>  </td></tr></table></td></tr></table><table border="0" cellpadding="1" cellspacing="0" width="100%"><tr><td><h3 class="ctxid">method:getByte(java.lang.String) [NONE]</h3></td></tr><tr><td><table border="0" cellpadding="5" cellspacing="1" bgcolor="black" width="100%"><tr valign="top"><td bgcolor="#FFFFFF" colspan="1"> <a start_ctx_id="method:getByte(java.lang.String)"/><a name="getByte(java.lang.String)"/><ul class="blockList"><li class="blockList"><h4>getByte</h4><pre>byte getByte(<a href="http://download.oracle.com/javase/6/docs/api/java/lang/String.html?is-external=true" title="class or interface in java.lang">String</a> name)
             throws <a href="../../javax/jms/JMSException.html" title="class in javax.jms">JMSException</a></pre><div class="block">Returns the <code>byte</code> value with the specified name.       </div><dl> <dt> <span class="strong">Parameters:</span>   </dt><dd> <code>name</code> - the name of the <code>byte</code>       </dd> <dt> <span class="strong">Returns:</span>   </dt><dd>the <code>byte</code> value with the specified name      </dd> <dt> <span class="strong">Throws:</span>   </dt><dd> <code><a href="../../javax/jms/JMSException.html" title="class in javax.jms">JMSException</a></code> - if the JMS provider fails to read the message due to some internal error.                </dd><dd> <code><a href="../../javax/jms/MessageFormatException.html" title="class in javax.jms">MessageFormatException</a></code> - if this type conversion is invalid.        </dd>   </dl></li></ul> <a end_ctx_id="method:getByte(java.lang.String)"/>  </td></tr></table></td></tr></table><table border="0" cellpadding="1" cellspacing="0" width="100%"><tr><td><h3 class="ctxid">method:getShort(java.lang.String) [NONE]</h3></td></tr><tr><td><table border="0" cellpadding="5" cellspacing="1" bgcolor="black" width="100%"><tr valign="top"><td bgcolor="#FFFFFF" colspan="1"> <a start_ctx_id="method:getShort(java.lang.String)"/><a name="getShort(java.lang.String)"/><ul class="blockList"><li class="blockList"><h4>getShort</h4><pre>short getShort(<a href="http://download.oracle.com/javase/6/docs/api/java/lang/String.html?is-external=true" title="class or interface in java.lang">String</a> name)
               throws <a href="../../javax/jms/JMSException.html" title="class in javax.jms">JMSException</a></pre><div class="block">Returns the <code>short</code> value with the specified name.       </div><dl> <dt> <span class="strong">Parameters:</span>   </dt><dd> <code>name</code> - the name of the <code>short</code>       </dd> <dt> <span class="strong">Returns:</span>   </dt><dd>the <code>short</code> value with the specified name      </dd> <dt> <span class="strong">Throws:</span>   </dt><dd> <code><a href="../../javax/jms/JMSException.html" title="class in javax.jms">JMSException</a></code> - if the JMS provider fails to read the message due to some internal error.                </dd><dd> <code><a href="../../javax/jms/MessageFormatException.html" title="class in javax.jms">MessageFormatException</a></code> - if this type conversion is invalid.        </dd>   </dl></li></ul> <a end_ctx_id="method:getShort(java.lang.String)"/>  </td></tr></table></td></tr></table><table border="0" cellpadding="1" cellspacing="0" width="100%"><tr><td><h3 class="ctxid">method:getChar(java.lang.String) [NONE]</h3></td></tr><tr><td><table border="0" cellpadding="5" cellspacing="1" bgcolor="black" width="100%"><tr valign="top"><td bgcolor="#FFFFFF" colspan="1"> <a start_ctx_id="method:getChar(java.lang.String)"/><a name="getChar(java.lang.String)"/><ul class="blockList"><li class="blockList"><h4>getChar</h4><pre>char getChar(<a href="http://download.oracle.com/javase/6/docs/api/java/lang/String.html?is-external=true" title="class or interface in java.lang">String</a> name)
             throws <a href="../../javax/jms/JMSException.html" title="class in javax.jms">JMSException</a></pre><div class="block">Returns the Unicode character value with the specified name.        </div><dl> <dt> <span class="strong">Parameters:</span>   </dt><dd> <code>name</code> - the name of the Unicode character        </dd> <dt> <span class="strong">Returns:</span>   </dt><dd>the Unicode character value with the specified name       </dd> <dt> <span class="strong">Throws:</span>   </dt><dd> <code><a href="../../javax/jms/JMSException.html" title="class in javax.jms">JMSException</a></code> - if the JMS provider fails to read the message due to some internal error.                </dd><dd> <code><a href="../../javax/jms/MessageFormatException.html" title="class in javax.jms">MessageFormatException</a></code> - if this type conversion is invalid.        </dd>   </dl></li></ul> <a end_ctx_id="method:getChar(java.lang.String)"/>  </td></tr></table></td></tr></table><table border="0" cellpadding="1" cellspacing="0" width="100%"><tr><td><h3 class="ctxid">method:getInt(java.lang.String) [NONE]</h3></td></tr><tr><td><table border="0" cellpadding="5" cellspacing="1" bgcolor="black" width="100%"><tr valign="top"><td bgcolor="#FFFFFF" colspan="1"> <a start_ctx_id="method:getInt(java.lang.String)"/><a name="getInt(java.lang.String)"/><ul class="blockList"><li class="blockList"><h4>getInt</h4><pre>int getInt(<a href="http://download.oracle.com/javase/6/docs/api/java/lang/String.html?is-external=true" title="class or interface in java.lang">String</a> name)
           throws <a href="../../javax/jms/JMSException.html" title="class in javax.jms">JMSException</a></pre><div class="block">Returns the <code>int</code> value with the specified name.       </div><dl> <dt> <span class="strong">Parameters:</span>   </dt><dd> <code>name</code> - the name of the <code>int</code>       </dd> <dt> <span class="strong">Returns:</span>   </dt><dd>the <code>int</code> value with the specified name      </dd> <dt> <span class="strong">Throws:</span>   </dt><dd> <code><a href="../../javax/jms/JMSException.html" title="class in javax.jms">JMSException</a></code> - if the JMS provider fails to read the message due to some internal error.                </dd><dd> <code><a href="../../javax/jms/MessageFormatException.html" title="class in javax.jms">MessageFormatException</a></code> - if this type conversion is invalid.        </dd>   </dl></li></ul> <a end_ctx_id="method:getInt(java.lang.String)"/>  </td></tr></table></td></tr></table><table border="0" cellpadding="1" cellspacing="0" width="100%"><tr><td><h3 class="ctxid">method:getLong(java.lang.String) [NONE]</h3></td></tr><tr><td><table border="0" cellpadding="5" cellspacing="1" bgcolor="black" width="100%"><tr valign="top"><td bgcolor="#FFFFFF" colspan="1"> <a start_ctx_id="method:getLong(java.lang.String)"/><a name="getLong(java.lang.String)"/><ul class="blockList"><li class="blockList"><h4>getLong</h4><pre>long getLong(<a href="http://download.oracle.com/javase/6/docs/api/java/lang/String.html?is-external=true" title="class or interface in java.lang">String</a> name)
             throws <a href="../../javax/jms/JMSException.html" title="class in javax.jms">JMSException</a></pre><div class="block">Returns the <code>long</code> value with the specified name.       </div><dl> <dt> <span class="strong">Parameters:</span>   </dt><dd> <code>name</code> - the name of the <code>long</code>       </dd> <dt> <span class="strong">Returns:</span>   </dt><dd>the <code>long</code> value with the specified name      </dd> <dt> <span class="strong">Throws:</span>   </dt><dd> <code><a href="../../javax/jms/JMSException.html" title="class in javax.jms">JMSException</a></code> - if the JMS provider fails to read the message due to some internal error.                </dd><dd> <code><a href="../../javax/jms/MessageFormatException.html" title="class in javax.jms">MessageFormatException</a></code> - if this type conversion is invalid.        </dd>   </dl></li></ul> <a end_ctx_id="method:getLong(java.lang.String)"/>  </td></tr></table></td></tr></table><table border="0" cellpadding="1" cellspacing="0" width="100%"><tr><td><h3 class="ctxid">method:getFloat(java.lang.String) [NONE]</h3></td></tr><tr><td><table border="0" cellpadding="5" cellspacing="1" bgcolor="black" width="100%"><tr valign="top"><td bgcolor="#FFFFFF" colspan="1"> <a start_ctx_id="method:getFloat(java.lang.String)"/><a name="getFloat(java.lang.String)"/><ul class="blockList"><li class="blockList"><h4>getFloat</h4><pre>float getFloat(<a href="http://download.oracle.com/javase/6/docs/api/java/lang/String.html?is-external=true" title="class or interface in java.lang">String</a> name)
               throws <a href="../../javax/jms/JMSException.html" title="class in javax.jms">JMSException</a></pre><div class="block">Returns the <code>float</code> value with the specified name.       </div><dl> <dt> <span class="strong">Parameters:</span>   </dt><dd> <code>name</code> - the name of the <code>float</code>       </dd> <dt> <span class="strong">Returns:</span>   </dt><dd>the <code>float</code> value with the specified name      </dd> <dt> <span class="strong">Throws:</span>   </dt><dd> <code><a href="../../javax/jms/JMSException.html" title="class in javax.jms">JMSException</a></code> - if the JMS provider fails to read the message due to some internal error.                </dd><dd> <code><a href="../../javax/jms/MessageFormatException.html" title="class in javax.jms">MessageFormatException</a></code> - if this type conversion is invalid.        </dd>   </dl></li></ul> <a end_ctx_id="method:getFloat(java.lang.String)"/>  </td></tr></table></td></tr></table><table border="0" cellpadding="1" cellspacing="0" width="100%"><tr><td><h3 class="ctxid">method:getDouble(java.lang.String) [NONE]</h3></td></tr><tr><td><table border="0" cellpadding="5" cellspacing="1" bgcolor="black" width="100%"><tr valign="top"><td bgcolor="#FFFFFF" colspan="1"> <a start_ctx_id="method:getDouble(java.lang.String)"/><a name="getDouble(java.lang.String)"/><ul class="blockList"><li class="blockList"><h4>getDouble</h4><pre>double getDouble(<a href="http://download.oracle.com/javase/6/docs/api/java/lang/String.html?is-external=true" title="class or interface in java.lang">String</a> name)
                 throws <a href="../../javax/jms/JMSException.html" title="class in javax.jms">JMSException</a></pre><div class="block">Returns the <code>double</code> value with the specified name.       </div><dl> <dt> <span class="strong">Parameters:</span>   </dt><dd> <code>name</code> - the name of the <code>double</code>       </dd> <dt> <span class="strong">Returns:</span>   </dt><dd>the <code>double</code> value with the specified name      </dd> <dt> <span class="strong">Throws:</span>   </dt><dd> <code><a href="../../javax/jms/JMSException.html" title="class in javax.jms">JMSException</a></code> - if the JMS provider fails to read the message due to some internal error.                </dd><dd> <code><a href="../../javax/jms/MessageFormatException.html" title="class in javax.jms">MessageFormatException</a></code> - if this type conversion is invalid.        </dd>   </dl></li></ul> <a end_ctx_id="method:getDouble(java.lang.String)"/>  </td></tr></table></td></tr></table><table border="0" cellpadding="1" cellspacing="0" width="100%"><tr><td><h3 class="ctxid">method:getString(java.lang.String) [NONE]</h3></td></tr><tr><td><table border="0" cellpadding="5" cellspacing="1" bgcolor="black" width="100%"><tr valign="top"><td bgcolor="#FFFFFF" colspan="1"> <a start_ctx_id="method:getString(java.lang.String)"/><a name="getString(java.lang.String)"/><ul class="blockList"><li class="blockList"><h4>getString</h4><pre><a href="http://download.oracle.com/javase/6/docs/api/java/lang/String.html?is-external=true" title="class or interface in java.lang">String</a> getString(<a href="http://download.oracle.com/javase/6/docs/api/java/lang/String.html?is-external=true" title="class or interface in java.lang">String</a> name)
                 throws <a href="../../javax/jms/JMSException.html" title="class in javax.jms">JMSException</a></pre><div class="block">Returns the <code>String</code> value with the specified name.       </div><dl> <dt> <span class="strong">Parameters:</span>   </dt><dd> <code>name</code> - the name of the <code>String</code>       </dd> <dt> <span class="strong">Returns:</span>   </dt><dd>the <code>String</code> value with the specified name; if there is no item by this name, a null value is returned                   </dd> <dt> <span class="strong">Throws:</span>   </dt><dd> <code><a href="../../javax/jms/JMSException.html" title="class in javax.jms">JMSException</a></code> - if the JMS provider fails to read the message due to some internal error.                </dd><dd> <code><a href="../../javax/jms/MessageFormatException.html" title="class in javax.jms">MessageFormatException</a></code> - if this type conversion is invalid.        </dd>   </dl></li></ul> <a end_ctx_id="method:getString(java.lang.String)"/>  </td></tr></table></td></tr></table><table border="0" cellpadding="1" cellspacing="0" width="100%"><tr><td><h3 class="ctxid">method:getBytes(java.lang.String) [NONE]</h3></td></tr><tr><td><table border="0" cellpadding="5" cellspacing="1" bgcolor="black" width="100%"><tr valign="top"><td bgcolor="#FFFFFF" colspan="1"> <a start_ctx_id="method:getBytes(java.lang.String)"/><a name="getBytes(java.lang.String)"/><ul class="blockList"><li class="blockList"><h4>getBytes</h4><pre>byte[] getBytes(<a href="http://download.oracle.com/javase/6/docs/api/java/lang/String.html?is-external=true" title="class or interface in java.lang">String</a> name)
                throws <a href="../../javax/jms/JMSException.html" title="class in javax.jms">JMSException</a></pre><div class="block">Returns the byte array value with the specified name.        </div><dl> <dt> <span class="strong">Parameters:</span>   </dt><dd> <code>name</code> - the name of the byte array        </dd> <dt> <span class="strong">Returns:</span>   </dt><dd>a copy of the byte array value with the specified name; if there is no item by this name, a null value is returned.                       </dd> <dt> <span class="strong">Throws:</span>   </dt><dd> <code><a href="../../javax/jms/JMSException.html" title="class in javax.jms">JMSException</a></code> - if the JMS provider fails to read the message due to some internal error.                </dd><dd> <code><a href="../../javax/jms/MessageFormatException.html" title="class in javax.jms">MessageFormatException</a></code> - if this type conversion is invalid.        </dd>   </dl></li></ul> <a end_ctx_id="method:getBytes(java.lang.String)"/>  </td></tr></table></td></tr></table><table border="0" cellpadding="1" cellspacing="0" width="100%"><tr><td><h3 class="ctxid">method:getObject(java.lang.String) [NONE]</h3></td></tr><tr><td><table border="0" cellpadding="5" cellspacing="1" bgcolor="black" width="100%"><tr valign="top"><td bgcolor="#FFFFFF" colspan="1"> <a start_ctx_id="method:getObject(java.lang.String)"/><a name="getObject(java.lang.String)"/><ul class="blockList"><li class="blockList"><h4>getObject</h4><pre><a href="http://download.oracle.com/javase/6/docs/api/java/lang/Object.html?is-external=true" title="class or interface in java.lang">Object</a> getObject(<a href="http://download.oracle.com/javase/6/docs/api/java/lang/String.html?is-external=true" title="class or interface in java.lang">String</a> name)
                 throws <a href="../../javax/jms/JMSException.html" title="class in javax.jms">JMSException</a></pre><div class="block">Returns the value of the object with the specified name.<p>This method can be used to return, in objectified format, an object in the Java programming language ("Java object") that had been stored in the Map with the equivalent <code>setObject</code> method call, or its equivalent primitive <code>set<i>type</i></code> method.                                     </p><p>Note that byte values are returned as <code>byte[]</code>, not <code>Byte[]</code>.         </p>         </div><dl> <dt> <span class="strong">Parameters:</span>   </dt><dd> <code>name</code> - the name of the Java object        </dd> <dt> <span class="strong">Returns:</span>   </dt><dd>a copy of the Java object value with the specified name, in objectified format (for example, if the object was set as an <code>int</code>, an <code>Integer</code> is returned); if there is no item by this name, a null value is returned                                        </dd> <dt> <span class="strong">Throws:</span>   </dt><dd> <code><a href="../../javax/jms/JMSException.html" title="class in javax.jms">JMSException</a></code> - if the JMS provider fails to read the message due to some internal error.                </dd>   </dl></li></ul> <a end_ctx_id="method:getObject(java.lang.String)"/>  </td></tr></table></td></tr></table><table border="0" cellpadding="1" cellspacing="0" width="100%"><tr><td><h3 class="ctxid">method:getMapNames() [NONE]</h3></td></tr><tr><td><table border="0" cellpadding="5" cellspacing="1" bgcolor="black" width="100%"><tr valign="top"><td bgcolor="#FFFFFF" colspan="1"> <a start_ctx_id="method:getMapNames()"/><a name="getMapNames()"/><ul class="blockList"><li class="blockList"><h4>getMapNames</h4><pre><a href="http://download.oracle.com/javase/6/docs/api/java/util/Enumeration.html?is-external=true" title="class or interface in java.util">Enumeration</a> getMapNames()
                        throws <a href="../../javax/jms/JMSException.html" title="class in javax.jms">JMSException</a></pre><div class="block">Returns an <code>Enumeration</code> of all the names in the <code>MapMessage</code> object.          </div><dl> <dt> <span class="strong">Returns:</span>   </dt><dd>an enumeration of all the names in this <code>MapMessage</code>        </dd> <dt> <span class="strong">Throws:</span>   </dt><dd> <code><a href="../../javax/jms/JMSException.html" title="class in javax.jms">JMSException</a></code> - if the JMS provider fails to read the message due to some internal error.                </dd>  </dl></li></ul> <a end_ctx_id="method:getMapNames()"/>  </td></tr></table></td></tr></table><table border="0" cellpadding="1" cellspacing="0" width="100%"><tr><td><h3 class="ctxid">method:setBoolean(java.lang.String, boolean) [NONE]</h3></td></tr><tr><td><table border="0" cellpadding="5" cellspacing="1" bgcolor="black" width="100%"><tr valign="top"><td bgcolor="#FFFFFF" colspan="1"> <a start_ctx_id="method:setBoolean(java.lang.String, boolean)"/><a name="setBoolean(java.lang.String, boolean)"/><ul class="blockList"><li class="blockList"><h4>setBoolean</h4><pre>void setBoolean(<a href="http://download.oracle.com/javase/6/docs/api/java/lang/String.html?is-external=true" title="class or interface in java.lang">String</a> name,
              boolean value)
                throws <a href="../../javax/jms/JMSException.html" title="class in javax.jms">JMSException</a></pre><div class="block">Sets a <code>boolean</code> value with the specified name into the Map.          </div><dl> <dt> <span class="strong">Parameters:</span>   </dt><dd> <code>name</code> - the name of the <code>boolean</code>       </dd><dd> <code>value</code> - the <code>boolean</code> value to set in the Map          </dd> <dt> <span class="strong">Throws:</span>   </dt><dd> <code><a href="../../javax/jms/JMSException.html" title="class in javax.jms">JMSException</a></code> - if the JMS provider fails to write the message due to some internal error.                </dd><dd> <code><a href="http://download.oracle.com/javase/6/docs/api/java/lang/IllegalArgumentException.html?is-external=true" title="class or interface in java.lang">IllegalArgumentException</a></code> - if the name is null or if the name is an empty string.               </dd><dd> <code><a href="../../javax/jms/MessageNotWriteableException.html" title="class in javax.jms">MessageNotWriteableException</a></code> - if the message is in read-only mode.         </dd>  </dl></li></ul> <a end_ctx_id="method:setBoolean(java.lang.String, boolean)"/>  </td></tr></table></td></tr></table><table border="0" cellpadding="1" cellspacing="0" width="100%"><tr><td><h3 class="ctxid">method:setByte(java.lang.String, byte) [NONE]</h3></td></tr><tr><td><table border="0" cellpadding="5" cellspacing="1" bgcolor="black" width="100%"><tr valign="top"><td bgcolor="#FFFFFF" colspan="1"> <a start_ctx_id="method:setByte(java.lang.String, byte)"/><a name="setByte(java.lang.String, byte)"/><ul class="blockList"><li class="blockList"><h4>setByte</h4><pre>void setByte(<a href="http://download.oracle.com/javase/6/docs/api/java/lang/String.html?is-external=true" title="class or interface in java.lang">String</a> name,
           byte value)
             throws <a href="../../javax/jms/JMSException.html" title="class in javax.jms">JMSException</a></pre><div class="block">Sets a <code>byte</code> value with the specified name into the Map.          </div><dl> <dt> <span class="strong">Parameters:</span>   </dt><dd> <code>name</code> - the name of the <code>byte</code>       </dd><dd> <code>value</code> - the <code>byte</code> value to set in the Map          </dd> <dt> <span class="strong">Throws:</span>   </dt><dd> <code><a href="../../javax/jms/JMSException.html" title="class in javax.jms">JMSException</a></code> - if the JMS provider fails to write the message due to some internal error.                </dd><dd> <code><a href="http://download.oracle.com/javase/6/docs/api/java/lang/IllegalArgumentException.html?is-external=true" title="class or interface in java.lang">IllegalArgumentException</a></code> - if the name is null or if the name is an empty string.               </dd><dd> <code><a href="../../javax/jms/MessageNotWriteableException.html" title="class in javax.jms">MessageNotWriteableException</a></code> - if the message is in read-only mode.         </dd>  </dl></li></ul> <a end_ctx_id="method:setByte(java.lang.String, byte)"/>  </td></tr></table></td></tr></table><table border="0" cellpadding="1" cellspacing="0" width="100%"><tr><td><h3 class="ctxid">method:setShort(java.lang.String, short) [NONE]</h3></td></tr><tr><td><table border="0" cellpadding="5" cellspacing="1" bgcolor="black" width="100%"><tr valign="top"><td bgcolor="#FFFFFF" colspan="1"> <a start_ctx_id="method:setShort(java.lang.String, short)"/><a name="setShort(java.lang.String, short)"/><ul class="blockList"><li class="blockList"><h4>setShort</h4><pre>void setShort(<a href="http://download.oracle.com/javase/6/docs/api/java/lang/String.html?is-external=true" title="class or interface in java.lang">String</a> name,
            short value)
              throws <a href="../../javax/jms/JMSException.html" title="class in javax.jms">JMSException</a></pre><div class="block">Sets a <code>short</code> value with the specified name into the Map.          </div><dl> <dt> <span class="strong">Parameters:</span>   </dt><dd> <code>name</code> - the name of the <code>short</code>       </dd><dd> <code>value</code> - the <code>short</code> value to set in the Map          </dd> <dt> <span class="strong">Throws:</span>   </dt><dd> <code><a href="../../javax/jms/JMSException.html" title="class in javax.jms">JMSException</a></code> - if the JMS provider fails to write the message due to some internal error.                </dd><dd> <code><a href="http://download.oracle.com/javase/6/docs/api/java/lang/IllegalArgumentException.html?is-external=true" title="class or interface in java.lang">IllegalArgumentException</a></code> - if the name is null or if the name is an empty string.               </dd><dd> <code><a href="../../javax/jms/MessageNotWriteableException.html" title="class in javax.jms">MessageNotWriteableException</a></code> - if the message is in read-only mode.         </dd>  </dl></li></ul> <a end_ctx_id="method:setShort(java.lang.String, short)"/>  </td></tr></table></td></tr></table><table border="0" cellpadding="1" cellspacing="0" width="100%"><tr><td><h3 class="ctxid">method:setChar(java.lang.String, char) [NONE]</h3></td></tr><tr><td><table border="0" cellpadding="5" cellspacing="1" bgcolor="black" width="100%"><tr valign="top"><td bgcolor="#FFFFFF" colspan="1"> <a start_ctx_id="method:setChar(java.lang.String, char)"/><a name="setChar(java.lang.String, char)"/><ul class="blockList"><li class="blockList"><h4>setChar</h4><pre>void setChar(<a href="http://download.oracle.com/javase/6/docs/api/java/lang/String.html?is-external=true" title="class or interface in java.lang">String</a> name,
           char value)
             throws <a href="../../javax/jms/JMSException.html" title="class in javax.jms">JMSException</a></pre><div class="block">Sets a Unicode character value with the specified name into the Map.           </div><dl> <dt> <span class="strong">Parameters:</span>   </dt><dd> <code>name</code> - the name of the Unicode character        </dd><dd> <code>value</code> - the Unicode character value to set in the Map           </dd> <dt> <span class="strong">Throws:</span>   </dt><dd> <code><a href="../../javax/jms/JMSException.html" title="class in javax.jms">JMSException</a></code> - if the JMS provider fails to write the message due to some internal error.                </dd><dd> <code><a href="http://download.oracle.com/javase/6/docs/api/java/lang/IllegalArgumentException.html?is-external=true" title="class or interface in java.lang">IllegalArgumentException</a></code> - if the name is null or if the name is an empty string.               </dd><dd> <code><a href="../../javax/jms/MessageNotWriteableException.html" title="class in javax.jms">MessageNotWriteableException</a></code> - if the message is in read-only mode.         </dd>  </dl></li></ul> <a end_ctx_id="method:setChar(java.lang.String, char)"/>  </td></tr></table></td></tr></table><table border="0" cellpadding="1" cellspacing="0" width="100%"><tr><td><h3 class="ctxid">method:setInt(java.lang.String, int) [NONE]</h3></td></tr><tr><td><table border="0" cellpadding="5" cellspacing="1" bgcolor="black" width="100%"><tr valign="top"><td bgcolor="#FFFFFF" colspan="1"> <a start_ctx_id="method:setInt(java.lang.String, int)"/><a name="setInt(java.lang.String, int)"/><ul class="blockList"><li class="blockList"><h4>setInt</h4><pre>void setInt(<a href="http://download.oracle.com/javase/6/docs/api/java/lang/String.html?is-external=true" title="class or interface in java.lang">String</a> name,
          int value)
            throws <a href="../../javax/jms/JMSException.html" title="class in javax.jms">JMSException</a></pre><div class="block">Sets an <code>int</code> value with the specified name into the Map.          </div><dl> <dt> <span class="strong">Parameters:</span>   </dt><dd> <code>name</code> - the name of the <code>int</code>       </dd><dd> <code>value</code> - the <code>int</code> value to set in the Map          </dd> <dt> <span class="strong">Throws:</span>   </dt><dd> <code><a href="../../javax/jms/JMSException.html" title="class in javax.jms">JMSException</a></code> - if the JMS provider fails to write the message due to some internal error.                </dd><dd> <code><a href="http://download.oracle.com/javase/6/docs/api/java/lang/IllegalArgumentException.html?is-external=true" title="class or interface in java.lang">IllegalArgumentException</a></code> - if the name is null or if the name is an empty string.               </dd><dd> <code><a href="../../javax/jms/MessageNotWriteableException.html" title="class in javax.jms">MessageNotWriteableException</a></code> - if the message is in read-only mode.         </dd>  </dl></li></ul> <a end_ctx_id="method:setInt(java.lang.String, int)"/>  </td></tr></table></td></tr></table><table border="0" cellpadding="1" cellspacing="0" width="100%"><tr><td><h3 class="ctxid">method:setLong(java.lang.String, long) [NONE]</h3></td></tr><tr><td><table border="0" cellpadding="5" cellspacing="1" bgcolor="black" width="100%"><tr valign="top"><td bgcolor="#FFFFFF" colspan="1"> <a start_ctx_id="method:setLong(java.lang.String, long)"/><a name="setLong(java.lang.String, long)"/><ul class="blockList"><li class="blockList"><h4>setLong</h4><pre>void setLong(<a href="http://download.oracle.com/javase/6/docs/api/java/lang/String.html?is-external=true" title="class or interface in java.lang">String</a> name,
           long value)
             throws <a href="../../javax/jms/JMSException.html" title="class in javax.jms">JMSException</a></pre><div class="block">Sets a <code>long</code> value with the specified name into the Map.          </div><dl> <dt> <span class="strong">Parameters:</span>   </dt><dd> <code>name</code> - the name of the <code>long</code>       </dd><dd> <code>value</code> - the <code>long</code> value to set in the Map          </dd> <dt> <span class="strong">Throws:</span>   </dt><dd> <code><a href="../../javax/jms/JMSException.html" title="class in javax.jms">JMSException</a></code> - if the JMS provider fails to write the message due to some internal error.                </dd><dd> <code><a href="http://download.oracle.com/javase/6/docs/api/java/lang/IllegalArgumentException.html?is-external=true" title="class or interface in java.lang">IllegalArgumentException</a></code> - if the name is null or if the name is an empty string.               </dd><dd> <code><a href="../../javax/jms/MessageNotWriteableException.html" title="class in javax.jms">MessageNotWriteableException</a></code> - if the message is in read-only mode.         </dd>  </dl></li></ul> <a end_ctx_id="method:setLong(java.lang.String, long)"/>  </td></tr></table></td></tr></table><table border="0" cellpadding="1" cellspacing="0" width="100%"><tr><td><h3 class="ctxid">method:setFloat(java.lang.String, float) [NONE]</h3></td></tr><tr><td><table border="0" cellpadding="5" cellspacing="1" bgcolor="black" width="100%"><tr valign="top"><td bgcolor="#FFFFFF" colspan="1"> <a start_ctx_id="method:setFloat(java.lang.String, float)"/><a name="setFloat(java.lang.String, float)"/><ul class="blockList"><li class="blockList"><h4>setFloat</h4><pre>void setFloat(<a href="http://download.oracle.com/javase/6/docs/api/java/lang/String.html?is-external=true" title="class or interface in java.lang">String</a> name,
            float value)
              throws <a href="../../javax/jms/JMSException.html" title="class in javax.jms">JMSException</a></pre><div class="block">Sets a <code>float</code> value with the specified name into the Map.          </div><dl> <dt> <span class="strong">Parameters:</span>   </dt><dd> <code>name</code> - the name of the <code>float</code>       </dd><dd> <code>value</code> - the <code>float</code> value to set in the Map          </dd> <dt> <span class="strong">Throws:</span>   </dt><dd> <code><a href="../../javax/jms/JMSException.html" title="class in javax.jms">JMSException</a></code> - if the JMS provider fails to write the message due to some internal error.                </dd><dd> <code><a href="http://download.oracle.com/javase/6/docs/api/java/lang/IllegalArgumentException.html?is-external=true" title="class or interface in java.lang">IllegalArgumentException</a></code> - if the name is null or if the name is an empty string.               </dd><dd> <code><a href="../../javax/jms/MessageNotWriteableException.html" title="class in javax.jms">MessageNotWriteableException</a></code> - if the message is in read-only mode.         </dd>  </dl></li></ul> <a end_ctx_id="method:setFloat(java.lang.String, float)"/>  </td></tr></table></td></tr></table><table border="0" cellpadding="1" cellspacing="0" width="100%"><tr><td><h3 class="ctxid">method:setDouble(java.lang.String, double) [NONE]</h3></td></tr><tr><td><table border="0" cellpadding="5" cellspacing="1" bgcolor="black" width="100%"><tr valign="top"><td bgcolor="#FFFFFF" colspan="1"> <a start_ctx_id="method:setDouble(java.lang.String, double)"/><a name="setDouble(java.lang.String, double)"/><ul class="blockList"><li class="blockList"><h4>setDouble</h4><pre>void setDouble(<a href="http://download.oracle.com/javase/6/docs/api/java/lang/String.html?is-external=true" title="class or interface in java.lang">String</a> name,
             double value)
               throws <a href="../../javax/jms/JMSException.html" title="class in javax.jms">JMSException</a></pre><div class="block">Sets a <code>double</code> value with the specified name into the Map.          </div><dl> <dt> <span class="strong">Parameters:</span>   </dt><dd> <code>name</code> - the name of the <code>double</code>       </dd><dd> <code>value</code> - the <code>double</code> value to set in the Map          </dd> <dt> <span class="strong">Throws:</span>   </dt><dd> <code><a href="../../javax/jms/JMSException.html" title="class in javax.jms">JMSException</a></code> - if the JMS provider fails to write the message due to some internal error.                </dd><dd> <code><a href="http://download.oracle.com/javase/6/docs/api/java/lang/IllegalArgumentException.html?is-external=true" title="class or interface in java.lang">IllegalArgumentException</a></code> - if the name is null or if the name is an empty string.               </dd><dd> <code><a href="../../javax/jms/MessageNotWriteableException.html" title="class in javax.jms">MessageNotWriteableException</a></code> - if the message is in read-only mode.         </dd>  </dl></li></ul> <a end_ctx_id="method:setDouble(java.lang.String, double)"/>  </td></tr></table></td></tr></table><table border="0" cellpadding="1" cellspacing="0" width="100%"><tr><td><h3 class="ctxid">method:setString(java.lang.String, java.lang.String) [NONE]</h3></td></tr><tr><td><table border="0" cellpadding="5" cellspacing="1" bgcolor="black" width="100%"><tr valign="top"><td bgcolor="#FFFFFF" colspan="1"> <a start_ctx_id="method:setString(java.lang.String, java.lang.String)"/><a name="setString(java.lang.String, java.lang.String)"/><ul class="blockList"><li class="blockList"><h4>setString</h4><pre>void setString(<a href="http://download.oracle.com/javase/6/docs/api/java/lang/String.html?is-external=true" title="class or interface in java.lang">String</a> name,
             <a href="http://download.oracle.com/javase/6/docs/api/java/lang/String.html?is-external=true" title="class or interface in java.lang">String</a> value)
               throws <a href="../../javax/jms/JMSException.html" title="class in javax.jms">JMSException</a></pre><div class="block">Sets a <code>String</code> value with the specified name into the Map.          </div><dl> <dt> <span class="strong">Parameters:</span>   </dt><dd> <code>name</code> - the name of the <code>String</code>       </dd><dd> <code>value</code> - the <code>String</code> value to set in the Map          </dd> <dt> <span class="strong">Throws:</span>   </dt><dd> <code><a href="../../javax/jms/JMSException.html" title="class in javax.jms">JMSException</a></code> - if the JMS provider fails to write the message due to some internal error.                </dd><dd> <code><a href="http://download.oracle.com/javase/6/docs/api/java/lang/IllegalArgumentException.html?is-external=true" title="class or interface in java.lang">IllegalArgumentException</a></code> - if the name is null or if the name is an empty string.               </dd><dd> <code><a href="../../javax/jms/MessageNotWriteableException.html" title="class in javax.jms">MessageNotWriteableException</a></code> - if the message is in read-only mode.         </dd>  </dl></li></ul> <a end_ctx_id="method:setString(java.lang.String, java.lang.String)"/>  </td></tr></table></td></tr></table><table border="0" cellpadding="1" cellspacing="0" width="100%"><tr><td><h3 class="ctxid">method:setBytes(java.lang.String, byte[]) [NONE]</h3></td></tr><tr><td><table border="0" cellpadding="5" cellspacing="1" bgcolor="black" width="100%"><tr valign="top"><td bgcolor="#FFFFFF" colspan="1"> <a start_ctx_id="method:setBytes(java.lang.String, byte[])"/><a name="setBytes(java.lang.String, byte[])"/><ul class="blockList"><li class="blockList"><h4>setBytes</h4><pre>void setBytes(<a href="http://download.oracle.com/javase/6/docs/api/java/lang/String.html?is-external=true" title="class or interface in java.lang">String</a> name,
            byte[] value)
              throws <a href="../../javax/jms/JMSException.html" title="class in javax.jms">JMSException</a></pre><div class="block">Sets a byte array value with the specified name into the Map.           </div><dl> <dt> <span class="strong">Parameters:</span>   </dt><dd> <code>name</code> - the name of the byte array        </dd><dd> <code>value</code> - the byte array value to set in the Map; the array is copied so that the value for <code>name</code> will not be altered by future modifications                            </dd> <dt> <span class="strong">Throws:</span>   </dt><dd> <code><a href="../../javax/jms/JMSException.html" title="class in javax.jms">JMSException</a></code> - if the JMS provider fails to write the message due to some internal error.                </dd><dd> <code><a href="http://download.oracle.com/javase/6/docs/api/java/lang/NullPointerException.html?is-external=true" title="class or interface in java.lang">NullPointerException</a></code> - if the name is null, or if the name is an empty string.               </dd><dd> <code><a href="../../javax/jms/MessageNotWriteableException.html" title="class in javax.jms">MessageNotWriteableException</a></code> - if the message is in read-only mode.         </dd>  </dl></li></ul> <a end_ctx_id="method:setBytes(java.lang.String, byte[])"/>  </td></tr></table></td></tr></table><table border="0" cellpadding="1" cellspacing="0" width="100%"><tr><td><h3 class="ctxid">method:setBytes(java.lang.String, byte[], int, int) [NONE]</h3></td></tr><tr><td><table border="0" cellpadding="5" cellspacing="1" bgcolor="black" width="100%"><tr valign="top"><td bgcolor="#FFFFFF" colspan="1"> <a start_ctx_id="method:setBytes(java.lang.String, byte[], int, int)"/><a name="setBytes(java.lang.String, byte[], int, int)"/><ul class="blockList"><li class="blockList"><h4>setBytes</h4><pre>void setBytes(<a href="http://download.oracle.com/javase/6/docs/api/java/lang/String.html?is-external=true" title="class or interface in java.lang">String</a> name,
            byte[] value,
            int offset,
            int length)
              throws <a href="../../javax/jms/JMSException.html" title="class in javax.jms">JMSException</a></pre><div class="block">Sets a portion of the byte array value with the specified name into the Map.              </div><dl> <dt> <span class="strong">Parameters:</span>   </dt><dd> <code>name</code> - the name of the byte array        </dd><dd> <code>value</code> - the byte array value to set in the Map           </dd><dd> <code>offset</code> - the initial offset within the byte array         </dd><dd> <code>length</code> - the number of bytes to use        </dd> <dt> <span class="strong">Throws:</span>   </dt><dd> <code><a href="../../javax/jms/JMSException.html" title="class in javax.jms">JMSException</a></code> - if the JMS provider fails to write the message due to some internal error.                </dd><dd> <code><a href="http://download.oracle.com/javase/6/docs/api/java/lang/IllegalArgumentException.html?is-external=true" title="class or interface in java.lang">IllegalArgumentException</a></code> - if the name is null or if the name is an empty string.               </dd><dd> <code><a href="../../javax/jms/MessageNotWriteableException.html" title="class in javax.jms">MessageNotWriteableException</a></code> - if the message is in read-only mode.         </dd>  </dl></li></ul> <a end_ctx_id="method:setBytes(java.lang.String, byte[], int, int)"/>  </td></tr></table></td></tr></table><table border="0" cellpadding="1" cellspacing="0" width="100%"><tr><td><h3 class="ctxid">method:setObject(java.lang.String, java.lang.Object) [NONE]</h3></td></tr><tr><td><table border="0" cellpadding="5" cellspacing="1" bgcolor="black" width="100%"><tr valign="top"><td bgcolor="#FFFFFF" colspan="1"> <a start_ctx_id="method:setObject(java.lang.String, java.lang.Object)"/><a name="setObject(java.lang.String, java.lang.Object)"/><ul class="blockList"><li class="blockList"><h4>setObject</h4><pre>void setObject(<a href="http://download.oracle.com/javase/6/docs/api/java/lang/String.html?is-external=true" title="class or interface in java.lang">String</a> name,
             <a href="http://download.oracle.com/javase/6/docs/api/java/lang/Object.html?is-external=true" title="class or interface in java.lang">Object</a> value)
               throws <a href="../../javax/jms/JMSException.html" title="class in javax.jms">JMSException</a></pre><div class="block">Sets an object value with the specified name into the Map.<p>This method works only for the objectified primitive object types (<code>Integer</code>, <code>Double</code>, <code>Long</code> ...), <code>String</code> objects, and byte arrays.                 </p>          </div><dl> <dt> <span class="strong">Parameters:</span>   </dt><dd> <code>name</code> - the name of the Java object        </dd><dd> <code>value</code> - the Java object value to set in the Map           </dd> <dt> <span class="strong">Throws:</span>   </dt><dd> <code><a href="../../javax/jms/JMSException.html" title="class in javax.jms">JMSException</a></code> - if the JMS provider fails to write the message due to some internal error.                </dd><dd> <code><a href="http://download.oracle.com/javase/6/docs/api/java/lang/IllegalArgumentException.html?is-external=true" title="class or interface in java.lang">IllegalArgumentException</a></code> - if the name is null or if the name is an empty string.               </dd><dd> <code><a href="../../javax/jms/MessageFormatException.html" title="class in javax.jms">MessageFormatException</a></code> - if the object is invalid.       </dd><dd> <code><a href="../../javax/jms/MessageNotWriteableException.html" title="class in javax.jms">MessageNotWriteableException</a></code> - if the message is in read-only mode.         </dd>  </dl></li></ul> <a end_ctx_id="method:setObject(java.lang.String, java.lang.Object)"/>  </td></tr></table></td></tr></table><table border="0" cellpadding="1" cellspacing="0" width="100%"><tr><td><h3 class="ctxid">method:itemExists(java.lang.String) [NONE]</h3></td></tr><tr><td><table border="0" cellpadding="5" cellspacing="1" bgcolor="black" width="100%"><tr valign="top"><td bgcolor="#FFFFFF" colspan="1"> <a start_ctx_id="method:itemExists(java.lang.String)"/><a name="itemExists(java.lang.String)"/><ul class="blockListLast"><li class="blockList"><h4>itemExists</h4><pre>boolean itemExists(<a href="http://download.oracle.com/javase/6/docs/api/java/lang/String.html?is-external=true" title="class or interface in java.lang">String</a> name)
                   throws <a href="../../javax/jms/JMSException.html" title="class in javax.jms">JMSException</a></pre><div class="block">Indicates whether an item exists in this <code>MapMessage</code> object.        </div><dl> <dt> <span class="strong">Parameters:</span>   </dt><dd> <code>name</code> - the name of the item to test         </dd> <dt> <span class="strong">Returns:</span>   </dt><dd>true if the item exists    </dd> <dt> <span class="strong">Throws:</span>   </dt><dd> <code><a href="../../javax/jms/JMSException.html" title="class in javax.jms">JMSException</a></code> - if the JMS provider fails to determine if the item exists due to some internal error.                  </dd>   </dl></li></ul> <a end_ctx_id="method:itemExists(java.lang.String)"/>  </td></tr></table></td></tr></table></diff></diffreport>