<?xml version="1.0" encoding="UTF-8" standalone="yes"?><Document><name>javax\jms\MapMessage.spec</name><Context><name>class:MapMessage</name><mt>NONE</mt></Context><Context><name>method:getBoolean(java.lang.String)</name><mt>NONE</mt></Context><Context><name>method:getByte(java.lang.String)</name><mt>NONE</mt></Context><Context><name>method:getBytes(java.lang.String)</name><mt>NONE</mt></Context><Context><name>method:getChar(java.lang.String)</name><mt>NONE</mt></Context><Context><name>method:getDouble(java.lang.String)</name><mt>NONE</mt></Context><Context><name>method:getFloat(java.lang.String)</name><mt>NONE</mt></Context><Context><name>method:getInt(java.lang.String)</name><mt>NONE</mt></Context><Context><name>method:getLong(java.lang.String)</name><mt>NONE</mt></Context><Context><name>method:getMapNames()</name><mt>NONE</mt></Context><Context><name>method:getObject(java.lang.String)</name><mt>NONE</mt></Context><Context><name>method:getShort(java.lang.String)</name><mt>NONE</mt></Context><Context><name>method:getString(java.lang.String)</name><mt>NONE</mt></Context><Context><name>method:itemExists(java.lang.String)</name><mt>NONE</mt></Context><Context><name>method:setBoolean(java.lang.String, boolean)</name><mt>NONE</mt></Context><Context><name>method:setByte(java.lang.String, byte)</name><mt>NONE</mt></Context><Context><name>method:setBytes(java.lang.String, byte[])</name><mt>NONE</mt></Context><Context><name>method:setBytes(java.lang.String, byte[], int, int)</name><mt>NONE</mt></Context><Context><name>method:setChar(java.lang.String, char)</name><mt>NONE</mt></Context><Context><name>method:setDouble(java.lang.String, double)</name><mt>NONE</mt></Context><Context><name>method:setFloat(java.lang.String, float)</name><mt>NONE</mt></Context><Context><name>method:setInt(java.lang.String, int)</name><mt>NONE</mt></Context><Context><name>method:setLong(java.lang.String, long)</name><mt>NONE</mt></Context><Context><name>method:setObject(java.lang.String, java.lang.Object)</name><mt>NONE</mt></Context><Context><name>method:setShort(java.lang.String, short)</name><mt>NONE</mt></Context><Context><name>method:setString(java.lang.String, java.lang.String)</name><mt>NONE</mt></Context><Stat><name>javax\jms\MapMessage.spec</name><mt>NONE</mt><Group name="context"><Item name="ADDED" count="0"/><Item name="REMOVED" count="0"/><Item name="CHANGED" count="0"/><Item name="MODIFIED" count="0"/><Item name="TOTAL" count="26"/></Group><Group name="assertion"><Item name="ADDED" count="0"/><Item name="REMOVED" count="0"/><Item name="CHANGED" count="0"/><Item name="MODIFIED" count="0"/><Item name="TOTAL" count="0"/></Group></Stat></Document>