<?xml version="1.0" encoding="UTF-8" standalone="yes"?><Document><name>javax\jms\MessageConsumer.spec</name><Context><name>class:MessageConsumer</name><mt>NONE</mt></Context><Context><name>method:close()</name><mt>NONE</mt></Context><Context><name>method:getMessageListener()</name><mt>NONE</mt></Context><Context><name>method:getMessageSelector()</name><mt>NONE</mt></Context><Context><name>method:receive()</name><mt>NONE</mt></Context><Context><name>method:receive(long)</name><mt>NONE</mt></Context><Context><name>method:receiveNoWait()</name><mt>NONE</mt></Context><Context><name>method:setMessageListener(javax.jms.MessageListener)</name><mt>NONE</mt></Context><Stat><name>javax\jms\MessageConsumer.spec</name><mt>NONE</mt><Group name="context"><Item name="ADDED" count="0"/><Item name="REMOVED" count="0"/><Item name="CHANGED" count="0"/><Item name="MODIFIED" count="0"/><Item name="TOTAL" count="8"/></Group><Group name="assertion"><Item name="ADDED" count="0"/><Item name="REMOVED" count="0"/><Item name="CHANGED" count="0"/><Item name="MODIFIED" count="0"/><Item name="TOTAL" count="0"/></Group></Stat></Document>