<?xml version="1.0" encoding="UTF-8" standalone="yes"?><Document><name>javax\jms\MessageProducer.spec</name><Context><name>class:MessageProducer</name><mt>NONE</mt></Context><Context><name>method:close()</name><mt>NONE</mt></Context><Context><name>method:getDeliveryMode()</name><mt>NONE</mt></Context><Context><name>method:getDestination()</name><mt>NONE</mt></Context><Context><name>method:getDisableMessageID()</name><mt>NONE</mt></Context><Context><name>method:getDisableMessageTimestamp()</name><mt>NONE</mt></Context><Context><name>method:getPriority()</name><mt>NONE</mt></Context><Context><name>method:getTimeToLive()</name><mt>NONE</mt></Context><Context><name>method:send(javax.jms.Destination, javax.jms.Message)</name><mt>NONE</mt></Context><Context><name>method:send(javax.jms.Destination, javax.jms.Message, int, int, long)</name><mt>NONE</mt></Context><Context><name>method:send(javax.jms.Message)</name><mt>NONE</mt></Context><Context><name>method:send(javax.jms.Message, int, int, long)</name><mt>NONE</mt></Context><Context><name>method:setDeliveryMode(int)</name><mt>NONE</mt></Context><Context><name>method:setDisableMessageID(boolean)</name><mt>NONE</mt></Context><Context><name>method:setDisableMessageTimestamp(boolean)</name><mt>NONE</mt></Context><Context><name>method:setPriority(int)</name><mt>NONE</mt></Context><Context><name>method:setTimeToLive(long)</name><mt>NONE</mt></Context><Stat><name>javax\jms\MessageProducer.spec</name><mt>NONE</mt><Group name="context"><Item name="ADDED" count="0"/><Item name="REMOVED" count="0"/><Item name="CHANGED" count="0"/><Item name="MODIFIED" count="0"/><Item name="TOTAL" count="17"/></Group><Group name="assertion"><Item name="ADDED" count="0"/><Item name="REMOVED" count="0"/><Item name="CHANGED" count="0"/><Item name="MODIFIED" count="0"/><Item name="TOTAL" count="0"/></Group></Stat></Document>