<?xml version="1.0" encoding="UTF-8"?><diffreport><diff><table border="0" cellpadding="1" cellspacing="0" width="100%"><tr><td><h3 class="ctxid">class:MessageProducer [NONE]</h3></td></tr><tr><td><table border="0" cellpadding="5" cellspacing="1" bgcolor="black" width="100%"><tr valign="top"><td bgcolor="#FFFFFF" colspan="1"><div class="description"> <a start_ctx_id="class:MessageProducer"/><ul class="blockList"><li class="blockList"><dl> <dt>All Known Subinterfaces:  </dt><dd> <a href="../../javax/jms/QueueSender.html" title="interface in javax.jms">QueueSender</a>, <a href="../../javax/jms/TopicPublisher.html" title="interface in javax.jms">TopicPublisher</a>  </dd> </dl> <hr/> <br/><pre>public interface <span class="strong">MessageProducer</span></pre><div class="block">A client uses a <code>MessageProducer</code> object to send messages to a destination. A <code>MessageProducer</code> object is created by passing a <code>Destination</code> object to a message-producer creation method supplied by a session.<p> <code>MessageProducer</code> is the parent interface for all message producers.         </p><p>A client also has the option of creating a message producer without supplying a destination. In this case, a destination must be provided with every send operation. A typical use for this kind of message producer is to send replies to requests using the request's <code>JMSReplyTo</code> destination.                                              </p><p>A client can specify a default delivery mode, priority, and time to live for messages sent by a message producer. It can also specify the delivery mode, priority, and time to live for an individual message.                                   </p><p>A client can specify a time-to-live value in milliseconds for each message it sends. This value defines a message expiration time that is the sum of the message's time-to-live and the GMT when it is sent (for transacted sends, this is the time the client sends the message, not the time the transaction is committed).                                                      </p><p>A JMS provider should do its best to expire messages accurately; however, the JMS API does not define the accuracy provided.                    </p>                              </div><dl> <dt> <span class="strong">Version:</span>   </dt><dd>1.1 - February 2, 2002    </dd> <dt> <span class="strong">Author:</span>   </dt><dd>Mark Hapner, Rich Burridge, Kate Stout     </dd> <dt> <span class="strong">See Also: </span>   </dt><dd> <a href="../../javax/jms/TopicPublisher.html" title="interface in javax.jms"><code>TopicPublisher</code></a>, <a href="../../javax/jms/QueueSender.html" title="interface in javax.jms"><code>QueueSender</code></a>, <a href="../../javax/jms/Session.html#createProducer(javax.jms.Destination)"><code>Session.createProducer(javax.jms.Destination)</code></a>   </dd>   </dl>  </li></ul> </div> <a end_ctx_id="class:MessageProducer"/> </td></tr></table></td></tr></table><table border="0" cellpadding="1" cellspacing="0" width="100%"><tr><td><h3 class="ctxid">method:setDisableMessageID(boolean) [NONE]</h3></td></tr><tr><td><table border="0" cellpadding="5" cellspacing="1" bgcolor="black" width="100%"><tr valign="top"><td bgcolor="#FFFFFF" colspan="1"> <a start_ctx_id="method:setDisableMessageID(boolean)"/><a name="setDisableMessageID(boolean)"/><ul class="blockList"><li class="blockList"><h4>setDisableMessageID</h4><pre>void setDisableMessageID(boolean value)
                         throws <a href="../../javax/jms/JMSException.html" title="class in javax.jms">JMSException</a></pre><div class="block">Sets whether message IDs are disabled.<p>Since message IDs take some effort to create and increase a message's size, some JMS providers may be able to optimize message overhead if they are given a hint that the message ID is not used by an application. By calling the <code>setDisableMessageID</code> method on this message producer, a JMS client enables this potential optimization for all messages sent by this message producer. If the JMS provider accepts this hint, these messages must have the message ID set to null; if the provider ignores the hint, the message ID must be set to its normal unique value.                                                                                                </p><p>Message IDs are enabled by default.     </p>     </div><dl> <dt> <span class="strong">Parameters:</span>   </dt><dd> <code>value</code> - indicates if message IDs are disabled        </dd> <dt> <span class="strong">Throws:</span>   </dt><dd> <code><a href="../../javax/jms/JMSException.html" title="class in javax.jms">JMSException</a></code> - if the JMS provider fails to set message ID to disabled due to some internal error.                  </dd>  </dl></li></ul> <a end_ctx_id="method:setDisableMessageID(boolean)"/>  </td></tr></table></td></tr></table><table border="0" cellpadding="1" cellspacing="0" width="100%"><tr><td><h3 class="ctxid">method:getDisableMessageID() [NONE]</h3></td></tr><tr><td><table border="0" cellpadding="5" cellspacing="1" bgcolor="black" width="100%"><tr valign="top"><td bgcolor="#FFFFFF" colspan="1"> <a start_ctx_id="method:getDisableMessageID()"/><a name="getDisableMessageID()"/><ul class="blockList"><li class="blockList"><h4>getDisableMessageID</h4><pre>boolean getDisableMessageID()
                            throws <a href="../../javax/jms/JMSException.html" title="class in javax.jms">JMSException</a></pre><div class="block">Gets an indication of whether message IDs are disabled.        </div><dl> <dt> <span class="strong">Returns:</span>   </dt><dd>an indication of whether message IDs are disabled       </dd> <dt> <span class="strong">Throws:</span>   </dt><dd> <code><a href="../../javax/jms/JMSException.html" title="class in javax.jms">JMSException</a></code> - if the JMS provider fails to determine if message IDs are disabled due to some internal error.                   </dd>  </dl></li></ul> <a end_ctx_id="method:getDisableMessageID()"/>  </td></tr></table></td></tr></table><table border="0" cellpadding="1" cellspacing="0" width="100%"><tr><td><h3 class="ctxid">method:setDisableMessageTimestamp(boolean) [NONE]</h3></td></tr><tr><td><table border="0" cellpadding="5" cellspacing="1" bgcolor="black" width="100%"><tr valign="top"><td bgcolor="#FFFFFF" colspan="1"> <a start_ctx_id="method:setDisableMessageTimestamp(boolean)"/><a name="setDisableMessageTimestamp(boolean)"/><ul class="blockList"><li class="blockList"><h4>setDisableMessageTimestamp</h4><pre>void setDisableMessageTimestamp(boolean value)
                                throws <a href="../../javax/jms/JMSException.html" title="class in javax.jms">JMSException</a></pre><div class="block">Sets whether message timestamps are disabled.<p>Since timestamps take some effort to create and increase a message's size, some JMS providers may be able to optimize message overhead if they are given a hint that the timestamp is not used by an application. By calling the <code>setDisableMessageTimestamp</code> method on this message producer, a JMS client enables this potential optimization for all messages sent by this message producer. If the JMS provider accepts this hint, these messages must have the timestamp set to zero; if the provider ignores the hint, the timestamp must be set to its normal value.                                                                                           </p><p>Message timestamps are enabled by default.     </p>     </div><dl> <dt> <span class="strong">Parameters:</span>   </dt><dd> <code>value</code> - indicates if message timestamps are disabled        </dd> <dt> <span class="strong">Throws:</span>   </dt><dd> <code><a href="../../javax/jms/JMSException.html" title="class in javax.jms">JMSException</a></code> - if the JMS provider fails to set timestamps to disabled due to some internal error.                 </dd>  </dl></li></ul> <a end_ctx_id="method:setDisableMessageTimestamp(boolean)"/>  </td></tr></table></td></tr></table><table border="0" cellpadding="1" cellspacing="0" width="100%"><tr><td><h3 class="ctxid">method:getDisableMessageTimestamp() [NONE]</h3></td></tr><tr><td><table border="0" cellpadding="5" cellspacing="1" bgcolor="black" width="100%"><tr valign="top"><td bgcolor="#FFFFFF" colspan="1"> <a start_ctx_id="method:getDisableMessageTimestamp()"/><a name="getDisableMessageTimestamp()"/><ul class="blockList"><li class="blockList"><h4>getDisableMessageTimestamp</h4><pre>boolean getDisableMessageTimestamp()
                                   throws <a href="../../javax/jms/JMSException.html" title="class in javax.jms">JMSException</a></pre><div class="block">Gets an indication of whether message timestamps are disabled.        </div><dl> <dt> <span class="strong">Returns:</span>   </dt><dd>an indication of whether message timestamps are disabled       </dd> <dt> <span class="strong">Throws:</span>   </dt><dd> <code><a href="../../javax/jms/JMSException.html" title="class in javax.jms">JMSException</a></code> - if the JMS provider fails to determine if timestamps are disabled due to some internal error.                  </dd>  </dl></li></ul> <a end_ctx_id="method:getDisableMessageTimestamp()"/>  </td></tr></table></td></tr></table><table border="0" cellpadding="1" cellspacing="0" width="100%"><tr><td><h3 class="ctxid">method:setDeliveryMode(int) [NONE]</h3></td></tr><tr><td><table border="0" cellpadding="5" cellspacing="1" bgcolor="black" width="100%"><tr valign="top"><td bgcolor="#FFFFFF" colspan="1"> <a start_ctx_id="method:setDeliveryMode(int)"/><a name="setDeliveryMode(int)"/><ul class="blockList"><li class="blockList"><h4>setDeliveryMode</h4><pre>void setDeliveryMode(int deliveryMode)
                     throws <a href="../../javax/jms/JMSException.html" title="class in javax.jms">JMSException</a></pre><div class="block">Sets the producer's default delivery mode.<p>Delivery mode is set to <code>PERSISTENT</code> by default.       </p>     </div><dl> <dt> <span class="strong">Parameters:</span>   </dt><dd> <code>deliveryMode</code> - the message delivery mode for this message producer; legal values are <code>DeliveryMode.NON_PERSISTENT</code> and <code>DeliveryMode.PERSISTENT</code>                </dd> <dt> <span class="strong">Throws:</span>   </dt><dd> <code><a href="../../javax/jms/JMSException.html" title="class in javax.jms">JMSException</a></code> - if the JMS provider fails to set the delivery mode due to some internal error.                 </dd> <dt> <span class="strong">See Also: </span>   </dt><dd> <a href="../../javax/jms/MessageProducer.html#getDeliveryMode()"><code>getDeliveryMode()</code></a>, <a href="../../javax/jms/DeliveryMode.html#NON_PERSISTENT"><code>DeliveryMode.NON_PERSISTENT</code></a>, <a href="../../javax/jms/DeliveryMode.html#PERSISTENT"><code>DeliveryMode.PERSISTENT</code></a>, <a href="../../javax/jms/Message.html#DEFAULT_DELIVERY_MODE"><code>Message.DEFAULT_DELIVERY_MODE</code></a>    </dd>   </dl></li></ul> <a end_ctx_id="method:setDeliveryMode(int)"/>  </td></tr></table></td></tr></table><table border="0" cellpadding="1" cellspacing="0" width="100%"><tr><td><h3 class="ctxid">method:getDeliveryMode() [NONE]</h3></td></tr><tr><td><table border="0" cellpadding="5" cellspacing="1" bgcolor="black" width="100%"><tr valign="top"><td bgcolor="#FFFFFF" colspan="1"> <a start_ctx_id="method:getDeliveryMode()"/><a name="getDeliveryMode()"/><ul class="blockList"><li class="blockList"><h4>getDeliveryMode</h4><pre>int getDeliveryMode()
                    throws <a href="../../javax/jms/JMSException.html" title="class in javax.jms">JMSException</a></pre><div class="block">Gets the producer's default delivery mode.     </div><dl> <dt> <span class="strong">Returns:</span>   </dt><dd>the message delivery mode for this message producer       </dd> <dt> <span class="strong">Throws:</span>   </dt><dd> <code><a href="../../javax/jms/JMSException.html" title="class in javax.jms">JMSException</a></code> - if the JMS provider fails to get the delivery mode due to some internal error.                 </dd> <dt> <span class="strong">See Also: </span>   </dt><dd> <a href="../../javax/jms/MessageProducer.html#setDeliveryMode(int)"><code>setDeliveryMode(int)</code></a> </dd>   </dl></li></ul> <a end_ctx_id="method:getDeliveryMode()"/>  </td></tr></table></td></tr></table><table border="0" cellpadding="1" cellspacing="0" width="100%"><tr><td><h3 class="ctxid">method:setPriority(int) [NONE]</h3></td></tr><tr><td><table border="0" cellpadding="5" cellspacing="1" bgcolor="black" width="100%"><tr valign="top"><td bgcolor="#FFFFFF" colspan="1"> <a start_ctx_id="method:setPriority(int)"/><a name="setPriority(int)"/><ul class="blockList"><li class="blockList"><h4>setPriority</h4><pre>void setPriority(int defaultPriority)
                 throws <a href="../../javax/jms/JMSException.html" title="class in javax.jms">JMSException</a></pre><div class="block">Sets the producer's default priority.<p>The JMS API defines ten levels of priority value, with 0 as the lowest priority and 9 as the highest. Clients should consider priorities 0-4 as gradations of normal priority and priorities 5-9 as gradations of expedited priority. Priority is set to 4 by default.                                            </p>    </div><dl> <dt> <span class="strong">Parameters:</span>   </dt><dd> <code>defaultPriority</code> - the message priority for this message producer; must be a value between 0 and 9                 </dd> <dt> <span class="strong">Throws:</span>   </dt><dd> <code><a href="../../javax/jms/JMSException.html" title="class in javax.jms">JMSException</a></code> - if the JMS provider fails to set the priority due to some internal error.                </dd> <dt> <span class="strong">See Also: </span>   </dt><dd> <a href="../../javax/jms/MessageProducer.html#getPriority()"><code>getPriority()</code></a>, <a href="../../javax/jms/Message.html#DEFAULT_PRIORITY"><code>Message.DEFAULT_PRIORITY</code></a>  </dd>   </dl></li></ul> <a end_ctx_id="method:setPriority(int)"/>  </td></tr></table></td></tr></table><table border="0" cellpadding="1" cellspacing="0" width="100%"><tr><td><h3 class="ctxid">method:getPriority() [NONE]</h3></td></tr><tr><td><table border="0" cellpadding="5" cellspacing="1" bgcolor="black" width="100%"><tr valign="top"><td bgcolor="#FFFFFF" colspan="1"> <a start_ctx_id="method:getPriority()"/><a name="getPriority()"/><ul class="blockList"><li class="blockList"><h4>getPriority</h4><pre>int getPriority()
                throws <a href="../../javax/jms/JMSException.html" title="class in javax.jms">JMSException</a></pre><div class="block">Gets the producer's default priority.    </div><dl> <dt> <span class="strong">Returns:</span>   </dt><dd>the message priority for this message producer      </dd> <dt> <span class="strong">Throws:</span>   </dt><dd> <code><a href="../../javax/jms/JMSException.html" title="class in javax.jms">JMSException</a></code> - if the JMS provider fails to get the priority due to some internal error.                </dd> <dt> <span class="strong">See Also: </span>   </dt><dd> <a href="../../javax/jms/MessageProducer.html#setPriority(int)"><code>setPriority(int)</code></a> </dd>   </dl></li></ul> <a end_ctx_id="method:getPriority()"/>  </td></tr></table></td></tr></table><table border="0" cellpadding="1" cellspacing="0" width="100%"><tr><td><h3 class="ctxid">method:setTimeToLive(long) [NONE]</h3></td></tr><tr><td><table border="0" cellpadding="5" cellspacing="1" bgcolor="black" width="100%"><tr valign="top"><td bgcolor="#FFFFFF" colspan="1"> <a start_ctx_id="method:setTimeToLive(long)"/><a name="setTimeToLive(long)"/><ul class="blockList"><li class="blockList"><h4>setTimeToLive</h4><pre>void setTimeToLive(long timeToLive)
                   throws <a href="../../javax/jms/JMSException.html" title="class in javax.jms">JMSException</a></pre><div class="block">Sets the default length of time in milliseconds from its dispatch time that a produced message should be retained by the message system.<p>Time to live is set to zero by default.        </p>                      </div><dl> <dt> <span class="strong">Parameters:</span>   </dt><dd> <code>timeToLive</code> - the message time to live in milliseconds; zero is unlimited            </dd> <dt> <span class="strong">Throws:</span>   </dt><dd> <code><a href="../../javax/jms/JMSException.html" title="class in javax.jms">JMSException</a></code> - if the JMS provider fails to set the time to live due to some internal error.                  </dd> <dt> <span class="strong">See Also: </span>   </dt><dd> <a href="../../javax/jms/MessageProducer.html#getTimeToLive()"><code>getTimeToLive()</code></a>, <a href="../../javax/jms/Message.html#DEFAULT_TIME_TO_LIVE"><code>Message.DEFAULT_TIME_TO_LIVE</code></a>  </dd>   </dl></li></ul> <a end_ctx_id="method:setTimeToLive(long)"/>  </td></tr></table></td></tr></table><table border="0" cellpadding="1" cellspacing="0" width="100%"><tr><td><h3 class="ctxid">method:getTimeToLive() [NONE]</h3></td></tr><tr><td><table border="0" cellpadding="5" cellspacing="1" bgcolor="black" width="100%"><tr valign="top"><td bgcolor="#FFFFFF" colspan="1"> <a start_ctx_id="method:getTimeToLive()"/><a name="getTimeToLive()"/><ul class="blockList"><li class="blockList"><h4>getTimeToLive</h4><pre>long getTimeToLive()
                   throws <a href="../../javax/jms/JMSException.html" title="class in javax.jms">JMSException</a></pre><div class="block">Gets the default length of time in milliseconds from its dispatch time that a produced message should be retained by the message system.                      </div><dl> <dt> <span class="strong">Returns:</span>   </dt><dd>the message time to live in milliseconds; zero is unlimited         </dd> <dt> <span class="strong">Throws:</span>   </dt><dd> <code><a href="../../javax/jms/JMSException.html" title="class in javax.jms">JMSException</a></code> - if the JMS provider fails to get the time to live due to some internal error.                  </dd> <dt> <span class="strong">See Also: </span>   </dt><dd> <a href="../../javax/jms/MessageProducer.html#setTimeToLive(long)"><code>setTimeToLive(long)</code></a> </dd>   </dl></li></ul> <a end_ctx_id="method:getTimeToLive()"/>  </td></tr></table></td></tr></table><table border="0" cellpadding="1" cellspacing="0" width="100%"><tr><td><h3 class="ctxid">method:getDestination() [NONE]</h3></td></tr><tr><td><table border="0" cellpadding="5" cellspacing="1" bgcolor="black" width="100%"><tr valign="top"><td bgcolor="#FFFFFF" colspan="1"> <a start_ctx_id="method:getDestination()"/><a name="getDestination()"/><ul class="blockList"><li class="blockList"><h4>getDestination</h4><pre><a href="../../javax/jms/Destination.html" title="interface in javax.jms">Destination</a> getDestination()
                           throws <a href="../../javax/jms/JMSException.html" title="class in javax.jms">JMSException</a></pre><div class="block">Gets the destination associated with this <code>MessageProducer</code>.      </div><dl> <dt> <span class="strong">Returns:</span>   </dt><dd>this producer's <code>Destination/<code/></code>  </dd> <dt> <span class="strong">Throws:</span>   </dt><dd> <code><a href="../../javax/jms/JMSException.html" title="class in javax.jms">JMSException</a></code> - if the JMS provider fails to get the destination for this <code>MessageProducer</code> due to some internal error.                   </dd> <dt> <span class="strong">Since:</span>   </dt><dd>1.1</dd>   </dl></li></ul> <a end_ctx_id="method:getDestination()"/>  </td></tr></table></td></tr></table><table border="0" cellpadding="1" cellspacing="0" width="100%"><tr><td><h3 class="ctxid">method:close() [NONE]</h3></td></tr><tr><td><table border="0" cellpadding="5" cellspacing="1" bgcolor="black" width="100%"><tr valign="top"><td bgcolor="#FFFFFF" colspan="1"> <a start_ctx_id="method:close()"/><a name="close()"/><ul class="blockList"><li class="blockList"><h4>close</h4><pre>void close()
           throws <a href="../../javax/jms/JMSException.html" title="class in javax.jms">JMSException</a></pre><div class="block">Closes the message producer.<p>Since a provider may allocate some resources on behalf of a <code>MessageProducer</code> outside the Java virtual machine, clients should close them when they are not needed. Relying on garbage collection to eventually reclaim these resources may not be timely enough.                                       </p>   </div><dl> <dt> <span class="strong">Throws:</span>   </dt><dd> <code><a href="../../javax/jms/JMSException.html" title="class in javax.jms">JMSException</a></code> - if the JMS provider fails to close the producer due to some internal error.                </dd> </dl></li></ul> <a end_ctx_id="method:close()"/>  </td></tr></table></td></tr></table><table border="0" cellpadding="1" cellspacing="0" width="100%"><tr><td><h3 class="ctxid">method:send(javax.jms.Message) [NONE]</h3></td></tr><tr><td><table border="0" cellpadding="5" cellspacing="1" bgcolor="black" width="100%"><tr valign="top"><td bgcolor="#FFFFFF" colspan="1"> <a start_ctx_id="method:send(javax.jms.Message)"/><a name="send(javax.jms.Message)"/><ul class="blockList"><li class="blockList"><h4>send</h4><pre>void send(<a href="../../javax/jms/Message.html" title="interface in javax.jms">Message</a> message)
          throws <a href="../../javax/jms/JMSException.html" title="class in javax.jms">JMSException</a></pre><div class="block">Sends a message using the <code>MessageProducer</code>'s default delivery mode, priority, and time to live.             </div><dl> <dt> <span class="strong">Parameters:</span>   </dt><dd> <code>message</code> - the message to send      </dd> <dt> <span class="strong">Throws:</span>   </dt><dd> <code><a href="../../javax/jms/JMSException.html" title="class in javax.jms">JMSException</a></code> - if the JMS provider fails to send the message due to some internal error.                </dd><dd> <code><a href="../../javax/jms/MessageFormatException.html" title="class in javax.jms">MessageFormatException</a></code> - if an invalid message is specified.        </dd><dd> <code><a href="../../javax/jms/InvalidDestinationException.html" title="class in javax.jms">InvalidDestinationException</a></code> - if a client uses this method with a <code>MessageProducer</code> with an invalid destination.               </dd><dd> <code><a href="http://download.oracle.com/javase/6/docs/api/java/lang/UnsupportedOperationException.html?is-external=true" title="class or interface in java.lang">UnsupportedOperationException</a></code> - if a client uses this method with a <code>MessageProducer</code> that did not specify a destination at creation time.                    </dd> <dt> <span class="strong">Since:</span>   </dt><dd>1.1</dd> <dt> <span class="strong">See Also: </span>   </dt><dd> <a href="../../javax/jms/Session.html#createProducer(javax.jms.Destination)"><code>Session.createProducer(javax.jms.Destination)</code></a>, <a href="../../javax/jms/MessageProducer.html" title="interface in javax.jms"><code>MessageProducer</code></a>  </dd>    </dl></li></ul> <a end_ctx_id="method:send(javax.jms.Message)"/>  </td></tr></table></td></tr></table><table border="0" cellpadding="1" cellspacing="0" width="100%"><tr><td><h3 class="ctxid">method:send(javax.jms.Message, int, int, long) [NONE]</h3></td></tr><tr><td><table border="0" cellpadding="5" cellspacing="1" bgcolor="black" width="100%"><tr valign="top"><td bgcolor="#FFFFFF" colspan="1"> <a start_ctx_id="method:send(javax.jms.Message, int, int, long)"/><a name="send(javax.jms.Message, int, int, long)"/><ul class="blockList"><li class="blockList"><h4>send</h4><pre>void send(<a href="../../javax/jms/Message.html" title="interface in javax.jms">Message</a> message,
        int deliveryMode,
        int priority,
        long timeToLive)
          throws <a href="../../javax/jms/JMSException.html" title="class in javax.jms">JMSException</a></pre><div class="block">Sends a message to the destination, specifying delivery mode, priority, and time to live.             </div><dl> <dt> <span class="strong">Parameters:</span>   </dt><dd> <code>message</code> - the message to send      </dd><dd> <code>deliveryMode</code> - the delivery mode to use       </dd><dd> <code>priority</code> - the priority for this message       </dd><dd> <code>timeToLive</code> - the message's lifetime (in milliseconds)       </dd> <dt> <span class="strong">Throws:</span>   </dt><dd> <code><a href="../../javax/jms/JMSException.html" title="class in javax.jms">JMSException</a></code> - if the JMS provider fails to send the message due to some internal error.                </dd><dd> <code><a href="../../javax/jms/MessageFormatException.html" title="class in javax.jms">MessageFormatException</a></code> - if an invalid message is specified.        </dd><dd> <code><a href="../../javax/jms/InvalidDestinationException.html" title="class in javax.jms">InvalidDestinationException</a></code> - if a client uses this method with a <code>MessageProducer</code> with an invalid destination.               </dd><dd> <code><a href="http://download.oracle.com/javase/6/docs/api/java/lang/UnsupportedOperationException.html?is-external=true" title="class or interface in java.lang">UnsupportedOperationException</a></code> - if a client uses this method with a <code>MessageProducer</code> that did not specify a destination at creation time.                    </dd> <dt> <span class="strong">Since:</span>   </dt><dd>1.1</dd> <dt> <span class="strong">See Also: </span>   </dt><dd> <a href="../../javax/jms/Session.html#createProducer(javax.jms.Destination)"><code>Session.createProducer(javax.jms.Destination)</code></a> </dd>    </dl></li></ul> <a end_ctx_id="method:send(javax.jms.Message, int, int, long)"/>  </td></tr></table></td></tr></table><table border="0" cellpadding="1" cellspacing="0" width="100%"><tr><td><h3 class="ctxid">method:send(javax.jms.Destination, javax.jms.Message) [NONE]</h3></td></tr><tr><td><table border="0" cellpadding="5" cellspacing="1" bgcolor="black" width="100%"><tr valign="top"><td bgcolor="#FFFFFF" colspan="1"> <a start_ctx_id="method:send(javax.jms.Destination, javax.jms.Message)"/><a name="send(javax.jms.Destination, javax.jms.Message)"/><ul class="blockList"><li class="blockList"><h4>send</h4><pre>void send(<a href="../../javax/jms/Destination.html" title="interface in javax.jms">Destination</a> destination,
        <a href="../../javax/jms/Message.html" title="interface in javax.jms">Message</a> message)
          throws <a href="../../javax/jms/JMSException.html" title="class in javax.jms">JMSException</a></pre><div class="block">Sends a message to a destination for an unidentified message producer. Uses the <code>MessageProducer</code>'s default delivery mode, priority, and time to live.<p>Typically, a message producer is assigned a destination at creation time; however, the JMS API also supports unidentified message producers, which require that the destination be supplied every time a message is sent.                                </p>                     </div><dl> <dt> <span class="strong">Parameters:</span>   </dt><dd> <code>destination</code> - the destination to send this message to         </dd><dd> <code>message</code> - the message to send      </dd> <dt> <span class="strong">Throws:</span>   </dt><dd> <code><a href="../../javax/jms/JMSException.html" title="class in javax.jms">JMSException</a></code> - if the JMS provider fails to send the message due to some internal error.                </dd><dd> <code><a href="../../javax/jms/MessageFormatException.html" title="class in javax.jms">MessageFormatException</a></code> - if an invalid message is specified.        </dd><dd> <code><a href="../../javax/jms/InvalidDestinationException.html" title="class in javax.jms">InvalidDestinationException</a></code> - if a client uses this method with an invalid destination.            </dd><dd> <code><a href="http://download.oracle.com/javase/6/docs/api/java/lang/UnsupportedOperationException.html?is-external=true" title="class or interface in java.lang">UnsupportedOperationException</a></code> - if a client uses this method with a <code>MessageProducer</code> that specified a destination at creation time.                  </dd> <dt> <span class="strong">Since:</span>   </dt><dd>1.1</dd> <dt> <span class="strong">See Also: </span>   </dt><dd> <a href="../../javax/jms/Session.html#createProducer(javax.jms.Destination)"><code>Session.createProducer(javax.jms.Destination)</code></a>, <a href="../../javax/jms/MessageProducer.html" title="interface in javax.jms"><code>MessageProducer</code></a>  </dd>    </dl></li></ul> <a end_ctx_id="method:send(javax.jms.Destination, javax.jms.Message)"/>  </td></tr></table></td></tr></table><table border="0" cellpadding="1" cellspacing="0" width="100%"><tr><td><h3 class="ctxid">method:send(javax.jms.Destination, javax.jms.Message, int, int, long) [NONE]</h3></td></tr><tr><td><table border="0" cellpadding="5" cellspacing="1" bgcolor="black" width="100%"><tr valign="top"><td bgcolor="#FFFFFF" colspan="1"> <a start_ctx_id="method:send(javax.jms.Destination, javax.jms.Message, int, int, long)"/><a name="send(javax.jms.Destination, javax.jms.Message, int, int, long)"/><ul class="blockListLast"><li class="blockList"><h4>send</h4><pre>void send(<a href="../../javax/jms/Destination.html" title="interface in javax.jms">Destination</a> destination,
        <a href="../../javax/jms/Message.html" title="interface in javax.jms">Message</a> message,
        int deliveryMode,
        int priority,
        long timeToLive)
          throws <a href="../../javax/jms/JMSException.html" title="class in javax.jms">JMSException</a></pre><div class="block">Sends a message to a destination for an unidentified message producer, specifying delivery mode, priority and time to live.<p>Typically, a message producer is assigned a destination at creation time; however, the JMS API also supports unidentified message producers, which require that the destination be supplied every time a message is sent.                                </p>                  </div><dl> <dt> <span class="strong">Parameters:</span>   </dt><dd> <code>destination</code> - the destination to send this message to         </dd><dd> <code>message</code> - the message to send      </dd><dd> <code>deliveryMode</code> - the delivery mode to use       </dd><dd> <code>priority</code> - the priority for this message       </dd><dd> <code>timeToLive</code> - the message's lifetime (in milliseconds)       </dd> <dt> <span class="strong">Throws:</span>   </dt><dd> <code><a href="../../javax/jms/JMSException.html" title="class in javax.jms">JMSException</a></code> - if the JMS provider fails to send the message due to some internal error.                </dd><dd> <code><a href="../../javax/jms/MessageFormatException.html" title="class in javax.jms">MessageFormatException</a></code> - if an invalid message is specified.        </dd><dd> <code><a href="../../javax/jms/InvalidDestinationException.html" title="class in javax.jms">InvalidDestinationException</a></code> - if a client uses this method with an invalid destination.            </dd> <dt> <span class="strong">Since:</span>   </dt><dd>1.1</dd> <dt> <span class="strong">See Also: </span>   </dt><dd> <a href="../../javax/jms/Session.html#createProducer(javax.jms.Destination)"><code>Session.createProducer(javax.jms.Destination)</code></a> </dd>    </dl></li></ul> <a end_ctx_id="method:send(javax.jms.Destination, javax.jms.Message, int, int, long)"/>  </td></tr></table></td></tr></table></diff></diffreport>