<?xml version="1.0" encoding="UTF-8" standalone="yes"?><Document><name>javax\jms\MessagingContext.spec</name><Context><name>class:MessagingContext</name><mt>ADDED</mt></Context><Context><name>field:AUTO_ACKNOWLEDGE</name><mt>ADDED</mt></Context><Context><name>field:CLIENT_ACKNOWLEDGE</name><mt>ADDED</mt></Context><Context><name>field:DUPS_OK_ACKNOWLEDGE</name><mt>ADDED</mt></Context><Context><name>field:SESSION_TRANSACTED</name><mt>ADDED</mt></Context><Context><name>method:close()</name><mt>ADDED</mt></Context><Context><name>method:commit()</name><mt>ADDED</mt></Context><Context><name>method:createBrowser(javax.jms.Queue)</name><mt>ADDED</mt></Context><Context><name>method:createBrowser(javax.jms.Queue, java.lang.String)</name><mt>ADDED</mt></Context><Context><name>method:createBytesMessage()</name><mt>ADDED</mt></Context><Context><name>method:createMapMessage()</name><mt>ADDED</mt></Context><Context><name>method:createMessage()</name><mt>ADDED</mt></Context><Context><name>method:createObjectMessage()</name><mt>ADDED</mt></Context><Context><name>method:createObjectMessage(java.io.Serializable)</name><mt>ADDED</mt></Context><Context><name>method:createQueue(java.lang.String)</name><mt>ADDED</mt></Context><Context><name>method:createStreamMessage()</name><mt>ADDED</mt></Context><Context><name>method:createSyncConsumer(javax.jms.Destination)</name><mt>ADDED</mt></Context><Context><name>method:createSyncConsumer(javax.jms.Destination, java.lang.String)</name><mt>ADDED</mt></Context><Context><name>method:createSyncConsumer(javax.jms.Destination, java.lang.String, boolean)</name><mt>ADDED</mt></Context><Context><name>method:createSyncDurableSubscriber(javax.jms.Topic, java.lang.String)</name><mt>ADDED</mt></Context><Context><name>method:createSyncDurableSubscriber(javax.jms.Topic, java.lang.String, java.lang.String, boolean)</name><mt>ADDED</mt></Context><Context><name>method:createTemporaryQueue()</name><mt>ADDED</mt></Context><Context><name>method:createTemporaryTopic()</name><mt>ADDED</mt></Context><Context><name>method:createTextMessage()</name><mt>ADDED</mt></Context><Context><name>method:createTextMessage(java.lang.String)</name><mt>ADDED</mt></Context><Context><name>method:createTopic(java.lang.String)</name><mt>ADDED</mt></Context><Context><name>method:getClientID()</name><mt>ADDED</mt></Context><Context><name>method:getDeliveryMode()</name><mt>ADDED</mt></Context><Context><name>method:getDisableMessageID()</name><mt>ADDED</mt></Context><Context><name>method:getDisableMessageTimestamp()</name><mt>ADDED</mt></Context><Context><name>method:getExceptionListener()</name><mt>ADDED</mt></Context><Context><name>method:getMetaData()</name><mt>ADDED</mt></Context><Context><name>method:getPriority()</name><mt>ADDED</mt></Context><Context><name>method:getSessionMode()</name><mt>ADDED</mt></Context><Context><name>method:getTimeToLive()</name><mt>ADDED</mt></Context><Context><name>method:getTransacted()</name><mt>ADDED</mt></Context><Context><name>method:recover()</name><mt>ADDED</mt></Context><Context><name>method:rollback()</name><mt>ADDED</mt></Context><Context><name>method:send(javax.jms.Destination, java.io.Serializable)</name><mt>ADDED</mt></Context><Context><name>method:send(javax.jms.Destination, java.lang.String)</name><mt>ADDED</mt></Context><Context><name>method:send(javax.jms.Destination, javax.jms.Message)</name><mt>ADDED</mt></Context><Context><name>method:send(javax.jms.Destination, javax.jms.Message, int, int, long)</name><mt>ADDED</mt></Context><Context><name>method:setClientID(java.lang.String)</name><mt>ADDED</mt></Context><Context><name>method:setDeliveryMode(int)</name><mt>ADDED</mt></Context><Context><name>method:setDisableMessageID(boolean)</name><mt>ADDED</mt></Context><Context><name>method:setDisableMessageTimestamp(boolean)</name><mt>ADDED</mt></Context><Context><name>method:setExceptionListener(javax.jms.ExceptionListener)</name><mt>ADDED</mt></Context><Context><name>method:setMessageListener(javax.jms.Destination, java.lang.String, boolean, javax.jms.MessageListener)</name><mt>ADDED</mt></Context><Context><name>method:setMessageListener(javax.jms.Destination, java.lang.String, javax.jms.MessageListener)</name><mt>ADDED</mt></Context><Context><name>method:setMessageListener(javax.jms.Destination, javax.jms.MessageListener)</name><mt>ADDED</mt></Context><Context><name>method:setMessageListener(javax.jms.Topic, java.lang.String, java.lang.String, boolean, javax.jms.MessageListener)</name><mt>ADDED</mt></Context><Context><name>method:setMessageListener(javax.jms.Topic, java.lang.String, javax.jms.MessageListener)</name><mt>ADDED</mt></Context><Context><name>method:setPriority(int)</name><mt>ADDED</mt></Context><Context><name>method:setTimeToLive(long)</name><mt>ADDED</mt></Context><Context><name>method:start()</name><mt>ADDED</mt></Context><Context><name>method:stop()</name><mt>ADDED</mt></Context><Context><name>method:unsubscribe(java.lang.String)</name><mt>ADDED</mt></Context><Stat><name>javax\jms\MessagingContext.spec</name><mt>ADDED</mt><Group name="context"><Item name="ADDED" count="57"/><Item name="REMOVED" count="0"/><Item name="CHANGED" count="0"/><Item name="MODIFIED" count="57"/><Item name="TOTAL" count="57"/></Group><Group name="assertion"><Item name="ADDED" count="0"/><Item name="REMOVED" count="0"/><Item name="CHANGED" count="0"/><Item name="MODIFIED" count="0"/><Item name="TOTAL" count="0"/></Group></Stat></Document>