<?xml version="1.0" encoding="UTF-8"?><diffreport><diff><table border="0" cellpadding="1" cellspacing="0" width="100%"><tr><td><h3 class="ctxid">class:MessageConsumer [NONE]</h3></td></tr><tr><td><table border="0" cellpadding="5" cellspacing="1" bgcolor="black" width="100%"><tr valign="top"><td bgcolor="#FFFFFF" colspan="1"><div class="description"> <a start_ctx_id="class:MessageConsumer"/><ul class="blockList"><li class="blockList"><dl> <dt>All Known Subinterfaces:  </dt><dd> <a href="../../javax/jms/QueueReceiver.html" title="interface in javax.jms">QueueReceiver</a>, <a href="../../javax/jms/TopicSubscriber.html" title="interface in javax.jms">TopicSubscriber</a>  </dd> </dl> <hr/> <br/><pre>public interface <span class="strong">MessageConsumer</span></pre><div class="block">A client uses a <code>MessageConsumer</code> object to receive messages from a destination. A <code>MessageConsumer</code> object is created by passing a <code>Destination</code> object to a message-consumer creation method supplied by a session.<p> <code>MessageConsumer</code> is the parent interface for all message consumers.         </p><p>A message consumer can be created with a message selector. A message selector allows the client to restrict the messages delivered to the message consumer to those that match the selector.                              </p><p>A client may either synchronously receive a message consumer's messages or have the consumer asynchronously deliver them as they arrive.                   </p><p>For synchronous receipt, a client can request the next message from a message consumer using one of its <code>receive</code> methods. There are several variations of <code>receive</code> that allow a client to poll or wait for the next message.                                     </p><p>For asynchronous delivery, a client can register a <code>MessageListener</code> object with a message consumer. As messages arrive at the message consumer, it delivers them by calling the <code>MessageListener</code>'s <code>onMessage</code> method.                             </p><p>It is a client programming error for a <code>MessageListener</code> to throw an exception.            </p>                              </div><dl> <dt> <span class="strong">Version:</span>   </dt><dd>1.0 - 13 March 1998    </dd> <dt> <span class="strong">Author:</span>   </dt><dd>Mark Hapner, Rich Burridge   </dd> <dt> <span class="strong">See Also: </span>   </dt><dd> <a href="../../javax/jms/QueueReceiver.html" title="interface in javax.jms"><code>QueueReceiver</code></a>, <a href="../../javax/jms/TopicSubscriber.html" title="interface in javax.jms"><code>TopicSubscriber</code></a>, <a href="../../javax/jms/Session.html" title="interface in javax.jms"><code>Session</code></a>   </dd>   </dl>  </li></ul> </div> <a end_ctx_id="class:MessageConsumer"/> </td></tr></table></td></tr></table><table border="0" cellpadding="1" cellspacing="0" width="100%"><tr><td><h3 class="ctxid">method:getMessageSelector() [NONE]</h3></td></tr><tr><td><table border="0" cellpadding="5" cellspacing="1" bgcolor="black" width="100%"><tr valign="top"><td bgcolor="#FFFFFF" colspan="1"> <a start_ctx_id="method:getMessageSelector()"/><a name="getMessageSelector()"/><ul class="blockList"><li class="blockList"><h4>getMessageSelector</h4><pre><a href="http://download.oracle.com/javase/6/docs/api/java/lang/String.html?is-external=true" title="class or interface in java.lang">String</a> getMessageSelector()
                          throws <a href="../../javax/jms/JMSException.html" title="class in javax.jms">JMSException</a></pre><div class="block">Gets this message consumer's message selector expression.      </div><dl> <dt> <span class="strong">Returns:</span>   </dt><dd>this message consumer's message selector, or null if no message selector exists for the message consumer (that is, if the message selector was not set or was set to null or the empty string)                                 </dd> <dt> <span class="strong">Throws:</span>   </dt><dd> <code><a href="../../javax/jms/JMSException.html" title="class in javax.jms">JMSException</a></code> - if the JMS provider fails to get the message selector due to some internal error.                 </dd>  </dl></li></ul> <a end_ctx_id="method:getMessageSelector()"/>  </td></tr></table></td></tr></table><table border="0" cellpadding="1" cellspacing="0" width="100%"><tr><td><h3 class="ctxid">method:getMessageListener() [NONE]</h3></td></tr><tr><td><table border="0" cellpadding="5" cellspacing="1" bgcolor="black" width="100%"><tr valign="top"><td bgcolor="#FFFFFF" colspan="1"> <a start_ctx_id="method:getMessageListener()"/><a name="getMessageListener()"/><ul class="blockList"><li class="blockList"><h4>getMessageListener</h4><pre><a href="../../javax/jms/MessageListener.html" title="interface in javax.jms">MessageListener</a> getMessageListener()
                                   throws <a href="../../javax/jms/JMSException.html" title="class in javax.jms">JMSException</a></pre><div class="block">Gets the message consumer's <code>MessageListener</code>.    </div><dl> <dt> <span class="strong">Returns:</span>   </dt><dd>the listener for the message consumer, or null if no listener is set            </dd> <dt> <span class="strong">Throws:</span>   </dt><dd> <code><a href="../../javax/jms/JMSException.html" title="class in javax.jms">JMSException</a></code> - if the JMS provider fails to get the message listener due to some internal error.                 </dd> <dt> <span class="strong">See Also: </span>   </dt><dd> <a href="../../javax/jms/MessageConsumer.html#setMessageListener(javax.jms.MessageListener)"><code>setMessageListener(javax.jms.MessageListener)</code></a> </dd>   </dl></li></ul> <a end_ctx_id="method:getMessageListener()"/>  </td></tr></table></td></tr></table><table border="0" cellpadding="1" cellspacing="0" width="100%"><tr><td><h3 class="ctxid">method:setMessageListener(javax.jms.MessageListener) [NONE]</h3></td></tr><tr><td><table border="0" cellpadding="5" cellspacing="1" bgcolor="black" width="100%"><tr valign="top"><td bgcolor="#FFFFFF" colspan="1"> <a start_ctx_id="method:setMessageListener(javax.jms.MessageListener)"/><a name="setMessageListener(javax.jms.MessageListener)"/><ul class="blockList"><li class="blockList"><h4>setMessageListener</h4><pre>void setMessageListener(<a href="../../javax/jms/MessageListener.html" title="interface in javax.jms">MessageListener</a> listener)
                        throws <a href="../../javax/jms/JMSException.html" title="class in javax.jms">JMSException</a></pre><div class="block">Sets the message consumer's <code>MessageListener</code>.<p>Setting the message listener to null is the equivalent of unsetting the message listener for the message consumer.                 </p><p>The effect of calling <code>MessageConsumer.setMessageListener</code> while messages are being consumed by an existing listener or the consumer is being used to consume messages synchronously is undefined.                         </p>    </div><dl> <dt> <span class="strong">Parameters:</span>   </dt><dd> <code>listener</code> - the listener to which the messages are to be delivered            </dd> <dt> <span class="strong">Throws:</span>   </dt><dd> <code><a href="../../javax/jms/JMSException.html" title="class in javax.jms">JMSException</a></code> - if the JMS provider fails to set the message listener due to some internal error.                 </dd> <dt> <span class="strong">See Also: </span>   </dt><dd> <a href="../../javax/jms/MessageConsumer.html#getMessageListener()"><code>getMessageListener()</code></a> </dd>   </dl></li></ul> <a end_ctx_id="method:setMessageListener(javax.jms.MessageListener)"/>  </td></tr></table></td></tr></table><table border="0" cellpadding="1" cellspacing="0" width="100%"><tr><td><h3 class="ctxid">method:receive() [NONE]</h3></td></tr><tr><td><table border="0" cellpadding="5" cellspacing="1" bgcolor="black" width="100%"><tr valign="top"><td bgcolor="#FFFFFF" colspan="1"> <a start_ctx_id="method:receive()"/><a name="receive()"/><ul class="blockList"><li class="blockList"><h4>receive</h4><pre><a href="../../javax/jms/Message.html" title="interface in javax.jms">Message</a> receive()
                throws <a href="../../javax/jms/JMSException.html" title="class in javax.jms">JMSException</a></pre><div class="block">Receives the next message produced for this message consumer.<p>This call blocks indefinitely until a message is produced or until this message consumer is closed.               </p><p>If this <code>receive</code> is done within a transaction, the consumer retains the message until the transaction commits.                </p>        </div><dl> <dt> <span class="strong">Returns:</span>   </dt><dd>the next message produced for this message consumer, or null if this message consumer is concurrently closed                </dd> <dt> <span class="strong">Throws:</span>   </dt><dd> <code><a href="../../javax/jms/JMSException.html" title="class in javax.jms">JMSException</a></code> - if the JMS provider fails to receive the next message due to some internal error.                 </dd>  </dl></li></ul> <a end_ctx_id="method:receive()"/>  </td></tr></table></td></tr></table><table border="0" cellpadding="1" cellspacing="0" width="100%"><tr><td><h3 class="ctxid">method:receive(long) [NONE]</h3></td></tr><tr><td><table border="0" cellpadding="5" cellspacing="1" bgcolor="black" width="100%"><tr valign="top"><td bgcolor="#FFFFFF" colspan="1"> <a start_ctx_id="method:receive(long)"/><a name="receive(long)"/><ul class="blockList"><li class="blockList"><h4>receive</h4><pre><a href="../../javax/jms/Message.html" title="interface in javax.jms">Message</a> receive(long timeout)
                throws <a href="../../javax/jms/JMSException.html" title="class in javax.jms">JMSException</a></pre><div class="block">Receives the next message that arrives within the specified timeout interval.<p>This call blocks until a message arrives, the timeout expires, or this message consumer is closed. A <code>timeout</code> of zero never expires, and the call blocks indefinitely.                          </p>          </div><dl> <dt> <span class="strong">Parameters:</span>   </dt><dd> <code>timeout</code> - the timeout value (in milliseconds)       </dd> <dt> <span class="strong">Returns:</span>   </dt><dd>the next message produced for this message consumer, or null if the timeout expires or this message consumer is concurrently closed                    </dd> <dt> <span class="strong">Throws:</span>   </dt><dd> <code><a href="../../javax/jms/JMSException.html" title="class in javax.jms">JMSException</a></code> - if the JMS provider fails to receive the next message due to some internal error.                 </dd>   </dl></li></ul> <a end_ctx_id="method:receive(long)"/>  </td></tr></table></td></tr></table><table border="0" cellpadding="1" cellspacing="0" width="100%"><tr><td><h3 class="ctxid">method:receiveNoWait() [NONE]</h3></td></tr><tr><td><table border="0" cellpadding="5" cellspacing="1" bgcolor="black" width="100%"><tr valign="top"><td bgcolor="#FFFFFF" colspan="1"> <a start_ctx_id="method:receiveNoWait()"/><a name="receiveNoWait()"/><ul class="blockList"><li class="blockList"><h4>receiveNoWait</h4><pre><a href="../../javax/jms/Message.html" title="interface in javax.jms">Message</a> receiveNoWait()
                      throws <a href="../../javax/jms/JMSException.html" title="class in javax.jms">JMSException</a></pre><div class="block">Receives the next message if one is immediately available.        </div><dl> <dt> <span class="strong">Returns:</span>   </dt><dd>the next message produced for this message consumer, or null if one is not available              </dd> <dt> <span class="strong">Throws:</span>   </dt><dd> <code><a href="../../javax/jms/JMSException.html" title="class in javax.jms">JMSException</a></code> - if the JMS provider fails to receive the next message due to some internal error.                 </dd>  </dl></li></ul> <a end_ctx_id="method:receiveNoWait()"/>  </td></tr></table></td></tr></table><table border="0" cellpadding="1" cellspacing="0" width="100%"><tr><td><h3 class="ctxid">method:close() [NONE]</h3></td></tr><tr><td><table border="0" cellpadding="5" cellspacing="1" bgcolor="black" width="100%"><tr valign="top"><td bgcolor="#FFFFFF" colspan="1"> <a start_ctx_id="method:close()"/><a name="close()"/><ul class="blockListLast"><li class="blockList"><h4>close</h4><pre>void close()
           throws <a href="../../javax/jms/JMSException.html" title="class in javax.jms">JMSException</a></pre><div class="block">Closes the message consumer.<p>Since a provider may allocate some resources on behalf of a <code>MessageConsumer</code> outside the Java virtual machine, clients should close them when they are not needed. Relying on garbage collection to eventually reclaim these resources may not be timely enough.                                       </p><p>This call blocks until a <code>receive</code> or message listener in progress has completed. A blocked message consumer <code>receive</code> call returns null when this message consumer is closed.                          </p>   </div><dl> <dt> <span class="strong">Throws:</span>   </dt><dd> <code><a href="../../javax/jms/JMSException.html" title="class in javax.jms">JMSException</a></code> - if the JMS provider fails to close the consumer due to some internal error.                </dd> </dl></li></ul> <a end_ctx_id="method:close()"/>  </td></tr></table></td></tr></table></diff></diffreport>