<?xml version="1.0" encoding="UTF-8"?><diffreport><diff><table border="0" cellpadding="1" cellspacing="0" width="100%"><tr><td><h3 class="ctxid">class:MessageFormatException [NONE]</h3></td></tr><tr><td><table border="0" cellpadding="5" cellspacing="1" bgcolor="black" width="100%"><tr valign="top"><td bgcolor="#FFFFFF" colspan="1"><div class="description"> <a start_ctx_id="class:MessageFormatException"/><ul class="blockList"><li class="blockList"><dl> <dt>All Implemented Interfaces:  </dt><dd> <a href="http://download.oracle.com/javase/6/docs/api/java/io/Serializable.html?is-external=true" title="class or interface in java.io">Serializable</a> </dd> </dl> <hr/> <br/><pre>public class <span class="strong">MessageFormatException</span>
extends <a href="../../javax/jms/JMSException.html" title="class in javax.jms">JMSException</a></pre><div class="block"><p> This exception must be thrown when a JMS client attempts to use a data type not supported by a message or attempts to read data in a message as the wrong type. It must also be thrown when equivalent type errors are made with message property values. For example, this exception must be thrown if <code>StreamMessage.writeObject</code> is given an unsupported class or if <code>StreamMessage.readShort</code> is used to read a <code>boolean</code> value. Note that the special case of a failure caused by an attempt to read improperly formatted <code>String</code> data as numeric values must throw the <code>java.lang.NumberFormatException</code>.                                                                                                </p></div><dl> <dt> <span class="strong">Version:</span>   </dt><dd>26 August 1998  </dd> <dt> <span class="strong">Author:</span>   </dt><dd>Rahul Sharma </dd> <dt> <span class="strong">See Also: </span>   </dt><dd> <a href="../../serialized-form.html#javax.jms.MessageFormatException">Serialized Form </a> </dd>   </dl>  </li></ul> </div> <a end_ctx_id="class:MessageFormatException"/> </td></tr></table></td></tr></table><table border="0" cellpadding="1" cellspacing="0" width="100%"><tr><td><h3 class="ctxid">constructor:MessageFormatException(java.lang.String, java.lang.String) [NONE]</h3></td></tr><tr><td><table border="0" cellpadding="5" cellspacing="1" bgcolor="black" width="100%"><tr valign="top"><td bgcolor="#FFFFFF" colspan="1"> <a start_ctx_id="constructor:MessageFormatException(java.lang.String, java.lang.String)"/><a name="MessageFormatException(java.lang.String, java.lang.String)"/><ul class="blockList"><li class="blockList"><h4>MessageFormatException</h4><pre>public MessageFormatException(<a href="http://download.oracle.com/javase/6/docs/api/java/lang/String.html?is-external=true" title="class or interface in java.lang">String</a> reason,
                      <a href="http://download.oracle.com/javase/6/docs/api/java/lang/String.html?is-external=true" title="class or interface in java.lang">String</a> errorCode)</pre><div class="block">Constructs a <code>MessageFormatException</code> with the specified reason and error code.         </div><dl> <dt> <span class="strong">Parameters:</span>   </dt><dd> <code>reason</code> - a description of the exception       </dd><dd> <code>errorCode</code> - a string specifying the vendor-specific error code         </dd> </dl></li></ul> <a end_ctx_id="constructor:MessageFormatException(java.lang.String, java.lang.String)"/>  </td></tr></table></td></tr></table><table border="0" cellpadding="1" cellspacing="0" width="100%"><tr><td><h3 class="ctxid">constructor:MessageFormatException(java.lang.String) [NONE]</h3></td></tr><tr><td><table border="0" cellpadding="5" cellspacing="1" bgcolor="black" width="100%"><tr valign="top"><td bgcolor="#FFFFFF" colspan="1"> <a start_ctx_id="constructor:MessageFormatException(java.lang.String)"/><a name="MessageFormatException(java.lang.String)"/><ul class="blockListLast"><li class="blockList"><h4>MessageFormatException</h4><pre>public MessageFormatException(<a href="http://download.oracle.com/javase/6/docs/api/java/lang/String.html?is-external=true" title="class or interface in java.lang">String</a> reason)</pre><div class="block">Constructs a <code>MessageFormatException</code> with the specified reason. The error code defaults to null.            </div><dl> <dt> <span class="strong">Parameters:</span>   </dt><dd> <code>reason</code> - a description of the exception       </dd> </dl></li></ul> <a end_ctx_id="constructor:MessageFormatException(java.lang.String)"/>  </td></tr></table></td></tr></table></diff></diffreport>