<?xml version="1.0" encoding="UTF-8" standalone="yes"?><Document><name>javax\jms\Message.spec</name><Context><name>class:Message</name><mt>NONE</mt></Context><Context><name>field:DEFAULT_DELIVERY_MODE</name><mt>NONE</mt></Context><Context><name>field:DEFAULT_PRIORITY</name><mt>NONE</mt></Context><Context><name>field:DEFAULT_TIME_TO_LIVE</name><mt>NONE</mt></Context><Context><name>method:acknowledge()</name><mt>NONE</mt></Context><Context><name>method:clearBody()</name><mt>NONE</mt></Context><Context><name>method:clearProperties()</name><mt>NONE</mt></Context><Context><name>method:getBooleanProperty(java.lang.String)</name><mt>NONE</mt></Context><Context><name>method:getByteProperty(java.lang.String)</name><mt>NONE</mt></Context><Context><name>method:getDoubleProperty(java.lang.String)</name><mt>NONE</mt></Context><Context><name>method:getFloatProperty(java.lang.String)</name><mt>NONE</mt></Context><Context><name>method:getIntProperty(java.lang.String)</name><mt>NONE</mt></Context><Context><name>method:getJMSCorrelationID()</name><mt>NONE</mt></Context><Context><name>method:getJMSCorrelationIDAsBytes()</name><mt>NONE</mt></Context><Context><name>method:getJMSDeliveryMode()</name><mt>NONE</mt></Context><Context><name>method:getJMSDestination()</name><mt>NONE</mt></Context><Context><name>method:getJMSExpiration()</name><mt>NONE</mt></Context><Context><name>method:getJMSMessageID()</name><mt>NONE</mt></Context><Context><name>method:getJMSPriority()</name><mt>NONE</mt></Context><Context><name>method:getJMSRedelivered()</name><mt>NONE</mt></Context><Context><name>method:getJMSReplyTo()</name><mt>NONE</mt></Context><Context><name>method:getJMSTimestamp()</name><mt>NONE</mt></Context><Context><name>method:getJMSType()</name><mt>NONE</mt></Context><Context><name>method:getLongProperty(java.lang.String)</name><mt>NONE</mt></Context><Context><name>method:getObjectProperty(java.lang.String)</name><mt>NONE</mt></Context><Context><name>method:getPropertyNames()</name><mt>NONE</mt></Context><Context><name>method:getShortProperty(java.lang.String)</name><mt>NONE</mt></Context><Context><name>method:getStringProperty(java.lang.String)</name><mt>NONE</mt></Context><Context><name>method:propertyExists(java.lang.String)</name><mt>NONE</mt></Context><Context><name>method:setBooleanProperty(java.lang.String, boolean)</name><mt>NONE</mt></Context><Context><name>method:setByteProperty(java.lang.String, byte)</name><mt>NONE</mt></Context><Context><name>method:setDoubleProperty(java.lang.String, double)</name><mt>NONE</mt></Context><Context><name>method:setFloatProperty(java.lang.String, float)</name><mt>NONE</mt></Context><Context><name>method:setIntProperty(java.lang.String, int)</name><mt>NONE</mt></Context><Context><name>method:setJMSCorrelationID(java.lang.String)</name><mt>NONE</mt></Context><Context><name>method:setJMSCorrelationIDAsBytes(byte[])</name><mt>NONE</mt></Context><Context><name>method:setJMSDeliveryMode(int)</name><mt>NONE</mt></Context><Context><name>method:setJMSDestination(javax.jms.Destination)</name><mt>NONE</mt></Context><Context><name>method:setJMSExpiration(long)</name><mt>NONE</mt></Context><Context><name>method:setJMSMessageID(java.lang.String)</name><mt>NONE</mt></Context><Context><name>method:setJMSPriority(int)</name><mt>NONE</mt></Context><Context><name>method:setJMSRedelivered(boolean)</name><mt>NONE</mt></Context><Context><name>method:setJMSReplyTo(javax.jms.Destination)</name><mt>NONE</mt></Context><Context><name>method:setJMSTimestamp(long)</name><mt>NONE</mt></Context><Context><name>method:setJMSType(java.lang.String)</name><mt>NONE</mt></Context><Context><name>method:setLongProperty(java.lang.String, long)</name><mt>NONE</mt></Context><Context><name>method:setObjectProperty(java.lang.String, java.lang.Object)</name><mt>NONE</mt></Context><Context><name>method:setShortProperty(java.lang.String, short)</name><mt>NONE</mt></Context><Context><name>method:setStringProperty(java.lang.String, java.lang.String)</name><mt>NONE</mt></Context><Stat><name>javax\jms\Message.spec</name><mt>NONE</mt><Group name="context"><Item name="ADDED" count="0"/><Item name="REMOVED" count="0"/><Item name="CHANGED" count="0"/><Item name="MODIFIED" count="0"/><Item name="TOTAL" count="49"/></Group><Group name="assertion"><Item name="ADDED" count="0"/><Item name="REMOVED" count="0"/><Item name="CHANGED" count="0"/><Item name="MODIFIED" count="0"/><Item name="TOTAL" count="0"/></Group></Stat></Document>