<?xml version="1.0" encoding="UTF-8"?><diffreport><diff><table border="0" cellpadding="1" cellspacing="0" width="100%"><tr><td><h3 class="ctxid">class:MessageListener [NONE]</h3></td></tr><tr><td><table border="0" cellpadding="5" cellspacing="1" bgcolor="black" width="100%"><tr valign="top"><td bgcolor="#FFFFFF" colspan="1"><div class="description"> <a start_ctx_id="class:MessageListener"/><ul class="blockList"><li class="blockList"> <hr/> <br/><pre>public interface <span class="strong">MessageListener</span></pre><div class="block">A <code>MessageListener</code> object is used to receive asynchronously delivered messages.<p>Each session must insure that it passes messages serially to the listener. This means that a listener assigned to one or more consumers of the same session can assume that the <code>onMessage</code> method is not called with the next message until the session has completed the last call.                                               </p>         </div><dl> <dt> <span class="strong">Version:</span>   </dt><dd>1.0 - 13 March 1998    </dd> <dt> <span class="strong">Author:</span>   </dt><dd>Mark Hapner, Rich Burridge   </dd>  </dl>  </li></ul> </div> <a end_ctx_id="class:MessageListener"/> </td></tr></table></td></tr></table><table border="0" cellpadding="1" cellspacing="0" width="100%"><tr><td><h3 class="ctxid">method:onMessage(javax.jms.Message) [NONE]</h3></td></tr><tr><td><table border="0" cellpadding="5" cellspacing="1" bgcolor="black" width="100%"><tr valign="top"><td bgcolor="#FFFFFF" colspan="1"> <a start_ctx_id="method:onMessage(javax.jms.Message)"/><a name="onMessage(javax.jms.Message)"/><ul class="blockListLast"><li class="blockList"><h4>onMessage</h4><pre>void onMessage(<a href="../../javax/jms/Message.html" title="interface in javax.jms">Message</a> message)</pre><div class="block">Passes a message to the listener.     </div><dl> <dt> <span class="strong">Parameters:</span>   </dt><dd> <code>message</code> - the message passed to the listener        </dd> </dl></li></ul> <a end_ctx_id="method:onMessage(javax.jms.Message)"/>  </td></tr></table></td></tr></table></diff></diffreport>