<?xml version="1.0" encoding="UTF-8"?><diffreport><diff><table border="0" cellpadding="1" cellspacing="0" width="100%"><tr><td><h3 class="ctxid">class:ObjectMessage [NONE]</h3></td></tr><tr><td><table border="0" cellpadding="5" cellspacing="1" bgcolor="black" width="100%"><tr valign="top"><td bgcolor="#FFFFFF" colspan="1"><div class="description"> <a start_ctx_id="class:ObjectMessage"/><ul class="blockList"><li class="blockList"><dl> <dt>All Superinterfaces: </dt><dd> <a href="../../javax/jms/Message.html" title="interface in javax.jms">Message</a> </dd> </dl> <hr/> <br/><pre>public interface <span class="strong">ObjectMessage</span>
extends <a href="../../javax/jms/Message.html" title="interface in javax.jms">Message</a></pre><div class="block">An <code>ObjectMessage</code> object is used to send a message that contains a serializable object in the Java programming language ("Java object"). It inherits from the <code>Message</code> interface and adds a body containing a single reference to an object. Only <code>Serializable</code> Java objects can be used.<p>If a collection of Java objects must be sent, one of the <code>Collection</code> classes provided since JDK 1.2 can be used.                    </p><p>When a client receives an <code>ObjectMessage</code>, it is in read-only mode. If a client attempts to write to the message at this point, a <code>MessageNotWriteableException</code> is thrown. If <code>clearBody</code> is called, the message can now be both read from and written to.                                         </p>                                            </div><dl> <dt> <span class="strong">Version:</span>   </dt><dd>1.0 - 6 August 1998    </dd> <dt> <span class="strong">Author:</span>   </dt><dd>Mark Hapner, Rich Burridge   </dd> <dt> <span class="strong">See Also: </span>   </dt><dd> <a href="../../javax/jms/Session.html#createObjectMessage()"><code>Session.createObjectMessage()</code></a>, <a href="../../javax/jms/Session.html#createObjectMessage(java.io.Serializable)"><code>Session.createObjectMessage(Serializable)</code></a>, <a href="../../javax/jms/BytesMessage.html" title="interface in javax.jms"><code>BytesMessage</code></a>, <a href="../../javax/jms/MapMessage.html" title="interface in javax.jms"><code>MapMessage</code></a>, <a href="../../javax/jms/Message.html" title="interface in javax.jms"><code>Message</code></a>, <a href="../../javax/jms/StreamMessage.html" title="interface in javax.jms"><code>StreamMessage</code></a>, <a href="../../javax/jms/TextMessage.html" title="interface in javax.jms"><code>TextMessage</code></a>       </dd>   </dl>  </li></ul> </div> <a end_ctx_id="class:ObjectMessage"/> </td></tr></table></td></tr></table><table border="0" cellpadding="1" cellspacing="0" width="100%"><tr><td><h3 class="ctxid">method:setObject(java.io.Serializable) [NONE]</h3></td></tr><tr><td><table border="0" cellpadding="5" cellspacing="1" bgcolor="black" width="100%"><tr valign="top"><td bgcolor="#FFFFFF" colspan="1"> <a start_ctx_id="method:setObject(java.io.Serializable)"/><a name="setObject(java.io.Serializable)"/><ul class="blockList"><li class="blockList"><h4>setObject</h4><pre>void setObject(<a href="http://download.oracle.com/javase/6/docs/api/java/io/Serializable.html?is-external=true" title="class or interface in java.io">Serializable</a> object)
               throws <a href="../../javax/jms/JMSException.html" title="class in javax.jms">JMSException</a></pre><div class="block">Sets the serializable object containing this message's data. It is important to note that an <code>ObjectMessage</code> contains a snapshot of the object at the time <code>setObject()</code> is called; subsequent modifications of the object will have no effect on the <code>ObjectMessage</code> body.                                        </div><dl> <dt> <span class="strong">Parameters:</span>   </dt><dd> <code>object</code> - the message's data     </dd> <dt> <span class="strong">Throws:</span>   </dt><dd> <code><a href="../../javax/jms/JMSException.html" title="class in javax.jms">JMSException</a></code> - if the JMS provider fails to set the object due to some internal error.                </dd><dd> <code><a href="../../javax/jms/MessageFormatException.html" title="class in javax.jms">MessageFormatException</a></code> - if object serialization fails.      </dd><dd> <code><a href="../../javax/jms/MessageNotWriteableException.html" title="class in javax.jms">MessageNotWriteableException</a></code> - if the message is in read-only mode.         </dd>  </dl></li></ul> <a end_ctx_id="method:setObject(java.io.Serializable)"/>  </td></tr></table></td></tr></table><table border="0" cellpadding="1" cellspacing="0" width="100%"><tr><td><h3 class="ctxid">method:getObject() [NONE]</h3></td></tr><tr><td><table border="0" cellpadding="5" cellspacing="1" bgcolor="black" width="100%"><tr valign="top"><td bgcolor="#FFFFFF" colspan="1"> <a start_ctx_id="method:getObject()"/><a name="getObject()"/><ul class="blockListLast"><li class="blockList"><h4>getObject</h4><pre><a href="http://download.oracle.com/javase/6/docs/api/java/io/Serializable.html?is-external=true" title="class or interface in java.io">Serializable</a> getObject()
                       throws <a href="../../javax/jms/JMSException.html" title="class in javax.jms">JMSException</a></pre><div class="block">Gets the serializable object containing this message's data. The default value is null.            </div><dl> <dt> <span class="strong">Returns:</span>   </dt><dd>the serializable object containing this message's data      </dd> <dt> <span class="strong">Throws:</span>   </dt><dd> <code><a href="../../javax/jms/JMSException.html" title="class in javax.jms">JMSException</a></code> - if the JMS provider fails to get the object due to some internal error.                </dd><dd> <code><a href="../../javax/jms/MessageFormatException.html" title="class in javax.jms">MessageFormatException</a></code> - if object deserialization fails.      </dd>  </dl></li></ul> <a end_ctx_id="method:getObject()"/>  </td></tr></table></td></tr></table></diff></diffreport>