<?xml version="1.0" encoding="UTF-8"?><diffreport><diff><div>JavaScript is disabled on your browser.     </div><div class="topNav"><a name="navbar_top"/><a href="#skip-navbar_top" title="Skip navigation links"/><a name="navbar_top_firstrow"/><ul class="navList" title="Navigation"><li><a href="../../javax/jms/package-summary.html">Package</a></li><li>Class</li><li><a href="package-use.html">Use</a></li><li><a href="package-tree.html">Tree</a></li><li><a href="../../deprecated-list.html">Deprecated</a></li><li><a href="../../index-all.html">Index</a></li><li><a href="../../help-doc.html">Help</a></li></ul><div class="aboutLanguage"><em>JMS <span class="diff-html-removed">1.1</span> <span class="diff-html-removed">-</span> <span class="diff-html-removed">April</span> <span class="diff-html-removed">12,</span> <span class="diff-html-removed">2002</span><span class="diff-html-added">2.0</span> <span class="diff-html-added">working</span> <span class="diff-html-added">draft</span> <span class="diff-html-added">-</span> <span class="diff-html-added">8</span> <span class="diff-html-added">Dec</span> <span class="diff-html-added">2011</span>           </em></div></div><div class="subNav"><ul class="navList"><li>Prev Package </li><li>Next Package </li></ul><ul class="navList"><li><a href="../../index.html?javax/jms/package-summary.html" target="_top">Frames</a></li><li><a href="package-summary.html" target="_top">No Frames </a></li></ul><ul class="navList" id="allclasses_navbar_top"><li><a href="../../allclasses-noframe.html">All Classes </a></li></ul><div/><a name="skip-navbar_top"/></div><div class="header"><h1 title="Package" class="title">Package javax.jms</h1><div class="docSummary"><div class="block"> The Java Message Service (JMS) API provides a common way for Java programs to create, send, receive and read an enterprise messaging system's messages.                        </div></div><p>See: <a href="#package_description">Description</a></p></div><div class="contentContainer"><ul class="blockList"><li class="blockList"><table class="packageSummary" border="0" cellpadding="3" cellspacing="0" summary="Interface Summary table, listing interfaces, and an explanation"><caption><span>Interface Summary </span><span class="tabEnd"> </span></caption><tbody><tr><th class="colFirst" scope="col">Interface</th><th class="colLast" scope="col">Description</th></tr><tbody><tr class="altColor"><td class="colFirst"><a href="../../javax/jms/BytesMessage.html" title="interface in javax.jms">BytesMessage</a></td><td class="colLast"><div class="block">A <code>BytesMessage</code> object is used to send a message containing a stream of uninterpreted bytes.              </div></td></tr><tr class="rowColor"><td class="colFirst"><a href="../../javax/jms/Connection.html" title="interface in javax.jms">Connection</a></td><td class="colLast"><div class="block">A <code>Connection</code> object is a client's active connection to its JMS provider.           </div></td></tr><tr class="altColor"><td class="colFirst"><a href="../../javax/jms/ConnectionConsumer.html" title="interface in javax.jms">ConnectionConsumer</a></td><td class="colLast"><div class="block">For application servers, <code>Connection</code> objects provide a special facility for creating a <code>ConnectionConsumer</code> (optional).             </div></td></tr><tr class="rowColor"><td class="colFirst"><a href="../../javax/jms/ConnectionFactory.html" title="interface in javax.jms">ConnectionFactory</a></td><td class="colLast"><div class="block">A <code>ConnectionFactory</code> object encapsulates a set of connection configuration parameters that has been defined by an administrator.                </div></td></tr><tr class="altColor"><td class="colFirst"><a href="../../javax/jms/ConnectionMetaData.html" title="interface in javax.jms">ConnectionMetaData</a></td><td class="colLast"><div class="block">A <code>ConnectionMetaData</code> object provides information describing the <code>Connection</code> object.        </div></td></tr><tr class="rowColor"><td class="colFirst"><a href="../../javax/jms/DeliveryMode.html" title="interface in javax.jms">DeliveryMode</a></td><td class="colLast"><div class="block">The delivery modes supported by the JMS API are <code>PERSISTENT</code> and <code>NON_PERSISTENT</code>.           </div></td></tr><tr class="altColor"><td class="colFirst"><a href="../../javax/jms/Destination.html" title="interface in javax.jms">Destination</a></td><td class="colLast"><div class="block">A <code>Destination</code> object encapsulates a provider-specific address.      </div></td></tr><tr class="rowColor"><td class="colFirst"><a href="../../javax/jms/ExceptionListener.html" title="interface in javax.jms">ExceptionListener</a></td><td class="colLast"><div class="block">If a JMS provider detects a serious problem with a <code>Connection</code> object, it informs the <code>Connection</code> object's <code>ExceptionListener</code>, if one has been registered.                      </div></td></tr><tr class="altColor"><td class="colFirst"><a href="../../javax/jms/MapMessage.html" title="interface in javax.jms">MapMessage</a></td><td class="colLast"><div class="block">A <code>MapMessage</code> object is used to send a set of name-value pairs.           </div></td></tr><tr class="rowColor"><td class="colFirst"><a href="../../javax/jms/Message.html" title="interface in javax.jms">Message</a></td><td class="colLast"><div class="block">The <code>Message</code> interface is the root interface of all JMS messages.          </div></td></tr><tr class="altColor"><td class="colFirst"><a href="../../javax/jms/MessageConsumer.html" title="interface in javax.jms">MessageConsumer</a></td><td class="colLast"><div class="block">A client uses a <code>MessageConsumer</code> object to receive messages from a destination.           </div></td></tr><tr class="rowColor"><td class="colFirst"><a href="../../javax/jms/MessageListener.html" title="interface in javax.jms">MessageListener</a></td><td class="colLast"><div class="block">A <code>MessageListener</code> object is used to receive asynchronously delivered messages.         </div></td></tr><tr class="altColor"><td class="colFirst"><a href="../../javax/jms/MessageProducer.html" title="interface in javax.jms">MessageProducer</a></td><td class="colLast"><div class="block">A client uses a <code>MessageProducer</code> object to send messages to a destination<span class="diff-html-added">.</span>           </div></td></tr><tr class="rowColor"><td class="colFirst"><a href="../../javax/jms/MessagingContext.html" title="interface in javax.jms"><span class="diff-html-added">MessagingContext</span></a></td><td class="colLast"><div class="block"><span class="diff-html-added">A</span> <code><span class="diff-html-added">MessagingContext</span></code> <span class="diff-html-added">is</span> <span class="diff-html-added">the</span> <span class="diff-html-added">main</span> <span class="diff-html-added">interface</span> <span class="diff-html-added">in</span> <span class="diff-html-added">the</span> <span class="diff-html-added">simplified</span> <span class="diff-html-added">JMS</span> <span class="diff-html-added">API</span> <span class="diff-html-added">introduced</span> <span class="diff-html-added">for</span> <span class="diff-html-added">JMS</span> <span class="diff-html-added">2.0</span>.              </div></td></tr><tr class="altColor"><td class="colFirst"><a href="../../javax/jms/ObjectMessage.html" title="interface in javax.jms">ObjectMessage</a></td><td class="colLast"><div class="block">An <code>ObjectMessage</code> object is used to send a message that contains a serializable object in the Java programming language ("Java object").                    </div></td></tr><tr class="rowColor"><td class="colFirst"><a href="../../javax/jms/Queue.html" title="interface in javax.jms">Queue</a></td><td class="colLast"><div class="block">A <code>Queue</code> object encapsulates a provider-specific queue name.       </div></td></tr><tr class="altColor"><td class="colFirst"><a href="../../javax/jms/QueueBrowser.html" title="interface in javax.jms">QueueBrowser</a></td><td class="colLast"><div class="block">A client uses a <code>QueueBrowser</code> object to look at messages on a queue without removing them.               </div></td></tr><tr class="rowColor"><td class="colFirst"><a href="../../javax/jms/QueueConnection.html" title="interface in javax.jms">QueueConnection</a></td><td class="colLast"><div class="block">A <code>QueueConnection</code> object is an active connection to a point-to-point JMS provider.           </div></td></tr><tr class="altColor"><td class="colFirst"><a href="../../javax/jms/QueueConnectionFactory.html" title="interface in javax.jms">QueueConnectionFactory</a></td><td class="colLast"><div class="block">A client uses a <code>QueueConnectionFactory</code> object to create <code>QueueConnection</code> objects with a point-to-point JMS provider.              </div></td></tr><tr class="rowColor"><td class="colFirst"><a href="../../javax/jms/QueueReceiver.html" title="interface in javax.jms">QueueReceiver</a></td><td class="colLast"><div class="block">A client uses a <code>QueueReceiver</code> object to receive messages that have been delivered to a queue.               </div></td></tr><tr class="altColor"><td class="colFirst"><a href="../../javax/jms/QueueSender.html" title="interface in javax.jms">QueueSender</a></td><td class="colLast"><div class="block">A client uses a <code>QueueSender</code> object to send messages to a queue.           </div></td></tr><tr class="rowColor"><td class="colFirst"><a href="../../javax/jms/QueueSession.html" title="interface in javax.jms">QueueSession</a></td><td class="colLast"><div class="block">A <code>QueueSession</code> object provides methods for creating <code>QueueReceiver</code>, <code>QueueSender</code>, <code>QueueBrowser</code>, and <code>TemporaryQueue</code> objects.            </div></td></tr><tr class="altColor"><td class="colFirst"><a href="../../javax/jms/ServerSession.html" title="interface in javax.jms">ServerSession</a></td><td class="colLast"><div class="block">A <code>ServerSession</code> object is an application server object that is used by a server to associate a thread with a JMS session (optional).                      </div></td></tr><tr class="rowColor"><td class="colFirst"><a href="../../javax/jms/ServerSessionPool.html" title="interface in javax.jms">ServerSessionPool</a></td><td class="colLast"><div class="block">A <code>ServerSessionPool</code> object is an object implemented by an application server to provide a pool of <code>ServerSession</code> objects for processing the messages of a <code>ConnectionConsumer</code> (optional).                         </div></td></tr><tr class="altColor"><td class="colFirst"><a href="../../javax/jms/Session.html" title="interface in javax.jms">Session</a></td><td class="colLast"><div class="block">A <code>Session</code> object is a single-threaded context for producing and consuming messages.           </div></td></tr><tr class="rowColor"><td class="colFirst"><a href="../../javax/jms/StreamMessage.html" title="interface in javax.jms">StreamMessage</a></td><td class="colLast"><div class="block">A <code>StreamMessage</code> object is used to send a stream of primitive types in the Java programming language<span class="diff-html-added">.</span>                </div></td></tr><tr class="altColor"><td class="colFirst"><a href="../../javax/jms/SyncMessageConsumer.html" title="interface in javax.jms"><span class="diff-html-added">SyncMessageConsumer</span></a></td><td class="colLast"><div class="block"><span class="diff-html-added">A</span> <span class="diff-html-added">client</span> <span class="diff-html-added">using</span> <span class="diff-html-added">the</span> <span class="diff-html-added">simplified</span> <span class="diff-html-added">JMS</span> <span class="diff-html-added">API</span> <span class="diff-html-added">introduced</span> <span class="diff-html-added">for</span> <span class="diff-html-added">JMS</span> <span class="diff-html-added">2.0</span> <span class="diff-html-added">uses</span> <span class="diff-html-added">a</span> <code><span class="diff-html-added">SyncMessageConsumer</span></code> <span class="diff-html-added">object</span> <span class="diff-html-added">to</span> <span class="diff-html-added">receive</span> <span class="diff-html-added">messages</span> <span class="diff-html-added">synchronously</span> <span class="diff-html-added">from</span> <span class="diff-html-added">a</span> <span class="diff-html-added">destination</span>.                     </div></td></tr><tr class="rowColor"><td class="colFirst"><a href="../../javax/jms/TemporaryQueue.html" title="interface in javax.jms">TemporaryQueue</a></td><td class="colLast"><div class="block">A <code>TemporaryQueue</code> object is a unique <code>Queue</code> object created for the duration of a <code>Connection</code>.              </div></td></tr><tr class="altColor"><td class="colFirst"><a href="../../javax/jms/TemporaryTopic.html" title="interface in javax.jms">TemporaryTopic</a></td><td class="colLast"><div class="block">A <code>TemporaryTopic</code> object is a unique <code>Topic</code> object created for the duration of a <code>Connection</code>.              </div></td></tr><tr class="rowColor"><td class="colFirst"><a href="../../javax/jms/TextMessage.html" title="interface in javax.jms">TextMessage</a></td><td class="colLast"><div class="block">A <code>TextMessage</code> object is used to send a message containing a <code>java.lang.String</code>.           </div></td></tr><tr class="altColor"><td class="colFirst"><a href="../../javax/jms/Topic.html" title="interface in javax.jms">Topic</a></td><td class="colLast"><div class="block">A <code>Topic</code> object encapsulates a provider-specific topic name.       </div></td></tr><tr class="rowColor"><td class="colFirst"><a href="../../javax/jms/TopicConnection.html" title="interface in javax.jms">TopicConnection</a></td><td class="colLast"><div class="block">A <code>TopicConnection</code> object is an active connection to a publish/subscribe JMS provider.           </div></td></tr><tr class="altColor"><td class="colFirst"><a href="../../javax/jms/TopicConnectionFactory.html" title="interface in javax.jms">TopicConnectionFactory</a></td><td class="colLast"><div class="block">A client uses a <code>TopicConnectionFactory</code> object to create <code>TopicConnection</code> objects with a publish/subscribe JMS provider.              </div></td></tr><tr class="rowColor"><td class="colFirst"><a href="../../javax/jms/TopicPublisher.html" title="interface in javax.jms">TopicPublisher</a></td><td class="colLast"><div class="block">A client uses a <code>TopicPublisher</code> object to publish messages on a topic.           </div></td></tr><tr class="altColor"><td class="colFirst"><a href="../../javax/jms/TopicSession.html" title="interface in javax.jms">TopicSession</a></td><td class="colLast"><div class="block">A <code>TopicSession</code> object provides methods for creating <code>TopicPublisher</code>, <code>TopicSubscriber</code>, and <code>TemporaryTopic</code> objects.           </div></td></tr><tr class="rowColor"><td class="colFirst"><a href="../../javax/jms/TopicSubscriber.html" title="interface in javax.jms">TopicSubscriber</a></td><td class="colLast"><div class="block">A client uses a <code>TopicSubscriber</code> object to receive messages that have been published to a topic.               </div></td></tr><tr class="altColor"><td class="colFirst"><a href="../../javax/jms/XAConnection.html" title="interface in javax.jms">XAConnection</a></td><td class="colLast"><div class="block">The <code>XAConnection</code> interface extends the capability of <code>Connection</code> by providing an <code>XASession</code> (optional).            </div></td></tr><tr class="rowColor"><td class="colFirst"><a href="../../javax/jms/XAConnectionFactory.html" title="interface in javax.jms">XAConnectionFactory</a></td><td class="colLast"><div class="block">The <code>XAConnectionFactory</code> interface is a base interface for the <code>XAQueueConnectionFactory</code> and <code>XATopicConnectionFactory</code> interfaces.            </div></td></tr><tr class="altColor"><td class="colFirst"><a href="../../javax/jms/XAQueueConnection.html" title="interface in javax.jms">XAQueueConnection</a></td><td class="colLast"><div class="block">An <code>XAQueueConnection</code> provides the same create options as <code>QueueConnection</code> (optional).         </div></td></tr><tr class="rowColor"><td class="colFirst"><a href="../../javax/jms/XAQueueConnectionFactory.html" title="interface in javax.jms">XAQueueConnectionFactory</a></td><td class="colLast"><div class="block">An <code>XAQueueConnectionFactory</code> provides the same create options as a <code>QueueConnectionFactory</code> (optional).          </div></td></tr><tr class="altColor"><td class="colFirst"><a href="../../javax/jms/XAQueueSession.html" title="interface in javax.jms">XAQueueSession</a></td><td class="colLast"><div class="block">An <code>XAQueueSession</code> provides a regular <code>QueueSession</code>, which can be used to create <code>QueueReceiver</code>, <code>QueueSender</code>, and <code>QueueBrowser</code> objects (optional).                 </div></td></tr><tr class="rowColor"><td class="colFirst"><a href="../../javax/jms/XASession.html" title="interface in javax.jms">XASession</a></td><td class="colLast"><div class="block">The <code>XASession</code> interface extends the capability of <code>Session</code> by adding access to a JMS provider's support for the Java Transaction API (JTA) (optional).                      </div></td></tr><tr class="altColor"><td class="colFirst"><a href="../../javax/jms/XATopicConnection.html" title="interface in javax.jms">XATopicConnection</a></td><td class="colLast"><div class="block">An <code>XATopicConnection</code> provides the same create options as <code>TopicConnection</code> (optional).         </div></td></tr><tr class="rowColor"><td class="colFirst"><a href="../../javax/jms/XATopicConnectionFactory.html" title="interface in javax.jms">XATopicConnectionFactory</a></td><td class="colLast"><div class="block">An <code>XATopicConnectionFactory</code> provides the same create options as a <code>TopicConnectionFactory</code> (optional).          </div></td></tr><tr class="altColor"><td class="colFirst"><a href="../../javax/jms/XATopicSession.html" title="interface in javax.jms">XATopicSession</a></td><td class="colLast"><div class="block">An <code>XATopicSession</code> provides a regular <code>TopicSession</code>.     </div></td></tr></tbody></tbody></table></li><li class="blockList"><table class="packageSummary" border="0" cellpadding="3" cellspacing="0" summary="Class Summary table, listing classes, and an explanation"><caption><span>Class Summary </span><span class="tabEnd"> </span></caption><tbody><tr><th class="colFirst" scope="col">Class</th><th class="colLast" scope="col">Description</th></tr><tbody><tr class="altColor"><td class="colFirst"><a href="../../javax/jms/QueueRequestor.html" title="class in javax.jms">QueueRequestor</a></td><td class="colLast"><div class="block">The <code>QueueRequestor</code> helper class simplifies making service requests.       </div></td></tr><tr class="rowColor"><td class="colFirst"><a href="../../javax/jms/TopicRequestor.html" title="class in javax.jms">TopicRequestor</a></td><td class="colLast"><div class="block">The <code>TopicRequestor</code> helper class simplifies making service requests.       </div></td></tr></tbody></tbody></table></li><li class="blockList"><table class="packageSummary" border="0" cellpadding="3" cellspacing="0" summary="Exception Summary table, listing exceptions, and an explanation"><caption><span>Exception Summary </span><span class="tabEnd"> </span></caption><tbody><tr><th class="colFirst" scope="col">Exception</th><th class="colLast" scope="col">Description</th></tr><tbody><tr class="altColor"><td class="colFirst"><a href="../../javax/jms/IllegalStateException.html" title="class in javax.jms">IllegalStateException</a></td><td class="colLast"><div class="block"> This exception is thrown when a method is invoked at an illegal or inappropriate time or if the provider is not in an appropriate state for the requested operation.                             </div></td></tr><tr class="rowColor"><td class="colFirst"><a href="../../javax/jms/IllegalStateRuntimeException.html" title="class in javax.jms"><span class="diff-html-added">IllegalStateRuntimeException</span></a></td><td class="colLast"><div class="block"> <span class="diff-html-added">This</span> <span class="diff-html-added">unchecked</span> <span class="diff-html-added">exception</span> <span class="diff-html-added">is</span> <span class="diff-html-added">thrown</span> <span class="diff-html-added">when</span> <span class="diff-html-added">a</span> <span class="diff-html-added">method</span> <span class="diff-html-added">is</span> <span class="diff-html-added">invoked</span> <span class="diff-html-added">at</span> <span class="diff-html-added">an</span> <span class="diff-html-added">illegal</span> <span class="diff-html-added">or</span> <span class="diff-html-added">inappropriate</span> <span class="diff-html-added">time</span> <span class="diff-html-added">or</span> <span class="diff-html-added">if</span> <span class="diff-html-added">the</span> <span class="diff-html-added">provider</span> <span class="diff-html-added">is</span> <span class="diff-html-added">not</span> <span class="diff-html-added">in</span> <span class="diff-html-added">an</span> <span class="diff-html-added">appropriate</span> <span class="diff-html-added">state</span> <span class="diff-html-added">for</span> <span class="diff-html-added">the</span> <span class="diff-html-added">requested</span> <span class="diff-html-added">operation.</span>                              </div></td></tr><tr class="altColor"><td class="colFirst"><a href="../../javax/jms/InvalidClientIDException.html" title="class in javax.jms">InvalidClientIDException</a></td><td class="colLast"><div class="block"> This exception must be thrown when a client attempts to set a connection's client ID to a value that is rejected by a provider.                        </div></td></tr><tr class="rowColor"><td class="colFirst"><a href="../../javax/jms/InvalidClientIDRuntimeException.html" title="class in javax.jms"><span class="diff-html-added">InvalidClientIDRuntimeException</span></a></td><td class="colLast"><div class="block"> <span class="diff-html-added">This</span> <span class="diff-html-added">unchecked</span> <span class="diff-html-added">exception</span> <span class="diff-html-added">must</span> <span class="diff-html-added">be</span> <span class="diff-html-added">thrown</span> <span class="diff-html-added">when</span> <span class="diff-html-added">a</span> <span class="diff-html-added">client</span> <span class="diff-html-added">attempts</span> <span class="diff-html-added">to</span> <span class="diff-html-added">set</span> <span class="diff-html-added">a</span> <span class="diff-html-added">connection's</span> <span class="diff-html-added">client</span> <span class="diff-html-added">ID</span> <span class="diff-html-added">to</span> <span class="diff-html-added">a</span> <span class="diff-html-added">value</span> <span class="diff-html-added">that</span> <span class="diff-html-added">is</span> <span class="diff-html-added">rejected</span> <span class="diff-html-added">by</span> <span class="diff-html-added">a</span> <span class="diff-html-added">provider.</span>                         </div></td></tr><tr class="altColor"><td class="colFirst"><a href="../../javax/jms/InvalidDestinationException.html" title="class in javax.jms">InvalidDestinationException</a></td><td class="colLast"><div class="block"> This exception must be thrown when a destination either is not understood by a provider or is no longer valid.                    </div></td></tr><tr class="rowColor"><td class="colFirst"><a href="../../javax/jms/InvalidDestinationRuntimeException.html" title="class in javax.jms"><span class="diff-html-added">InvalidDestinationRuntimeException</span></a></td><td class="colLast"><div class="block"> <span class="diff-html-added">This</span> <span class="diff-html-added">unchecked</span> <span class="diff-html-added">exception</span> <span class="diff-html-added">must</span> <span class="diff-html-added">be</span> <span class="diff-html-added">thrown</span> <span class="diff-html-added">when</span> <span class="diff-html-added">a</span> <span class="diff-html-added">destination</span> <span class="diff-html-added">either</span> <span class="diff-html-added">is</span> <span class="diff-html-added">not</span> <span class="diff-html-added">understood</span> <span class="diff-html-added">by</span> <span class="diff-html-added">a</span> <span class="diff-html-added">provider</span> <span class="diff-html-added">or</span> <span class="diff-html-added">is</span> <span class="diff-html-added">no</span> <span class="diff-html-added">longer</span> <span class="diff-html-added">valid.</span>                     </div></td></tr><tr class="altColor"><td class="colFirst"><a href="../../javax/jms/InvalidSelectorException.html" title="class in javax.jms">InvalidSelectorException</a></td><td class="colLast"><div class="block"> <span class="diff-html-added">This</span> <span class="diff-html-added">exception</span> <span class="diff-html-added">must</span> <span class="diff-html-added">be</span> <span class="diff-html-added">thrown</span> <span class="diff-html-added">when</span> <span class="diff-html-added">a</span> <span class="diff-html-added">JMS</span> <span class="diff-html-added">client</span> <span class="diff-html-added">attempts</span> <span class="diff-html-added">to</span> <span class="diff-html-added">give</span> <span class="diff-html-added">a</span> <span class="diff-html-added">provider</span> <span class="diff-html-added">a</span> <span class="diff-html-added">message</span> <span class="diff-html-added">selector</span> <span class="diff-html-added">with</span> <span class="diff-html-added">invalid</span> <span class="diff-html-added">syntax.</span>                    </div></td></tr><tr class="rowColor"><td class="colFirst"><a href="../../javax/jms/InvalidSelectorRuntimeException.html" title="class in javax.jms"><span class="diff-html-added">InvalidSelectorRuntimeException</span></a></td><td class="colLast"><div class="block"> This <span class="diff-html-added">unchecked</span> exception must be thrown when a JMS client attempts to give a provider a message selector with invalid syntax.                     </div></td></tr><tr class="altColor"><td class="colFirst"><a href="../../javax/jms/JMSException.html" title="class in javax.jms">JMSException</a></td><td class="colLast"><div class="block">This is the root class of all <span class="diff-html-added">checked</span> <span class="diff-html-added">exceptions</span> <span class="diff-html-added">in</span> <span class="diff-html-added">the</span> JMS API<span class="diff-html-added">.</span>            </div></td></tr><tr class="rowColor"><td class="colFirst"><a href="../../javax/jms/JMSRuntimeException.html" title="class in javax.jms"><span class="diff-html-added">JMSRuntimeException</span></a></td><td class="colLast"><div class="block"><span class="diff-html-added">This</span> <span class="diff-html-added">is</span> <span class="diff-html-added">the</span> <span class="diff-html-added">root</span> <span class="diff-html-added">class</span> <span class="diff-html-added">of</span> <span class="diff-html-added">all</span> <span class="diff-html-added">unchecked</span> exceptions <span class="diff-html-removed">.</span><span class="diff-html-added">in</span> <span class="diff-html-added">the</span> <span class="diff-html-added">JMS</span> <span class="diff-html-added">API</span>            </div></td></tr><tr class="altColor"><td class="colFirst"><a href="../../javax/jms/JMSSecurityException.html" title="class in javax.jms">JMSSecurityException</a></td><td class="colLast"><div class="block"> <span class="diff-html-added">This</span> <span class="diff-html-added">exception</span> <span class="diff-html-added">must</span> <span class="diff-html-added">be</span> <span class="diff-html-added">thrown</span> <span class="diff-html-added">when</span> <span class="diff-html-added">a</span> <span class="diff-html-added">provider</span> <span class="diff-html-added">rejects</span> <span class="diff-html-added">a</span> <span class="diff-html-added">user</span> <span class="diff-html-added">name/password</span> <span class="diff-html-added">submitted</span> <span class="diff-html-added">by</span> <span class="diff-html-added">a</span> <span class="diff-html-added">client.</span>                </div></td></tr><tr class="rowColor"><td class="colFirst"><a href="../../javax/jms/JMSSecurityRuntimeException.html" title="class in javax.jms"><span class="diff-html-added">JMSSecurityRuntimeException</span></a></td><td class="colLast"><div class="block"> This <span class="diff-html-added">unchecked</span> exception must be thrown when a provider rejects a user name/password submitted by a client.                 </div></td></tr><tr class="altColor"><td class="colFirst"><a href="../../javax/jms/MessageEOFException.html" title="class in javax.jms">MessageEOFException</a></td><td class="colLast"><div class="block"> This exception must be thrown when an unexpected end of stream has been reached when a <code>StreamMessage</code> or <code>BytesMessage</code> is being read.                      </div></td></tr><tr class="rowColor"><td class="colFirst"><a href="../../javax/jms/MessageFormatException.html" title="class in javax.jms">MessageFormatException</a></td><td class="colLast"><div class="block"> This exception must be thrown when a JMS client attempts to use a data type not supported by a message or attempts to read data in a message as the wrong type.                                </div></td></tr><tr class="altColor"><td class="colFirst"><a href="../../javax/jms/MessageFormatRuntimeException.html" title="class in javax.jms"><span class="diff-html-added">MessageFormatRuntimeException</span></a></td><td class="colLast"><div class="block"> <span class="diff-html-added">This</span> <span class="diff-html-added">unchecked</span> <span class="diff-html-added">exception</span> <span class="diff-html-added">must</span> <span class="diff-html-added">be</span> <span class="diff-html-added">thrown</span> <span class="diff-html-added">when</span> <span class="diff-html-added">a</span> <span class="diff-html-added">JMS</span> <span class="diff-html-added">client</span> <span class="diff-html-added">attempts</span> <span class="diff-html-added">to</span> <span class="diff-html-added">use</span> <span class="diff-html-added">a</span> <span class="diff-html-added">data</span> <span class="diff-html-added">type</span> <span class="diff-html-added">not</span> <span class="diff-html-added">supported</span> <span class="diff-html-added">by</span> <span class="diff-html-added">a</span> <span class="diff-html-added">message</span> <span class="diff-html-added">or</span> <span class="diff-html-added">attempts</span> <span class="diff-html-added">to</span> <span class="diff-html-added">read</span> <span class="diff-html-added">data</span> <span class="diff-html-added">in</span> <span class="diff-html-added">a</span> <span class="diff-html-added">message</span> <span class="diff-html-added">as</span> <span class="diff-html-added">the</span> <span class="diff-html-added">wrong</span> <span class="diff-html-added">type.</span>                                 </div></td></tr><tr class="rowColor"><td class="colFirst"><a href="../../javax/jms/MessageNotReadableException.html" title="class in javax.jms">MessageNotReadableException</a></td><td class="colLast"><div class="block"> This exception must be thrown when a JMS client attempts to read a write-only message.               </div></td></tr><tr class="altColor"><td class="colFirst"><a href="../../javax/jms/MessageNotWriteableException.html" title="class in javax.jms">MessageNotWriteableException</a></td><td class="colLast"><div class="block"> This exception must be thrown when a JMS client attempts to write to a read-only message.                </div></td></tr><tr class="rowColor"><td class="colFirst"><a href="../../javax/jms/ResourceAllocationException.html" title="class in javax.jms">ResourceAllocationException</a></td><td class="colLast"><div class="block">This exception is thrown when a provider is unable to allocate the resources required by a method.                </div></td></tr><tr class="altColor"><td class="colFirst"><a href="../../javax/jms/TransactionInProgressException.html" title="class in javax.jms">TransactionInProgressException</a></td><td class="colLast"><div class="block"> This exception is thrown when an operation is invalid because a transaction is in progress.               </div></td></tr><tr class="rowColor"><td class="colFirst"><a href="../../javax/jms/TransactionRolledBackException.html" title="class in javax.jms">TransactionRolledBackException</a></td><td class="colLast"><div class="block"> <span class="diff-html-added">This</span> <span class="diff-html-added">exception</span> <span class="diff-html-added">must</span> <span class="diff-html-added">be</span> <span class="diff-html-added">thrown</span> <span class="diff-html-added">when</span> <span class="diff-html-added">a</span> <span class="diff-html-added">call</span> <span class="diff-html-added">to</span> <code><span class="diff-html-added">Session.commit</span></code> <span class="diff-html-added">results</span> <span class="diff-html-added">in</span> <span class="diff-html-added">a</span> <span class="diff-html-added">rollback</span> <span class="diff-html-added">of</span> <span class="diff-html-added">the</span> <span class="diff-html-added">current</span> <span class="diff-html-added">transaction.</span>                  </div></td></tr><tr class="altColor"><td class="colFirst"><a href="../../javax/jms/TransactionRolledBackRuntimeException.html" title="class in javax.jms"><span class="diff-html-added">TransactionRolledBackRuntimeException</span></a></td><td class="colLast"><div class="block"> This <span class="diff-html-added">unchecked</span> exception must be thrown when a call to <code>Session.commit</code> results in a rollback of the current transaction.                   </div></td></tr></tbody></tbody></table></li></ul><a name="package_description"/><h2 title="Package javax.jms Description">Package javax.jms Description  </h2><div class="block"><p> The Java Message Service (JMS) API provides a common way for Java programs to create, send, receive and read an enterprise messaging system's messages.                        </p><h3>JMS Applications </h3><p>A JMS application is composed of the following parts:        </p><ul><li>JMS Provider - a messaging system that implements the JMS API in addition to the other administrative and control functionality required of a full-featured messaging product                         </li><li>JMS Clients - the Java language programs that send and receive messages           </li><li>Messages - objects that are used to communicate information between the clients of an application              </li><li>Administered Objects - provider-specific objects that clients look up and use to interact portably with a JMS provider                 </li><li>Non-JMS Clients - clients that use a message system's native client API instead of the JMS API. If the application predated the availability of the JMS API, it is likely that it will include both JMS clients and non-JMS clients.                                       </li></ul><h3>Administration</h3><p>JMS providers differ significantly in their implementations of underlying messaging technology. There are also major differences in how a JMS provider's system is installed and administered.                         </p><p>For JMS clients to be portable, they must be isolated from these proprietary aspects of a provider. This is done by defining JMS administered objects that are created and customized by a provider's administrator and later used by clients. The client uses them through JMS interfaces that are portable. The administrator creates them using provider-specific facilities.                                                       </p><p>There are two types of JMS administered objects:       </p><ul><li>ConnectionFactory - the object a client uses to create a connection with a JMS provider              </li><li>Destination - the object a client uses to specify the destination of messages it is sending and the source of messages it receives                      </li></ul><p>Administered objects are placed in a Java Naming and Directory Interface<sup><font size="-2">TM</font></sup> (JNDI) namespace by an administrator. A JMS client typically notes in its documentation the JMS administered objects it requires and how the JNDI names of these objects should be provided to it.                                          </p><h3>Two Messaging Styles  </h3><p>The JMS specification defines two styles of messaging: the point-to-point (PTP) or the publish-and-subscribe (Pub/Sub). These styles can be combined in a single application, or a given application can use just one of these styles.                                  </p><p>The JMS API defines these two styles because they represent two of the dominant approaches to messaging currently in use. While the domains have many similarities, they also have some differences. JMS provides a unified programming interface to allow the client programmer to easily send and receive message using either domain, but the client programmer must also be aware of the differences between the domains. The key differences relate to how message persistence is handled, and the meaning of certain message attributes.                                                                                 </p><h3>JMS Interfaces </h3> When programming an application client, the programmer may either program using the domain specific interfaces, or may use the common interfaces. The key interfaces are listed in the table below. The preferred model is to use the common interfaces. The advantage to using the common interfaces is that both point-to-point and pub/sub tasks can be combined in one session, allowing transactions to operate over both domains.<p>In earlier versions of JMS, there were separate class hierarchies for the pub/sub and point-to-point programming models that had to be used. These class hierarchies are retained to support backward compatibility with earlier versions of the JMS API, but client developers are encouraged to use the common interfaces.                                               </p><p><table border="" cellpadding="3" cellspacing="0"><caption><b>Relationship of PTP and Pub/Sub interfaces<b/>     </b></caption><b><b/></b><tbody><b><b><tr><th align="LEFT">JMS Common </th><th align="LEFT">PTP Domain </th><th align="LEFT">Pub/Sub Domain </th></tr><tr><td>ConnectionFactory</td><td>QueueConnectionFactory</td><td>TopicConnectionFactory</td></tr><tr><td>Connection</td><td>QueueConnection</td><td>TopicConnection</td></tr><tr><td>Destination</td><td>Queue</td><td>Topic</td></tr><tr><td>Session</td><td>QueueSession</td><td>TopicSession</td></tr><tr><td>MessageProducer</td><td>QueueSender</td><td>TopicPublisher</td></tr><tr><td>MessageConsumer</td><td>QueueReceiver</td><td>TopicSubscriber</td></tr></b></b></tbody></table></p><p>The following provides a brief definition of these JMS concepts. See the PTP and Pub/Sub chapters of the JMS specification for more information.                      </p><ul><li>ConnectionFactory - an administered object used by a client to create a Connection            </li><li>Connection - an active connection to a JMS provider        </li><li>Destination - an administered object that encapsulates the identity of a message destination            </li><li>Session - a single-threaded context for sending and receiving messages         </li><li>MessageProducer - an object created by a Session that is used for sending messages to a destination                </li><li>MessageConsumer - an object created by a Session that is used for receiving messages sent to a destination                 </li></ul><p>The term <em>consume</em> is used in this document to mean the receipt of a message by a JMS client; that is, a JMS provider has received a message and has given it to its client. Since the JMS API supports both synchronous and asynchronous receipt of messages, the term <em>consume</em> is used when there is no need to make a distinction between them.                                                              </p><p>The term <em>produce</em> is used as the most general term for sending a message. It means giving a message to a JMS provider for delivery to a destination.                           </p><h3>Developing a JMS Application   </h3><p>Broadly speaking, a JMS application is one or more JMS clients that exchange messages. The application may also involve non-JMS clients; however, these clients use the JMS provider's native API in place of the JMS API.                                   </p><p>A JMS application can be architected and deployed as a unit. In many cases, JMS clients are added incrementally to an existing application.                      </p><p>The message definitions used by an application may originate with JMS, or they may have been defined by the non-JMS part of the application.                       </p><h3>Developing a JMS Client   </h3><p>A typical JMS client executes the following setup procedure:        </p><ul><li>Use JNDI to find a ConnectionFactory object      </li><li>Use JNDI to find one or more Destination objects        </li><li>Use the ConnectionFactory to create a JMS Connection. At this point, message delivery is inhibited              </li><li>Use the Connection to create one or more JMS Sessions         </li><li>Use a Session and the Destinations to create the MessageProducers and MessageConsumers needed            </li><li>Start message delivery for the Connection. Messages will be delivered to MessageConsumers           </li></ul><p>At this point a client has the basic setup needed to produce and consume messages.              </p><h3>Package Specification </h3><blockquote><a href="http://java.sun.com/products/jms/docs.html">Java Message Service Specification - Version 1.1        </a></blockquote><h3>Related Documentation </h3><blockquote><a href="http://java.sun.com/products/jms/tutorial/index.html">Java Message Service Tutorial   </a></blockquote>                                                                  </div></div><div class="bottomNav"><a name="navbar_bottom"/><a href="#skip-navbar_bottom" title="Skip navigation links"/><a name="navbar_bottom_firstrow"/><ul class="navList" title="Navigation"><li><a href="../../javax/jms/package-summary.html">Package</a></li><li>Class</li><li><a href="package-use.html">Use</a></li><li><a href="package-tree.html">Tree</a></li><li><a href="../../deprecated-list.html">Deprecated</a></li><li><a href="../../index-all.html">Index</a></li><li><a href="../../help-doc.html">Help</a></li></ul><div class="aboutLanguage"><em>JMS <span class="diff-html-removed">1.1</span> <span class="diff-html-removed">-</span> <span class="diff-html-removed">April</span> <span class="diff-html-removed">12,</span> <span class="diff-html-removed">2002</span><span class="diff-html-added">2.0</span> <span class="diff-html-added">working</span> <span class="diff-html-added">draft</span> <span class="diff-html-added">-</span> <span class="diff-html-added">8</span> <span class="diff-html-added">Dec</span> <span class="diff-html-added">2011</span>           </em></div></div><div class="subNav"><ul class="navList"><li>Prev Package </li><li>Next Package </li></ul><ul class="navList"><li><a href="../../index.html?javax/jms/package-summary.html" target="_top">Frames</a></li><li><a href="package-summary.html" target="_top">No Frames </a></li></ul><ul class="navList" id="allclasses_navbar_bottom"><li><a href="../../allclasses-noframe.html">All Classes </a></li></ul><div/><a name="skip-navbar_bottom"/></div><p class="legalCopy"><small><span class="diff-html-added">Copyright</span> <span class="diff-html-added">2011</span> <span class="diff-html-added">Oracle</span> <span class="diff-html-added">America</span> <span class="diff-html-added">Inc.</span> <span class="diff-html-added">All</span> <span class="diff-html-added">rights</span> <span class="diff-html-added">reserved.</span> <span class="diff-html-added">Use</span> <span class="diff-html-added">is</span> <span class="diff-html-added">subject</span> <span class="diff-html-added">to</span> <a href="http://java.net/downloads/jms-spec/Licences/working-draft-eval-spec-license.pdf"><span class="diff-html-added">licence</span> <span class="diff-html-added">terms</span> </a><br/>JMS <span class="diff-html-removed">1.1</span> <span class="diff-html-removed">-</span> <span class="diff-html-removed">April</span> <span class="diff-html-removed">12,</span> <span class="diff-html-removed">2002</span><span class="diff-html-added">2.0</span> <span class="diff-html-added">working</span> <span class="diff-html-added">draft</span> <span class="diff-html-added">-</span> <span class="diff-html-added">8</span> <span class="diff-html-added">Dec</span> <span class="diff-html-added">2011</span>                       </small></p></diff></diffreport>