<?xml version="1.0" encoding="UTF-8"?><diffreport><diff><table border="0" cellpadding="1" cellspacing="0" width="100%"><tr><td><h3 class="ctxid">class:QueueReceiver [NONE]</h3></td></tr><tr><td><table border="0" cellpadding="5" cellspacing="1" bgcolor="black" width="100%"><tr valign="top"><td bgcolor="#FFFFFF" colspan="1"><div class="description"> <a start_ctx_id="class:QueueReceiver"/><ul class="blockList"><li class="blockList"><dl> <dt>All Superinterfaces: </dt><dd> <a href="../../javax/jms/MessageConsumer.html" title="interface in javax.jms">MessageConsumer</a> </dd> </dl> <hr/> <br/><pre>public interface <span class="strong">QueueReceiver</span>
extends <a href="../../javax/jms/MessageConsumer.html" title="interface in javax.jms">MessageConsumer</a></pre><div class="block">A client uses a <code>QueueReceiver</code> object to receive messages that have been delivered to a queue.<p>Although it is possible to have multiple <code>QueueReceiver</code>s for the same queue, the JMS API does not define how messages are distributed between the <code>QueueReceiver</code>s.                        </p><p>If a <code>QueueReceiver</code> specifies a message selector, the messages that are not selected remain on the queue. By definition, a message selector allows a <code>QueueReceiver</code> to skip messages. This means that when the skipped messages are eventually read, the total ordering of the reads does not retain the partial order defined by each message producer. Only <code>QueueReceiver</code>s without a message selector will read messages in message producer order.                                                                   </p><p>Creating a <code>MessageConsumer</code> provides the same features as creating a <code>QueueReceiver</code>. A <code>MessageConsumer</code> object is recommended for creating new code. The <code>QueueReceiver</code> is provided to support existing code.                           </p>               </div><dl> <dt> <span class="strong">Version:</span>   </dt><dd>1.1 February 2, 2002   </dd> <dt> <span class="strong">Author:</span>   </dt><dd>Mark Hapner, Rich Burridge, Kate Stout     </dd> <dt> <span class="strong">See Also: </span>   </dt><dd> <a href="../../javax/jms/Session.html#createConsumer(javax.jms.Destination, java.lang.String)"><code>Session.createConsumer(Destination, String) </code></a>, <a href="../../javax/jms/Session.html#createConsumer(javax.jms.Destination)"><code>Session.createConsumer(Destination)</code></a>, <a href="../../javax/jms/QueueSession.html#createReceiver(javax.jms.Queue, java.lang.String)"><code>QueueSession.createReceiver(Queue, String) </code></a>, <a href="../../javax/jms/QueueSession.html#createReceiver(javax.jms.Queue)"><code>QueueSession.createReceiver(Queue)</code></a>, <a href="../../javax/jms/MessageConsumer.html" title="interface in javax.jms"><code>MessageConsumer</code></a>     </dd>   </dl>  </li></ul> </div> <a end_ctx_id="class:QueueReceiver"/> </td></tr></table></td></tr></table><table border="0" cellpadding="1" cellspacing="0" width="100%"><tr><td><h3 class="ctxid">method:getQueue() [NONE]</h3></td></tr><tr><td><table border="0" cellpadding="5" cellspacing="1" bgcolor="black" width="100%"><tr valign="top"><td bgcolor="#FFFFFF" colspan="1"> <a start_ctx_id="method:getQueue()"/><a name="getQueue()"/><ul class="blockListLast"><li class="blockList"><h4>getQueue</h4><pre><a href="../../javax/jms/Queue.html" title="interface in javax.jms">Queue</a> getQueue()
               throws <a href="../../javax/jms/JMSException.html" title="class in javax.jms">JMSException</a></pre><div class="block">Gets the <code>Queue</code> associated with this queue receiver.       </div><dl> <dt> <span class="strong">Returns:</span>   </dt><dd>this receiver's <code>Queue</code>  </dd> <dt> <span class="strong">Throws:</span>   </dt><dd> <code><a href="../../javax/jms/JMSException.html" title="class in javax.jms">JMSException</a></code> - if the JMS provider fails to get the queue for this queue receiver due to some internal error.                    </dd>  </dl></li></ul> <a end_ctx_id="method:getQueue()"/>  </td></tr></table></td></tr></table></diff></diffreport>