<?xml version="1.0" encoding="UTF-8"?><diffreport><diff><table border="0" cellpadding="1" cellspacing="0" width="100%"><tr><td><h3 class="ctxid">class:QueueSession [NONE]</h3></td></tr><tr><td><table border="0" cellpadding="5" cellspacing="1" bgcolor="black" width="100%"><tr valign="top"><td bgcolor="#FFFFFF" colspan="1"><div class="description"> <a start_ctx_id="class:QueueSession"/><ul class="blockList"><li class="blockList"><dl> <dt>All Superinterfaces: </dt><dd> <a href="http://download.oracle.com/javase/6/docs/api/java/lang/Runnable.html?is-external=true" title="class or interface in java.lang">Runnable</a>, <a href="../../javax/jms/Session.html" title="interface in javax.jms">Session</a>  </dd> </dl> <hr/> <br/><pre>public interface <span class="strong">QueueSession</span>
extends <a href="../../javax/jms/Session.html" title="interface in javax.jms">Session</a></pre><div class="block">A <code>QueueSession</code> object provides methods for creating <code>QueueReceiver</code>, <code>QueueSender</code>, <code>QueueBrowser</code>, and <code>TemporaryQueue</code> objects.<p>If there are messages that have been received but not acknowledged when a <code>QueueSession</code> terminates, these messages will be retained and redelivered when a consumer next accesses the queue.                            </p><p>A <code>QueueSession</code> is used for creating Point-to-Point specific objects. In general, use the <code>Session</code> object. The <code>QueueSession</code> is used to support existing code. Using the <code>Session</code> object simplifies the programming model, and allows transactions to be used across the two messaging domains.                                         </p><p>A <code>QueueSession</code> cannot be used to create objects specific to the publish/subscribe domain. The following methods inherit from <code>Session</code>, but must throw an <code>IllegalStateException</code> if they are used from <code>QueueSession</code>:<ul><li> <code>createDurableSubscriber</code> </li><li> <code>createTemporaryTopic</code> </li><li> <code>createTopic</code> </li><li> <code>unsubscribe</code> </li></ul>                             </p>            </div><dl> <dt> <span class="strong">Version:</span>   </dt><dd>1.1 - April 2, 2002    </dd> <dt> <span class="strong">Author:</span>   </dt><dd>Mark Hapner, Rich Burridge, Kate Stout     </dd> <dt> <span class="strong">See Also: </span>   </dt><dd> <a href="../../javax/jms/Session.html" title="interface in javax.jms"><code>Session</code></a>, <a href="../../javax/jms/QueueConnection.html#createQueueSession(boolean, int)"><code>QueueConnection.createQueueSession(boolean, int) </code></a>, <a href="../../javax/jms/XAQueueSession.html#getQueueSession()"><code>XAQueueSession.getQueueSession()</code></a>   </dd>   </dl>  </li></ul> </div> <a end_ctx_id="class:QueueSession"/> </td></tr></table></td></tr></table><table border="0" cellpadding="1" cellspacing="0" width="100%"><tr><td><h3 class="ctxid">method:createQueue(java.lang.String) [NONE]</h3></td></tr><tr><td><table border="0" cellpadding="5" cellspacing="1" bgcolor="black" width="100%"><tr valign="top"><td bgcolor="#FFFFFF" colspan="1"> <a start_ctx_id="method:createQueue(java.lang.String)"/><a name="createQueue(java.lang.String)"/><ul class="blockList"><li class="blockList"><h4>createQueue</h4><pre><a href="../../javax/jms/Queue.html" title="interface in javax.jms">Queue</a> createQueue(<a href="http://download.oracle.com/javase/6/docs/api/java/lang/String.html?is-external=true" title="class or interface in java.lang">String</a> queueName)
                  throws <a href="../../javax/jms/JMSException.html" title="class in javax.jms">JMSException</a></pre><div class="block">Creates a queue identity given a <code>Queue</code> name.<p>This facility is provided for the rare cases where clients need to dynamically manipulate queue identity. It allows the creation of a queue identity with a provider-specific name. Clients that depend on this ability are not portable.                                    </p><p>Note that this method is not for creating the physical queue. The physical creation of queues is an administrative task and is not to be initiated by the JMS API. The one exception is the creation of temporary queues, which is accomplished with the <code>createTemporaryQueue</code> method.                                             </p>       </div><dl> <dt> <strong>Specified by: </strong>   </dt><dd> <code><a href="../../javax/jms/Session.html#createQueue(java.lang.String)">createQueue</a></code> in interface <code><a href="../../javax/jms/Session.html" title="interface in javax.jms">Session</a></code>  </dd> <dt> <span class="strong">Parameters:</span>   </dt><dd> <code>queueName</code> - the name of this <code>Queue</code>       </dd> <dt> <span class="strong">Returns:</span>   </dt><dd>a <code>Queue</code> with the given name     </dd> <dt> <span class="strong">Throws:</span>   </dt><dd> <code><a href="../../javax/jms/JMSException.html" title="class in javax.jms">JMSException</a></code> - if the session fails to create a queue due to some internal error.               </dd>    </dl></li></ul> <a end_ctx_id="method:createQueue(java.lang.String)"/>  </td></tr></table></td></tr></table><table border="0" cellpadding="1" cellspacing="0" width="100%"><tr><td><h3 class="ctxid">method:createReceiver(javax.jms.Queue) [NONE]</h3></td></tr><tr><td><table border="0" cellpadding="5" cellspacing="1" bgcolor="black" width="100%"><tr valign="top"><td bgcolor="#FFFFFF" colspan="1"> <a start_ctx_id="method:createReceiver(javax.jms.Queue)"/><a name="createReceiver(javax.jms.Queue)"/><ul class="blockList"><li class="blockList"><h4>createReceiver</h4><pre><a href="../../javax/jms/QueueReceiver.html" title="interface in javax.jms">QueueReceiver</a> createReceiver(<a href="../../javax/jms/Queue.html" title="interface in javax.jms">Queue</a> queue)
                             throws <a href="../../javax/jms/JMSException.html" title="class in javax.jms">JMSException</a></pre><div class="block">Creates a <code>QueueReceiver</code> object to receive messages from the specified queue.          </div><dl> <dt> <span class="strong">Parameters:</span>   </dt><dd> <code>queue</code> - the <code>Queue</code> to access      </dd> <dt> <span class="strong">Throws:</span>   </dt><dd> <code><a href="../../javax/jms/JMSException.html" title="class in javax.jms">JMSException</a></code> - if the session fails to create a receiver due to some internal error.               </dd><dd> <code><a href="../../javax/jms/InvalidDestinationException.html" title="class in javax.jms">InvalidDestinationException</a></code> - if an invalid queue is specified.        </dd>  </dl></li></ul> <a end_ctx_id="method:createReceiver(javax.jms.Queue)"/>  </td></tr></table></td></tr></table><table border="0" cellpadding="1" cellspacing="0" width="100%"><tr><td><h3 class="ctxid">method:createReceiver(javax.jms.Queue, java.lang.String) [NONE]</h3></td></tr><tr><td><table border="0" cellpadding="5" cellspacing="1" bgcolor="black" width="100%"><tr valign="top"><td bgcolor="#FFFFFF" colspan="1"> <a start_ctx_id="method:createReceiver(javax.jms.Queue, java.lang.String)"/><a name="createReceiver(javax.jms.Queue, java.lang.String)"/><ul class="blockList"><li class="blockList"><h4>createReceiver</h4><pre><a href="../../javax/jms/QueueReceiver.html" title="interface in javax.jms">QueueReceiver</a> createReceiver(<a href="../../javax/jms/Queue.html" title="interface in javax.jms">Queue</a> queue,
                           <a href="http://download.oracle.com/javase/6/docs/api/java/lang/String.html?is-external=true" title="class or interface in java.lang">String</a> messageSelector)
                             throws <a href="../../javax/jms/JMSException.html" title="class in javax.jms">JMSException</a></pre><div class="block">Creates a <code>QueueReceiver</code> object to receive messages from the specified queue using a message selector.              </div><dl> <dt> <span class="strong">Parameters:</span>   </dt><dd> <code>queue</code> - the <code>Queue</code> to access      </dd><dd> <code>messageSelector</code> - only messages with properties matching the message selector expression are delivered. A value of null or an empty string indicates that there is no message selector for the message consumer.                                </dd> <dt> <span class="strong">Throws:</span>   </dt><dd> <code><a href="../../javax/jms/JMSException.html" title="class in javax.jms">JMSException</a></code> - if the session fails to create a receiver due to some internal error.               </dd><dd> <code><a href="../../javax/jms/InvalidDestinationException.html" title="class in javax.jms">InvalidDestinationException</a></code> - if an invalid queue is specified.        </dd><dd> <code><a href="../../javax/jms/InvalidSelectorException.html" title="class in javax.jms">InvalidSelectorException</a></code> - if the message selector is invalid.        </dd>  </dl></li></ul> <a end_ctx_id="method:createReceiver(javax.jms.Queue, java.lang.String)"/>  </td></tr></table></td></tr></table><table border="0" cellpadding="1" cellspacing="0" width="100%"><tr><td><h3 class="ctxid">method:createSender(javax.jms.Queue) [NONE]</h3></td></tr><tr><td><table border="0" cellpadding="5" cellspacing="1" bgcolor="black" width="100%"><tr valign="top"><td bgcolor="#FFFFFF" colspan="1"> <a start_ctx_id="method:createSender(javax.jms.Queue)"/><a name="createSender(javax.jms.Queue)"/><ul class="blockList"><li class="blockList"><h4>createSender</h4><pre><a href="../../javax/jms/QueueSender.html" title="interface in javax.jms">QueueSender</a> createSender(<a href="../../javax/jms/Queue.html" title="interface in javax.jms">Queue</a> queue)
                         throws <a href="../../javax/jms/JMSException.html" title="class in javax.jms">JMSException</a></pre><div class="block">Creates a <code>QueueSender</code> object to send messages to the specified queue.          </div><dl> <dt> <span class="strong">Parameters:</span>   </dt><dd> <code>queue</code> - the <code>Queue</code> to access, or null if this is an unidentified producer              </dd> <dt> <span class="strong">Throws:</span>   </dt><dd> <code><a href="../../javax/jms/JMSException.html" title="class in javax.jms">JMSException</a></code> - if the session fails to create a sender due to some internal error.               </dd><dd> <code><a href="../../javax/jms/InvalidDestinationException.html" title="class in javax.jms">InvalidDestinationException</a></code> - if an invalid queue is specified.        </dd>  </dl></li></ul> <a end_ctx_id="method:createSender(javax.jms.Queue)"/>  </td></tr></table></td></tr></table><table border="0" cellpadding="1" cellspacing="0" width="100%"><tr><td><h3 class="ctxid">method:createBrowser(javax.jms.Queue) [NONE]</h3></td></tr><tr><td><table border="0" cellpadding="5" cellspacing="1" bgcolor="black" width="100%"><tr valign="top"><td bgcolor="#FFFFFF" colspan="1"> <a start_ctx_id="method:createBrowser(javax.jms.Queue)"/><a name="createBrowser(javax.jms.Queue)"/><ul class="blockList"><li class="blockList"><h4>createBrowser</h4><pre><a href="../../javax/jms/QueueBrowser.html" title="interface in javax.jms">QueueBrowser</a> createBrowser(<a href="../../javax/jms/Queue.html" title="interface in javax.jms">Queue</a> queue)
                           throws <a href="../../javax/jms/JMSException.html" title="class in javax.jms">JMSException</a></pre><div class="block">Creates a <code>QueueBrowser</code> object to peek at the messages on the specified queue.            </div><dl> <dt> <strong>Specified by: </strong>   </dt><dd> <code><a href="../../javax/jms/Session.html#createBrowser(javax.jms.Queue)">createBrowser</a></code> in interface <code><a href="../../javax/jms/Session.html" title="interface in javax.jms">Session</a></code>  </dd> <dt> <span class="strong">Parameters:</span>   </dt><dd> <code>queue</code> - the <code>Queue</code> to access      </dd> <dt> <span class="strong">Throws:</span>   </dt><dd> <code><a href="../../javax/jms/JMSException.html" title="class in javax.jms">JMSException</a></code> - if the session fails to create a browser due to some internal error.               </dd><dd> <code><a href="../../javax/jms/InvalidDestinationException.html" title="class in javax.jms">InvalidDestinationException</a></code> - if an invalid queue is specified.        </dd>   </dl></li></ul> <a end_ctx_id="method:createBrowser(javax.jms.Queue)"/>  </td></tr></table></td></tr></table><table border="0" cellpadding="1" cellspacing="0" width="100%"><tr><td><h3 class="ctxid">method:createBrowser(javax.jms.Queue, java.lang.String) [NONE]</h3></td></tr><tr><td><table border="0" cellpadding="5" cellspacing="1" bgcolor="black" width="100%"><tr valign="top"><td bgcolor="#FFFFFF" colspan="1"> <a start_ctx_id="method:createBrowser(javax.jms.Queue, java.lang.String)"/><a name="createBrowser(javax.jms.Queue, java.lang.String)"/><ul class="blockList"><li class="blockList"><h4>createBrowser</h4><pre><a href="../../javax/jms/QueueBrowser.html" title="interface in javax.jms">QueueBrowser</a> createBrowser(<a href="../../javax/jms/Queue.html" title="interface in javax.jms">Queue</a> queue,
                         <a href="http://download.oracle.com/javase/6/docs/api/java/lang/String.html?is-external=true" title="class or interface in java.lang">String</a> messageSelector)
                           throws <a href="../../javax/jms/JMSException.html" title="class in javax.jms">JMSException</a></pre><div class="block">Creates a <code>QueueBrowser</code> object to peek at the messages on the specified queue using a message selector.                </div><dl> <dt> <strong>Specified by: </strong>   </dt><dd> <code><a href="../../javax/jms/Session.html#createBrowser(javax.jms.Queue, java.lang.String)">createBrowser</a></code> in interface <code><a href="../../javax/jms/Session.html" title="interface in javax.jms">Session</a></code>  </dd> <dt> <span class="strong">Parameters:</span>   </dt><dd> <code>queue</code> - the <code>Queue</code> to access      </dd><dd> <code>messageSelector</code> - only messages with properties matching the message selector expression are delivered. A value of null or an empty string indicates that there is no message selector for the message consumer.                                </dd> <dt> <span class="strong">Throws:</span>   </dt><dd> <code><a href="../../javax/jms/JMSException.html" title="class in javax.jms">JMSException</a></code> - if the session fails to create a browser due to some internal error.               </dd><dd> <code><a href="../../javax/jms/InvalidDestinationException.html" title="class in javax.jms">InvalidDestinationException</a></code> - if an invalid queue is specified.        </dd><dd> <code><a href="../../javax/jms/InvalidSelectorException.html" title="class in javax.jms">InvalidSelectorException</a></code> - if the message selector is invalid.        </dd>   </dl></li></ul> <a end_ctx_id="method:createBrowser(javax.jms.Queue, java.lang.String)"/>  </td></tr></table></td></tr></table><table border="0" cellpadding="1" cellspacing="0" width="100%"><tr><td><h3 class="ctxid">method:createTemporaryQueue() [NONE]</h3></td></tr><tr><td><table border="0" cellpadding="5" cellspacing="1" bgcolor="black" width="100%"><tr valign="top"><td bgcolor="#FFFFFF" colspan="1"> <a start_ctx_id="method:createTemporaryQueue()"/><a name="createTemporaryQueue()"/><ul class="blockListLast"><li class="blockList"><h4>createTemporaryQueue</h4><pre><a href="../../javax/jms/TemporaryQueue.html" title="interface in javax.jms">TemporaryQueue</a> createTemporaryQueue()
                                    throws <a href="../../javax/jms/JMSException.html" title="class in javax.jms">JMSException</a></pre><div class="block">Creates a <code>TemporaryQueue</code> object. Its lifetime will be that of the <code>QueueConnection</code> unless it is deleted earlier.                </div><dl> <dt> <strong>Specified by: </strong>   </dt><dd> <code><a href="../../javax/jms/Session.html#createTemporaryQueue()">createTemporaryQueue</a></code> in interface <code><a href="../../javax/jms/Session.html" title="interface in javax.jms">Session</a></code>  </dd> <dt> <span class="strong">Returns:</span>   </dt><dd>a temporary queue identity   </dd> <dt> <span class="strong">Throws:</span>   </dt><dd> <code><a href="../../javax/jms/JMSException.html" title="class in javax.jms">JMSException</a></code> - if the session fails to create a temporary queue due to some internal error.                </dd>   </dl></li></ul> <a end_ctx_id="method:createTemporaryQueue()"/>  </td></tr></table></td></tr></table></diff></diffreport>