<?xml version="1.0" encoding="UTF-8"?><diffreport><diff><table border="0" cellpadding="1" cellspacing="0" width="100%"><tr><td><h3 class="ctxid">class:Queue [NONE]</h3></td></tr><tr><td><table border="0" cellpadding="5" cellspacing="1" bgcolor="black" width="100%"><tr valign="top"><td bgcolor="#FFFFFF" colspan="1"><div class="description"> <a start_ctx_id="class:Queue"/><ul class="blockList"><li class="blockList"><dl> <dt>All Superinterfaces: </dt><dd> <a href="../../javax/jms/Destination.html" title="interface in javax.jms">Destination</a> </dd> </dl><dl> <dt>All Known Subinterfaces:  </dt><dd> <a href="../../javax/jms/TemporaryQueue.html" title="interface in javax.jms">TemporaryQueue</a> </dd> </dl> <hr/> <br/><pre>public interface <span class="strong">Queue</span>
extends <a href="../../javax/jms/Destination.html" title="interface in javax.jms">Destination</a></pre><div class="block">A <code>Queue</code> object encapsulates a provider-specific queue name. It is the way a client specifies the identity of a queue to JMS API methods. For those methods that use a <code>Destination</code> as a parameter, a <code>Queue</code> object used as an argument. For example, a queue can be used to create a <code>MessageConsumer</code> and a <code>MessageProducer</code> by calling:<ul><li> <code>Session.CreateConsumer(Destination destination) </code> </li><li> <code>Session.CreateProducer(Destination destination) </code> </li></ul><p>The actual length of time messages are held by a queue and the consequences of resource overflow are not defined by the JMS API.                       </p>                                                        </div><dl> <dt> <span class="strong">Version:</span>   </dt><dd>1.1 February 2 - 2000    </dd> <dt> <span class="strong">Author:</span>   </dt><dd>Mark Hapner, Rich Burridge, Kate Stout     </dd> <dt> <span class="strong">See Also: </span>   </dt><dd> <a href="../../javax/jms/Session.html#createConsumer(javax.jms.Destination)"><code>Session.createConsumer(Destination)</code></a>, <a href="../../javax/jms/Session.html#createProducer(javax.jms.Destination)"><code>Session.createProducer(Destination)</code></a>, <a href="../../javax/jms/Session.html#createQueue(java.lang.String)"><code>Session.createQueue(String)</code></a>, <a href="../../javax/jms/QueueSession.html#createQueue(java.lang.String)"><code>QueueSession.createQueue(String)</code></a>    </dd>   </dl>  </li></ul> </div> <a end_ctx_id="class:Queue"/> </td></tr></table></td></tr></table><table border="0" cellpadding="1" cellspacing="0" width="100%"><tr><td><h3 class="ctxid">method:getQueueName() [NONE]</h3></td></tr><tr><td><table border="0" cellpadding="5" cellspacing="1" bgcolor="black" width="100%"><tr valign="top"><td bgcolor="#FFFFFF" colspan="1"> <a start_ctx_id="method:getQueueName()"/><a name="getQueueName()"/><ul class="blockList"><li class="blockList"><h4>getQueueName</h4><pre><a href="http://download.oracle.com/javase/6/docs/api/java/lang/String.html?is-external=true" title="class or interface in java.lang">String</a> getQueueName()
                    throws <a href="../../javax/jms/JMSException.html" title="class in javax.jms">JMSException</a></pre><div class="block">Gets the name of this queue.<p>Clients that depend upon the name are not portable.        </p>     </div><dl> <dt> <span class="strong">Returns:</span>   </dt><dd>the queue name  </dd> <dt> <span class="strong">Throws:</span>   </dt><dd> <code><a href="../../javax/jms/JMSException.html" title="class in javax.jms">JMSException</a></code> - if the JMS provider implementation of <code>Queue</code> fails to return the queue name due to some internal error.                    </dd>  </dl></li></ul> <a end_ctx_id="method:getQueueName()"/>  </td></tr></table></td></tr></table><table border="0" cellpadding="1" cellspacing="0" width="100%"><tr><td><h3 class="ctxid">method:toString() [NONE]</h3></td></tr><tr><td><table border="0" cellpadding="5" cellspacing="1" bgcolor="black" width="100%"><tr valign="top"><td bgcolor="#FFFFFF" colspan="1"> <a start_ctx_id="method:toString()"/><a name="toString()"/><ul class="blockListLast"><li class="blockList"><h4>toString</h4><pre><a href="http://download.oracle.com/javase/6/docs/api/java/lang/String.html?is-external=true" title="class or interface in java.lang">String</a> toString()</pre><div class="block">Returns a string representation of this object.      </div><dl> <dt> <strong>Overrides:</strong>   </dt><dd> <code><a href="http://download.oracle.com/javase/6/docs/api/java/lang/Object.html?is-external=true#toString()" title="class or interface in java.lang">toString</a></code> in class <code><a href="http://download.oracle.com/javase/6/docs/api/java/lang/Object.html?is-external=true" title="class or interface in java.lang">Object</a></code>  </dd> <dt> <span class="strong">Returns:</span>   </dt><dd>the provider-specific identity values for this queue      </dd>  </dl></li></ul> <a end_ctx_id="method:toString()"/>  </td></tr></table></td></tr></table></diff></diffreport>