<?xml version="1.0" encoding="UTF-8" standalone="yes"?><Document><name>javax\jms\QueueReceiver.spec</name><Context><name>class:QueueReceiver</name><mt>NONE</mt></Context><Context><name>method:getQueue()</name><mt>NONE</mt></Context><Stat><name>javax\jms\QueueReceiver.spec</name><mt>NONE</mt><Group name="context"><Item name="ADDED" count="0"/><Item name="REMOVED" count="0"/><Item name="CHANGED" count="0"/><Item name="MODIFIED" count="0"/><Item name="TOTAL" count="2"/></Group><Group name="assertion"><Item name="ADDED" count="0"/><Item name="REMOVED" count="0"/><Item name="CHANGED" count="0"/><Item name="MODIFIED" count="0"/><Item name="TOTAL" count="0"/></Group></Stat></Document>