<?xml version="1.0" encoding="UTF-8" standalone="yes"?><Document><name>javax\jms\QueueBrowser.spec</name><Context><name>class:QueueBrowser</name><mt>NONE</mt></Context><Context><name>method:close()</name><mt>NONE</mt></Context><Context><name>method:getEnumeration()</name><mt>NONE</mt></Context><Context><name>method:getMessageSelector()</name><mt>NONE</mt></Context><Context><name>method:getQueue()</name><mt>NONE</mt></Context><Stat><name>javax\jms\QueueBrowser.spec</name><mt>NONE</mt><Group name="context"><Item name="ADDED" count="0"/><Item name="REMOVED" count="0"/><Item name="CHANGED" count="0"/><Item name="MODIFIED" count="0"/><Item name="TOTAL" count="5"/></Group><Group name="assertion"><Item name="ADDED" count="0"/><Item name="REMOVED" count="0"/><Item name="CHANGED" count="0"/><Item name="MODIFIED" count="0"/><Item name="TOTAL" count="0"/></Group></Stat></Document>