<?xml version="1.0" encoding="UTF-8" standalone="yes"?><Document><name>javax\jms\QueueRequestor.spec</name><Context><name>class:QueueRequestor</name><mt>NONE</mt></Context><Context><name>constructor:QueueRequestor(javax.jms.QueueSession, javax.jms.Queue)</name><mt>NONE</mt></Context><Context><name>method:close()</name><mt>NONE</mt></Context><Context><name>method:request(javax.jms.Message)</name><mt>NONE</mt></Context><Stat><name>javax\jms\QueueRequestor.spec</name><mt>NONE</mt><Group name="context"><Item name="ADDED" count="0"/><Item name="REMOVED" count="0"/><Item name="CHANGED" count="0"/><Item name="MODIFIED" count="0"/><Item name="TOTAL" count="4"/></Group><Group name="assertion"><Item name="ADDED" count="0"/><Item name="REMOVED" count="0"/><Item name="CHANGED" count="0"/><Item name="MODIFIED" count="0"/><Item name="TOTAL" count="0"/></Group></Stat></Document>