<?xml version="1.0" encoding="UTF-8" standalone="yes"?><Document><name>javax\jms\QueueSender.spec</name><Context><name>class:QueueSender</name><mt>NONE</mt></Context><Context><name>method:getQueue()</name><mt>NONE</mt></Context><Context><name>method:send(javax.jms.Message)</name><mt>NONE</mt></Context><Context><name>method:send(javax.jms.Message, int, int, long)</name><mt>NONE</mt></Context><Context><name>method:send(javax.jms.Queue, javax.jms.Message)</name><mt>NONE</mt></Context><Context><name>method:send(javax.jms.Queue, javax.jms.Message, int, int, long)</name><mt>NONE</mt></Context><Stat><name>javax\jms\QueueSender.spec</name><mt>NONE</mt><Group name="context"><Item name="ADDED" count="0"/><Item name="REMOVED" count="0"/><Item name="CHANGED" count="0"/><Item name="MODIFIED" count="0"/><Item name="TOTAL" count="6"/></Group><Group name="assertion"><Item name="ADDED" count="0"/><Item name="REMOVED" count="0"/><Item name="CHANGED" count="0"/><Item name="MODIFIED" count="0"/><Item name="TOTAL" count="0"/></Group></Stat></Document>