<?xml version="1.0" encoding="UTF-8"?><diffreport><diff><table border="0" cellpadding="1" cellspacing="0" width="100%"><tr><td><h3 class="ctxid">class:QueueConnectionFactory [NONE]</h3></td></tr><tr><td><table border="0" cellpadding="5" cellspacing="1" bgcolor="black" width="100%"><tr valign="top"><td bgcolor="#FFFFFF" colspan="1"><div class="description"> <a start_ctx_id="class:QueueConnectionFactory"/><ul class="blockList"><li class="blockList"><dl> <dt>All Superinterfaces: </dt><dd> <a href="../../javax/jms/ConnectionFactory.html" title="interface in javax.jms">ConnectionFactory</a> </dd> </dl><dl> <dt>All Known Subinterfaces:  </dt><dd> <a href="../../javax/jms/XAQueueConnectionFactory.html" title="interface in javax.jms">XAQueueConnectionFactory</a> </dd> </dl> <hr/> <br/><pre>public interface <span class="strong">QueueConnectionFactory</span>
extends <a href="../../javax/jms/ConnectionFactory.html" title="interface in javax.jms">ConnectionFactory</a></pre><div class="block">A client uses a <code>QueueConnectionFactory</code> object to create <code>QueueConnection</code> objects with a point-to-point JMS provider.<p> <code>QueueConnectionFactory</code> can be used to create a <code>QueueConnection</code>, from which specialized queue-related objects can be created. A more general, and recommended, approach is to use the <code>ConnectionFactory</code> object.                            </p><p> The <code>QueueConnectionFactory</code> object can be used to support existing code that already uses it.              </p>              </div><dl> <dt> <span class="strong">Version:</span>   </dt><dd>1.1 - February 2, 2002    </dd> <dt> <span class="strong">Author:</span>   </dt><dd>Mark Hapner, Rich Burridge, Kate Stout     </dd> <dt> <span class="strong">See Also: </span>   </dt><dd> <a href="../../javax/jms/ConnectionFactory.html" title="interface in javax.jms"><code>ConnectionFactory</code></a> </dd>   </dl>  </li></ul> </div> <a end_ctx_id="class:QueueConnectionFactory"/> </td></tr></table></td></tr></table><table border="0" cellpadding="1" cellspacing="0" width="100%"><tr><td><h3 class="ctxid">method:createQueueConnection() [NONE]</h3></td></tr><tr><td><table border="0" cellpadding="5" cellspacing="1" bgcolor="black" width="100%"><tr valign="top"><td bgcolor="#FFFFFF" colspan="1"> <a start_ctx_id="method:createQueueConnection()"/><a name="createQueueConnection()"/><ul class="blockList"><li class="blockList"><h4>createQueueConnection</h4><pre><a href="../../javax/jms/QueueConnection.html" title="interface in javax.jms">QueueConnection</a> createQueueConnection()
                                      throws <a href="../../javax/jms/JMSException.html" title="class in javax.jms">JMSException</a></pre><div class="block">Creates a queue connection with the default user identity. The connection is created in stopped mode. No messages will be delivered until the <code>Connection.start</code> method is explicitly called. .                            </div><dl> <dt> <span class="strong">Returns:</span>   </dt><dd>a newly created queue connection    </dd> <dt> <span class="strong">Throws:</span>   </dt><dd> <code><a href="../../javax/jms/JMSException.html" title="class in javax.jms">JMSException</a></code> - if the JMS provider fails to create the queue connection due to some internal error.                 </dd><dd> <code><a href="../../javax/jms/JMSSecurityException.html" title="class in javax.jms">JMSSecurityException</a></code> - if client authentication fails due to an invalid user name or password.              </dd>  </dl></li></ul> <a end_ctx_id="method:createQueueConnection()"/>  </td></tr></table></td></tr></table><table border="0" cellpadding="1" cellspacing="0" width="100%"><tr><td><h3 class="ctxid">method:createQueueConnection(java.lang.String, java.lang.String) [NONE]</h3></td></tr><tr><td><table border="0" cellpadding="5" cellspacing="1" bgcolor="black" width="100%"><tr valign="top"><td bgcolor="#FFFFFF" colspan="1"> <a start_ctx_id="method:createQueueConnection(java.lang.String, java.lang.String)"/><a name="createQueueConnection(java.lang.String, java.lang.String)"/><ul class="blockListLast"><li class="blockList"><h4>createQueueConnection</h4><pre><a href="../../javax/jms/QueueConnection.html" title="interface in javax.jms">QueueConnection</a> createQueueConnection(<a href="http://download.oracle.com/javase/6/docs/api/java/lang/String.html?is-external=true" title="class or interface in java.lang">String</a> userName,
                                    <a href="http://download.oracle.com/javase/6/docs/api/java/lang/String.html?is-external=true" title="class or interface in java.lang">String</a> password)
                                      throws <a href="../../javax/jms/JMSException.html" title="class in javax.jms">JMSException</a></pre><div class="block">Creates a queue connection with the specified user identity. The connection is created in stopped mode. No messages will be delivered until the <code>Connection.start</code> method is explicitly called.                           </div><dl> <dt> <span class="strong">Parameters:</span>   </dt><dd> <code>userName</code> - the caller's user name      </dd><dd> <code>password</code> - the caller's password     </dd> <dt> <span class="strong">Returns:</span>   </dt><dd>a newly created queue connection    </dd> <dt> <span class="strong">Throws:</span>   </dt><dd> <code><a href="../../javax/jms/JMSException.html" title="class in javax.jms">JMSException</a></code> - if the JMS provider fails to create the queue connection due to some internal error.                 </dd><dd> <code><a href="../../javax/jms/JMSSecurityException.html" title="class in javax.jms">JMSSecurityException</a></code> - if client authentication fails due to an invalid user name or password.              </dd>   </dl></li></ul> <a end_ctx_id="method:createQueueConnection(java.lang.String, java.lang.String)"/>  </td></tr></table></td></tr></table></diff></diffreport>