<?xml version="1.0" encoding="UTF-8" standalone="yes"?><Document><name>javax\jms\QueueSession.spec</name><Context><name>class:QueueSession</name><mt>NONE</mt></Context><Context><name>method:createBrowser(javax.jms.Queue)</name><mt>NONE</mt></Context><Context><name>method:createBrowser(javax.jms.Queue, java.lang.String)</name><mt>NONE</mt></Context><Context><name>method:createQueue(java.lang.String)</name><mt>NONE</mt></Context><Context><name>method:createReceiver(javax.jms.Queue)</name><mt>NONE</mt></Context><Context><name>method:createReceiver(javax.jms.Queue, java.lang.String)</name><mt>NONE</mt></Context><Context><name>method:createSender(javax.jms.Queue)</name><mt>NONE</mt></Context><Context><name>method:createTemporaryQueue()</name><mt>NONE</mt></Context><Stat><name>javax\jms\QueueSession.spec</name><mt>NONE</mt><Group name="context"><Item name="ADDED" count="0"/><Item name="REMOVED" count="0"/><Item name="CHANGED" count="0"/><Item name="MODIFIED" count="0"/><Item name="TOTAL" count="8"/></Group><Group name="assertion"><Item name="ADDED" count="0"/><Item name="REMOVED" count="0"/><Item name="CHANGED" count="0"/><Item name="MODIFIED" count="0"/><Item name="TOTAL" count="0"/></Group></Stat></Document>