<?xml version="1.0" encoding="UTF-8"?><diffreport><diff><table border="0" cellpadding="1" cellspacing="0" width="100%"><tr><td><h3 class="ctxid">class:QueueConnection [NONE]</h3></td></tr><tr><td><table border="0" cellpadding="5" cellspacing="1" bgcolor="black" width="100%"><tr valign="top"><td bgcolor="#FFFFFF" colspan="1"><div class="description"> <a start_ctx_id="class:QueueConnection"/><ul class="blockList"><li class="blockList"><dl> <dt>All Superinterfaces: </dt><dd> <a href="../../javax/jms/Connection.html" title="interface in javax.jms">Connection</a> </dd> </dl><dl> <dt>All Known Subinterfaces:  </dt><dd> <a href="../../javax/jms/XAQueueConnection.html" title="interface in javax.jms">XAQueueConnection</a> </dd> </dl> <hr/> <br/><pre>public interface <span class="strong">QueueConnection</span>
extends <a href="../../javax/jms/Connection.html" title="interface in javax.jms">Connection</a></pre><div class="block">A <code>QueueConnection</code> object is an active connection to a point-to-point JMS provider. A client uses a <code>QueueConnection</code> object to create one or more <code>QueueSession</code> objects for producing and consuming messages.<p>A <code>QueueConnection</code> can be used to create a <code>QueueSession</code>, from which specialized queue-related objects can be created. A more general, and recommended, approach is to use the <code>Connection</code> object.                            </p><p>The <code>QueueConnection</code> object should be used to support existing code that has already used it.              </p><p>A <code>QueueConnection</code> cannot be used to create objects specific to the publish/subscribe domain. The <code>createDurableConnectionConsumer</code> method inherits from <code>Connection</code>, but must throw an <code>IllegalStateException</code> if used from <code>QueueConnection</code>.                           </p>                             </div><dl> <dt> <span class="strong">Version:</span>   </dt><dd>1.1 - April 9, 2002    </dd> <dt> <span class="strong">Author:</span>   </dt><dd>Mark Hapner, Rich Burridge, Kate Stout     </dd> <dt> <span class="strong">See Also: </span>   </dt><dd> <a href="../../javax/jms/Connection.html" title="interface in javax.jms"><code>Connection</code></a>, <a href="../../javax/jms/ConnectionFactory.html" title="interface in javax.jms"><code>ConnectionFactory</code></a>, <a href="../../javax/jms/QueueConnectionFactory.html" title="interface in javax.jms"><code>QueueConnectionFactory</code></a>   </dd>   </dl>  </li></ul> </div> <a end_ctx_id="class:QueueConnection"/> </td></tr></table></td></tr></table><table border="0" cellpadding="1" cellspacing="0" width="100%"><tr><td><h3 class="ctxid">method:createQueueSession(boolean, int) [NONE]</h3></td></tr><tr><td><table border="0" cellpadding="5" cellspacing="1" bgcolor="black" width="100%"><tr valign="top"><td bgcolor="#FFFFFF" colspan="1"> <a start_ctx_id="method:createQueueSession(boolean, int)"/><a name="createQueueSession(boolean, int)"/><ul class="blockList"><li class="blockList"><h4>createQueueSession</h4><pre><a href="../../javax/jms/QueueSession.html" title="interface in javax.jms">QueueSession</a> createQueueSession(boolean transacted,
                              int acknowledgeMode)
                                throws <a href="../../javax/jms/JMSException.html" title="class in javax.jms">JMSException</a></pre><div class="block">Creates a <code>QueueSession</code> object.   </div><dl> <dt> <span class="strong">Parameters:</span>   </dt><dd> <code>transacted</code> - indicates whether the session is transacted        </dd><dd> <code>acknowledgeMode</code> - indicates whether the consumer or the client will acknowledge any messages it receives; ignored if the session is transacted. Legal values are <code>Session.AUTO_ACKNOWLEDGE</code>, <code>Session.CLIENT_ACKNOWLEDGE</code>, and <code>Session.DUPS_OK_ACKNOWLEDGE</code>.                            </dd> <dt> <span class="strong">Returns:</span>   </dt><dd>a newly created queue session    </dd> <dt> <span class="strong">Throws:</span>   </dt><dd> <code><a href="../../javax/jms/JMSException.html" title="class in javax.jms">JMSException</a></code> - if the <code>QueueConnection</code> object fails to create a session due to some internal error or lack of support for the specific transaction and acknowledgement mode.                           </dd> <dt> <span class="strong">See Also: </span>   </dt><dd> <a href="../../javax/jms/Session.html#AUTO_ACKNOWLEDGE"><code>Session.AUTO_ACKNOWLEDGE</code></a>, <a href="../../javax/jms/Session.html#CLIENT_ACKNOWLEDGE"><code>Session.CLIENT_ACKNOWLEDGE</code></a>, <a href="../../javax/jms/Session.html#DUPS_OK_ACKNOWLEDGE"><code>Session.DUPS_OK_ACKNOWLEDGE</code></a>   </dd>    </dl></li></ul> <a end_ctx_id="method:createQueueSession(boolean, int)"/>  </td></tr></table></td></tr></table><table border="0" cellpadding="1" cellspacing="0" width="100%"><tr><td><h3 class="ctxid">method:createConnectionConsumer(javax.jms.Queue, java.lang.String, javax.jms.ServerSessionPool, int) [NONE]</h3></td></tr><tr><td><table border="0" cellpadding="5" cellspacing="1" bgcolor="black" width="100%"><tr valign="top"><td bgcolor="#FFFFFF" colspan="1"> <a start_ctx_id="method:createConnectionConsumer(javax.jms.Queue, java.lang.String, javax.jms.ServerSessionPool, int)"/><a name="createConnectionConsumer(javax.jms.Queue, java.lang.String, javax.jms.ServerSessionPool, int)"/><ul class="blockListLast"><li class="blockList"><h4>createConnectionConsumer</h4><pre><a href="../../javax/jms/ConnectionConsumer.html" title="interface in javax.jms">ConnectionConsumer</a> createConnectionConsumer(<a href="../../javax/jms/Queue.html" title="interface in javax.jms">Queue</a> queue,
                                          <a href="http://download.oracle.com/javase/6/docs/api/java/lang/String.html?is-external=true" title="class or interface in java.lang">String</a> messageSelector,
                                          <a href="../../javax/jms/ServerSessionPool.html" title="interface in javax.jms">ServerSessionPool</a> sessionPool,
                                          int maxMessages)
                                            throws <a href="../../javax/jms/JMSException.html" title="class in javax.jms">JMSException</a></pre><div class="block">Creates a connection consumer for this connection (optional operation). This is an expert facility not used by regular JMS clients.                   </div><dl> <dt> <span class="strong">Parameters:</span>   </dt><dd> <code>queue</code> - the queue to access      </dd><dd> <code>messageSelector</code> - only messages with properties matching the message selector expression are delivered. A value of null or an empty string indicates that there is no message selector for the message consumer.                                </dd><dd> <code>sessionPool</code> - the server session pool to associate with this connection consumer            </dd><dd> <code>maxMessages</code> - the maximum number of messages that can be assigned to a server session at one time                  </dd> <dt> <span class="strong">Returns:</span>   </dt><dd>the connection consumer  </dd> <dt> <span class="strong">Throws:</span>   </dt><dd> <code><a href="../../javax/jms/JMSException.html" title="class in javax.jms">JMSException</a></code> - if the <code>QueueConnection</code> object fails to create a connection consumer due to some internal error or invalid arguments for <code>sessionPool</code> and <code>messageSelector</code>.                        </dd><dd> <code><a href="../../javax/jms/InvalidDestinationException.html" title="class in javax.jms">InvalidDestinationException</a></code> - if an invalid queue is specified.        </dd><dd> <code><a href="../../javax/jms/InvalidSelectorException.html" title="class in javax.jms">InvalidSelectorException</a></code> - if the message selector is invalid.        </dd> <dt> <span class="strong">See Also: </span>   </dt><dd> <a href="../../javax/jms/ConnectionConsumer.html" title="interface in javax.jms"><code>ConnectionConsumer</code></a> </dd>    </dl></li></ul> <a end_ctx_id="method:createConnectionConsumer(javax.jms.Queue, java.lang.String, javax.jms.ServerSessionPool, int)"/>  </td></tr></table></td></tr></table></diff></diffreport>