<?xml version="1.0" encoding="UTF-8"?><diffreport><diff><table border="0" cellpadding="1" cellspacing="0" width="100%"><tr><td><h3 class="ctxid">class:ServerSessionPool [NONE]</h3></td></tr><tr><td><table border="0" cellpadding="5" cellspacing="1" bgcolor="black" width="100%"><tr valign="top"><td bgcolor="#FFFFFF" colspan="1"><div class="description"> <a start_ctx_id="class:ServerSessionPool"/><ul class="blockList"><li class="blockList"> <hr/> <br/><pre>public interface <span class="strong">ServerSessionPool</span></pre><div class="block">A <code>ServerSessionPool</code> object is an object implemented by an application server to provide a pool of <code>ServerSession</code> objects for processing the messages of a <code>ConnectionConsumer</code> (optional).<p>Its only method is <code>getServerSession</code>. The JMS API does not architect how the pool is implemented. It could be a static pool of <code>ServerSession</code> objects, or it could use a sophisticated algorithm to dynamically create <code>ServerSession</code> objects as needed.                                      </p><p>If the <code>ServerSessionPool</code> is out of <code>ServerSession</code> objects, the <code>getServerSession</code> call may block. If a <code>ConnectionConsumer</code> is blocked, it cannot deliver new messages until a <code>ServerSession</code> is eventually returned.                            </p>                         </div><dl> <dt> <span class="strong">Version:</span>   </dt><dd>1.0 - 9 March 1998    </dd> <dt> <span class="strong">Author:</span>   </dt><dd>Mark Hapner, Rich Burridge   </dd> <dt> <span class="strong">See Also: </span>   </dt><dd> <a href="../../javax/jms/ServerSession.html" title="interface in javax.jms"><code>ServerSession</code></a> </dd>   </dl>  </li></ul> </div> <a end_ctx_id="class:ServerSessionPool"/> </td></tr></table></td></tr></table><table border="0" cellpadding="1" cellspacing="0" width="100%"><tr><td><h3 class="ctxid">method:getServerSession() [NONE]</h3></td></tr><tr><td><table border="0" cellpadding="5" cellspacing="1" bgcolor="black" width="100%"><tr valign="top"><td bgcolor="#FFFFFF" colspan="1"> <a start_ctx_id="method:getServerSession()"/><a name="getServerSession()"/><ul class="blockListLast"><li class="blockList"><h4>getServerSession</h4><pre><a href="../../javax/jms/ServerSession.html" title="interface in javax.jms">ServerSession</a> getServerSession()
                               throws <a href="../../javax/jms/JMSException.html" title="class in javax.jms">JMSException</a></pre><div class="block">Return a server session from the pool.      </div><dl> <dt> <span class="strong">Returns:</span>   </dt><dd>a server session from the pool     </dd> <dt> <span class="strong">Throws:</span>   </dt><dd> <code><a href="../../javax/jms/JMSException.html" title="class in javax.jms">JMSException</a></code> - if an application server fails to return a <code>ServerSession</code> out of its server session pool.                 </dd>  </dl></li></ul> <a end_ctx_id="method:getServerSession()"/>  </td></tr></table></td></tr></table></diff></diffreport>