<?xml version="1.0" encoding="UTF-8"?><diffreport><diff><table border="0" cellpadding="1" cellspacing="0" width="100%"><tr><td><h3 class="ctxid">class:ServerSession [NONE]</h3></td></tr><tr><td><table border="0" cellpadding="5" cellspacing="1" bgcolor="black" width="100%"><tr valign="top"><td bgcolor="#FFFFFF" colspan="1"><div class="description"> <a start_ctx_id="class:ServerSession"/><ul class="blockList"><li class="blockList"> <hr/> <br/><pre>public interface <span class="strong">ServerSession</span></pre><div class="block">A <code>ServerSession</code> object is an application server object that is used by a server to associate a thread with a JMS session (optional).<p>A <code>ServerSession</code> implements two methods:<ul><li> <code>getSession</code> - returns the <code>ServerSession</code>'s JMS session.       </li><li> <code>start</code> - starts the execution of the <code>ServerSession</code> thread and results in the execution of the JMS session's <code>run</code> method.                    </li></ul>    </p><p>A <code>ConnectionConsumer</code> implemented by a JMS provider uses a <code>ServerSession</code> to process one or more messages that have arrived. It does this by getting a <code>ServerSession</code> from the <code>ConnectionConsumer</code>'s <code>ServerSessionPool</code>; getting the <code>ServerSession</code>'s JMS session; loading it with the messages; and then starting the <code>ServerSession</code>.                                            </p><p>In most cases the <code>ServerSession</code> will register some object it provides as the <code>ServerSession</code>'s thread run object. The <code>ServerSession</code>'s <code>start</code> method will call the thread's <code>start</code> method, which will start the new thread, and from it, call the <code>run</code> method of the <code>ServerSession</code>'s run object. This object will do some housekeeping and then call the <code>Session</code>'s <code>run</code> method. When <code>run</code> returns, the <code>ServerSession</code>'s run object can return the <code>ServerSession</code> to the <code>ServerSessionPool</code>, and the cycle starts again.                                                                            </p><p>Note that the JMS API does not architect how the <code>ConnectionConsumer</code> loads the <code>Session</code> with messages. Since both the <code>ConnectionConsumer</code> and <code>Session</code> are implemented by the same JMS provider, they can accomplish the load using a private mechanism.                                     </p>                      </div><dl> <dt> <span class="strong">Version:</span>   </dt><dd>1.0 - 9 March 1998    </dd> <dt> <span class="strong">Author:</span>   </dt><dd>Mark Hapner, Rich Burridge   </dd> <dt> <span class="strong">See Also: </span>   </dt><dd> <a href="../../javax/jms/ServerSessionPool.html" title="interface in javax.jms"><code>ServerSessionPool</code></a>, <a href="../../javax/jms/ConnectionConsumer.html" title="interface in javax.jms"><code>ConnectionConsumer</code></a>  </dd>   </dl>  </li></ul> </div> <a end_ctx_id="class:ServerSession"/> </td></tr></table></td></tr></table><table border="0" cellpadding="1" cellspacing="0" width="100%"><tr><td><h3 class="ctxid">method:getSession() [NONE]</h3></td></tr><tr><td><table border="0" cellpadding="5" cellspacing="1" bgcolor="black" width="100%"><tr valign="top"><td bgcolor="#FFFFFF" colspan="1"> <a start_ctx_id="method:getSession()"/><a name="getSession()"/><ul class="blockList"><li class="blockList"><h4>getSession</h4><pre><a href="../../javax/jms/Session.html" title="interface in javax.jms">Session</a> getSession()
                   throws <a href="../../javax/jms/JMSException.html" title="class in javax.jms">JMSException</a></pre><div class="block">Return the <code>ServerSession</code>'s <code>Session</code>. This must be a <code>Session</code> created by the same <code>Connection</code> that will be dispatching messages to it. The provider will assign one or more messages to the <code>Session</code> and then call <code>start</code> on the <code>ServerSession</code>.                                      </div><dl> <dt> <span class="strong">Returns:</span>   </dt><dd>the server session's session   </dd> <dt> <span class="strong">Throws:</span>   </dt><dd> <code><a href="../../javax/jms/JMSException.html" title="class in javax.jms">JMSException</a></code> - if the JMS provider fails to get the associated session for this <code>ServerSession</code> due to some internal error.                    </dd>  </dl></li></ul> <a end_ctx_id="method:getSession()"/>  </td></tr></table></td></tr></table><table border="0" cellpadding="1" cellspacing="0" width="100%"><tr><td><h3 class="ctxid">method:start() [NONE]</h3></td></tr><tr><td><table border="0" cellpadding="5" cellspacing="1" bgcolor="black" width="100%"><tr valign="top"><td bgcolor="#FFFFFF" colspan="1"> <a start_ctx_id="method:start()"/><a name="start()"/><ul class="blockListLast"><li class="blockList"><h4>start</h4><pre>void start()
           throws <a href="../../javax/jms/JMSException.html" title="class in javax.jms">JMSException</a></pre><div class="block">Cause the <code>Session</code>'s <code>run</code> method to be called to process messages that were just assigned to it.                </div><dl> <dt> <span class="strong">Throws:</span>   </dt><dd> <code><a href="../../javax/jms/JMSException.html" title="class in javax.jms">JMSException</a></code> - if the JMS provider fails to start the server session to process messages due to some internal error.                    </dd> </dl></li></ul> <a end_ctx_id="method:start()"/>  </td></tr></table></td></tr></table></diff></diffreport>