<?xml version="1.0" encoding="UTF-8"?><diffreport><diff><table border="0" cellpadding="1" cellspacing="0" width="100%"><tr><td><h3 class="ctxid">class:Session [NONE]</h3></td></tr><tr><td><table border="0" cellpadding="5" cellspacing="1" bgcolor="black" width="100%"><tr valign="top"><td bgcolor="#FFFFFF" colspan="1"><div class="description"> <a start_ctx_id="class:Session"/><ul class="blockList"><li class="blockList"><dl> <dt>All Superinterfaces: </dt><dd> <a href="http://download.oracle.com/javase/6/docs/api/java/lang/Runnable.html?is-external=true" title="class or interface in java.lang">Runnable</a> </dd> </dl><dl> <dt>All Known Subinterfaces:  </dt><dd> <a href="../../javax/jms/QueueSession.html" title="interface in javax.jms">QueueSession</a>, <a href="../../javax/jms/TopicSession.html" title="interface in javax.jms">TopicSession</a>, <a href="../../javax/jms/XAQueueSession.html" title="interface in javax.jms">XAQueueSession</a>, <a href="../../javax/jms/XASession.html" title="interface in javax.jms">XASession</a>, <a href="../../javax/jms/XATopicSession.html" title="interface in javax.jms">XATopicSession</a>     </dd> </dl> <hr/> <br/><pre>public interface <span class="strong">Session</span>
extends <a href="http://download.oracle.com/javase/6/docs/api/java/lang/Runnable.html?is-external=true" title="class or interface in java.lang">Runnable</a></pre><div class="block"><p>A <code>Session</code> object is a single-threaded context for producing and consuming messages. Although it may allocate provider resources outside the Java virtual machine (JVM), it is considered a lightweight JMS object.                              </p><p>A session serves several purposes:<ul><li>It is a factory for its message producers and consumers.         </li><li>It supplies provider-optimized message factories.    </li><li>It is a factory for <code>TemporaryTopics</code> and <code>TemporaryQueues</code>.       </li><li> It provides a way to create <code>Queue</code> or <code>Topic</code> objects for those clients that need to dynamically manipulate provider-specific destination names.                     </li><li>It supports a single series of transactions that combine work spanning its producers and consumers into atomic units.                 </li><li>It defines a serial order for the messages it consumes and the messages it produces.              </li><li>It retains messages it consumes until they have been acknowledged.         </li><li>It serializes execution of message listeners registered with its message consumers.          </li><li> It is a factory for <code>QueueBrowsers</code>.      </li></ul>    </p><p>A session can create and service multiple message producers and consumers.          </p><p>One typical use is to have a thread block on a synchronous <code>MessageConsumer</code> until a message arrives. The thread may then use one or more of the <code>Session</code>'s <code>MessageProducer</code>s.                            </p><p>If a client desires to have one thread produce messages while others consume them, the client should use a separate session for its producing thread.                        </p><p>Once a connection has been started, any session with one or more registered message listeners is dedicated to the thread of control that delivers messages to it. It is erroneous for client code to use this session or any of its constituent objects from another thread of control. The only exception to this rule is the use of the session or connection <code>close</code> method.                                                               </p><p>It should be easy for most clients to partition their work naturally into sessions. This model allows clients to start simply and incrementally add message processing complexity as their need for concurrency grows.                                </p><p>The <code>close</code> method is the only session method that can be called while some other session method is being executed in another thread.                      </p><p>A session may be specified as transacted. Each transacted session supports a single series of transactions. Each transaction groups a set of message sends and a set of message receives into an atomic unit of work. In effect, transactions organize a session's input message stream and output message stream into series of atomic units. When a transaction commits, its atomic unit of input is acknowledged and its associated atomic unit of output is sent. If a transaction rollback is done, the transaction's sent messages are destroyed and the session's input is automatically recovered.                                                                                            </p><p>The content of a transaction's input and output units is simply those messages that have been produced and consumed within the session's current transaction.                       </p><p>A transaction is completed using either its session's <code>commit</code> method or its session's <code>rollback</code> method. The completion of a session's current transaction automatically begins the next. The result is that a transacted session always has a current transaction within which its work is done.                                           </p><p>The Java Transaction Service (JTS) or some other transaction monitor may be used to combine a session's transaction with transactions on other resources (databases, other JMS sessions, etc.). Since Java distributed transactions are controlled via the Java Transaction API (JTA), use of the session's <code>commit</code> and <code>rollback</code> methods in this context is prohibited.                                                    </p><p>The JMS API does not require support for JTA; however, it does define how a provider supplies this support.                  </p><p>Although it is also possible for a JMS client to handle distributed transactions directly, it is unlikely that many JMS clients will do this. Support for JTA in the JMS API is targeted at systems vendors who will be integrating the JMS API into their application server products.                                               </p></div><dl> <dt> <span class="strong">Version:</span>   </dt><dd>1.1 February 2, 2002   </dd> <dt> <span class="strong">Author:</span>   </dt><dd>Mark Hapner, Rich Burridge, Kate Stout     </dd> <dt> <span class="strong">See Also: </span>   </dt><dd> <a href="../../javax/jms/QueueSession.html" title="interface in javax.jms"><code>QueueSession</code></a>, <a href="../../javax/jms/TopicSession.html" title="interface in javax.jms"><code>TopicSession</code></a>, <a href="../../javax/jms/XASession.html" title="interface in javax.jms"><code>XASession</code></a>   </dd>   </dl>  </li></ul> </div> <a end_ctx_id="class:Session"/> </td></tr></table></td></tr></table><table border="0" cellpadding="1" cellspacing="0" width="100%"><tr><td><h3 class="ctxid">field:AUTO_ACKNOWLEDGE [NONE]</h3></td></tr><tr><td><table border="0" cellpadding="5" cellspacing="1" bgcolor="black" width="100%"><tr valign="top"><td bgcolor="#FFFFFF" colspan="1"> <a start_ctx_id="field:AUTO_ACKNOWLEDGE"/><a name="AUTO_ACKNOWLEDGE"/><ul class="blockList"><li class="blockList"><h4>AUTO_ACKNOWLEDGE</h4><pre>static final int AUTO_ACKNOWLEDGE</pre><div class="block">With this acknowledgment mode, the session automatically acknowledges a client's receipt of a message either when the session has successfully returned from a call to <code>receive</code> or when the message listener the session has called to process the message successfully returns.                                        </div><dl> <dt> <span class="strong">See Also: </span>   </dt><dd> <a href="../../constant-values.html#javax.jms.Session.AUTO_ACKNOWLEDGE">Constant Field Values  </a> </dd> </dl></li></ul> <a end_ctx_id="field:AUTO_ACKNOWLEDGE"/>  </td></tr></table></td></tr></table><table border="0" cellpadding="1" cellspacing="0" width="100%"><tr><td><h3 class="ctxid">field:CLIENT_ACKNOWLEDGE [NONE]</h3></td></tr><tr><td><table border="0" cellpadding="5" cellspacing="1" bgcolor="black" width="100%"><tr valign="top"><td bgcolor="#FFFFFF" colspan="1"> <a start_ctx_id="field:CLIENT_ACKNOWLEDGE"/><a name="CLIENT_ACKNOWLEDGE"/><ul class="blockList"><li class="blockList"><h4>CLIENT_ACKNOWLEDGE</h4><pre>static final int CLIENT_ACKNOWLEDGE</pre><div class="block">With this acknowledgment mode, the client acknowledges a consumed message by calling the message's <code>acknowledge</code> method. Acknowledging a consumed message acknowledges all messages that the session has consumed.<p>When client acknowledgment mode is used, a client may build up a large number of unacknowledged messages while attempting to process them. A JMS provider should provide administrators with a way to limit client overrun so that clients are not driven to resource exhaustion and ensuing failure when some resource they are using is temporarily blocked.                                                       </p>                           </div><dl> <dt> <span class="strong">See Also: </span>   </dt><dd> <a href="../../javax/jms/Message.html#acknowledge()"><code>Message.acknowledge()</code></a>, <a href="../../constant-values.html#javax.jms.Session.CLIENT_ACKNOWLEDGE">Constant Field Values  </a>  </dd> </dl></li></ul> <a end_ctx_id="field:CLIENT_ACKNOWLEDGE"/>  </td></tr></table></td></tr></table><table border="0" cellpadding="1" cellspacing="0" width="100%"><tr><td><h3 class="ctxid">field:DUPS_OK_ACKNOWLEDGE [NONE]</h3></td></tr><tr><td><table border="0" cellpadding="5" cellspacing="1" bgcolor="black" width="100%"><tr valign="top"><td bgcolor="#FFFFFF" colspan="1"> <a start_ctx_id="field:DUPS_OK_ACKNOWLEDGE"/><a name="DUPS_OK_ACKNOWLEDGE"/><ul class="blockList"><li class="blockList"><h4>DUPS_OK_ACKNOWLEDGE</h4><pre>static final int DUPS_OK_ACKNOWLEDGE</pre><div class="block">This acknowledgment mode instructs the session to lazily acknowledge the delivery of messages. This is likely to result in the delivery of some duplicate messages if the JMS provider fails, so it should only be used by consumers that can tolerate duplicate messages. Use of this mode can reduce session overhead by minimizing the work the session does to prevent duplicates.                                                            </div><dl> <dt> <span class="strong">See Also: </span>   </dt><dd> <a href="../../constant-values.html#javax.jms.Session.DUPS_OK_ACKNOWLEDGE">Constant Field Values  </a> </dd> </dl></li></ul> <a end_ctx_id="field:DUPS_OK_ACKNOWLEDGE"/>  </td></tr></table></td></tr></table><table border="0" cellpadding="1" cellspacing="0" width="100%"><tr><td><h3 class="ctxid">field:SESSION_TRANSACTED [NONE]</h3></td></tr><tr><td><table border="0" cellpadding="5" cellspacing="1" bgcolor="black" width="100%"><tr valign="top"><td bgcolor="#FFFFFF" colspan="1"> <a start_ctx_id="field:SESSION_TRANSACTED"/><a name="SESSION_TRANSACTED"/><ul class="blockListLast"><li class="blockList"><h4>SESSION_TRANSACTED</h4><pre>static final int SESSION_TRANSACTED</pre><div class="block">This value is returned from the method <code>getAcknowledgeMode</code> if the session is transacted. If a <code>Session</code> is transacted, the acknowledgement mode is ignored.                      </div><dl> <dt> <span class="strong">See Also: </span>   </dt><dd> <a href="../../constant-values.html#javax.jms.Session.SESSION_TRANSACTED">Constant Field Values  </a> </dd> </dl></li></ul> <a end_ctx_id="field:SESSION_TRANSACTED"/>  </td></tr></table></td></tr></table><table border="0" cellpadding="1" cellspacing="0" width="100%"><tr><td><h3 class="ctxid">method:createBytesMessage() [NONE]</h3></td></tr><tr><td><table border="0" cellpadding="5" cellspacing="1" bgcolor="black" width="100%"><tr valign="top"><td bgcolor="#FFFFFF" colspan="1"> <a start_ctx_id="method:createBytesMessage()"/><a name="createBytesMessage()"/><ul class="blockList"><li class="blockList"><h4>createBytesMessage</h4><pre><a href="../../javax/jms/BytesMessage.html" title="interface in javax.jms">BytesMessage</a> createBytesMessage()
                                throws <a href="../../javax/jms/JMSException.html" title="class in javax.jms">JMSException</a></pre><div class="block">Creates a <code>BytesMessage</code> object. A <code>BytesMessage</code> object is used to send a message containing a stream of uninterpreted bytes.                  </div><dl> <dt> <span class="strong">Throws:</span>   </dt><dd> <code><a href="../../javax/jms/JMSException.html" title="class in javax.jms">JMSException</a></code> - if the JMS provider fails to create this message due to some internal error.                </dd> </dl></li></ul> <a end_ctx_id="method:createBytesMessage()"/>  </td></tr></table></td></tr></table><table border="0" cellpadding="1" cellspacing="0" width="100%"><tr><td><h3 class="ctxid">method:createMapMessage() [NONE]</h3></td></tr><tr><td><table border="0" cellpadding="5" cellspacing="1" bgcolor="black" width="100%"><tr valign="top"><td bgcolor="#FFFFFF" colspan="1"> <a start_ctx_id="method:createMapMessage()"/><a name="createMapMessage()"/><ul class="blockList"><li class="blockList"><h4>createMapMessage</h4><pre><a href="../../javax/jms/MapMessage.html" title="interface in javax.jms">MapMessage</a> createMapMessage()
                            throws <a href="../../javax/jms/JMSException.html" title="class in javax.jms">JMSException</a></pre><div class="block">Creates a <code>MapMessage</code> object. A <code>MapMessage</code> object is used to send a self-defining set of name-value pairs, where names are <code>String</code> objects and values are primitive values in the Java programming language.                               </div><dl> <dt> <span class="strong">Throws:</span>   </dt><dd> <code><a href="../../javax/jms/JMSException.html" title="class in javax.jms">JMSException</a></code> - if the JMS provider fails to create this message due to some internal error.                </dd> </dl></li></ul> <a end_ctx_id="method:createMapMessage()"/>  </td></tr></table></td></tr></table><table border="0" cellpadding="1" cellspacing="0" width="100%"><tr><td><h3 class="ctxid">method:createMessage() [NONE]</h3></td></tr><tr><td><table border="0" cellpadding="5" cellspacing="1" bgcolor="black" width="100%"><tr valign="top"><td bgcolor="#FFFFFF" colspan="1"> <a start_ctx_id="method:createMessage()"/><a name="createMessage()"/><ul class="blockList"><li class="blockList"><h4>createMessage</h4><pre><a href="../../javax/jms/Message.html" title="interface in javax.jms">Message</a> createMessage()
                      throws <a href="../../javax/jms/JMSException.html" title="class in javax.jms">JMSException</a></pre><div class="block">Creates a <code>Message</code> object. The <code>Message</code> interface is the root interface of all JMS messages. A <code>Message</code> object holds all the standard message header information. It can be sent when a message containing only header information is sufficient.                                     </div><dl> <dt> <span class="strong">Throws:</span>   </dt><dd> <code><a href="../../javax/jms/JMSException.html" title="class in javax.jms">JMSException</a></code> - if the JMS provider fails to create this message due to some internal error.                </dd> </dl></li></ul> <a end_ctx_id="method:createMessage()"/>  </td></tr></table></td></tr></table><table border="0" cellpadding="1" cellspacing="0" width="100%"><tr><td><h3 class="ctxid">method:createObjectMessage() [NONE]</h3></td></tr><tr><td><table border="0" cellpadding="5" cellspacing="1" bgcolor="black" width="100%"><tr valign="top"><td bgcolor="#FFFFFF" colspan="1"> <a start_ctx_id="method:createObjectMessage()"/><a name="createObjectMessage()"/><ul class="blockList"><li class="blockList"><h4>createObjectMessage</h4><pre><a href="../../javax/jms/ObjectMessage.html" title="interface in javax.jms">ObjectMessage</a> createObjectMessage()
                                  throws <a href="../../javax/jms/JMSException.html" title="class in javax.jms">JMSException</a></pre><div class="block">Creates an <code>ObjectMessage</code> object. An <code>ObjectMessage</code> object is used to send a message that contains a serializable Java object.                  </div><dl> <dt> <span class="strong">Throws:</span>   </dt><dd> <code><a href="../../javax/jms/JMSException.html" title="class in javax.jms">JMSException</a></code> - if the JMS provider fails to create this message due to some internal error.                </dd> </dl></li></ul> <a end_ctx_id="method:createObjectMessage()"/>  </td></tr></table></td></tr></table><table border="0" cellpadding="1" cellspacing="0" width="100%"><tr><td><h3 class="ctxid">method:createObjectMessage(java.io.Serializable) [NONE]</h3></td></tr><tr><td><table border="0" cellpadding="5" cellspacing="1" bgcolor="black" width="100%"><tr valign="top"><td bgcolor="#FFFFFF" colspan="1"> <a start_ctx_id="method:createObjectMessage(java.io.Serializable)"/><a name="createObjectMessage(java.io.Serializable)"/><ul class="blockList"><li class="blockList"><h4>createObjectMessage</h4><pre><a href="../../javax/jms/ObjectMessage.html" title="interface in javax.jms">ObjectMessage</a> createObjectMessage(<a href="http://download.oracle.com/javase/6/docs/api/java/io/Serializable.html?is-external=true" title="class or interface in java.io">Serializable</a> object)
                                  throws <a href="../../javax/jms/JMSException.html" title="class in javax.jms">JMSException</a></pre><div class="block">Creates an initialized <code>ObjectMessage</code> object. An <code>ObjectMessage</code> object is used to send a message that contains a serializable Java object.                   </div><dl> <dt> <span class="strong">Parameters:</span>   </dt><dd> <code>object</code> - the object to use to initialize this message          </dd> <dt> <span class="strong">Throws:</span>   </dt><dd> <code><a href="../../javax/jms/JMSException.html" title="class in javax.jms">JMSException</a></code> - if the JMS provider fails to create this message due to some internal error.                </dd>  </dl></li></ul> <a end_ctx_id="method:createObjectMessage(java.io.Serializable)"/>  </td></tr></table></td></tr></table><table border="0" cellpadding="1" cellspacing="0" width="100%"><tr><td><h3 class="ctxid">method:createStreamMessage() [NONE]</h3></td></tr><tr><td><table border="0" cellpadding="5" cellspacing="1" bgcolor="black" width="100%"><tr valign="top"><td bgcolor="#FFFFFF" colspan="1"> <a start_ctx_id="method:createStreamMessage()"/><a name="createStreamMessage()"/><ul class="blockList"><li class="blockList"><h4>createStreamMessage</h4><pre><a href="../../javax/jms/StreamMessage.html" title="interface in javax.jms">StreamMessage</a> createStreamMessage()
                                  throws <a href="../../javax/jms/JMSException.html" title="class in javax.jms">JMSException</a></pre><div class="block">Creates a <code>StreamMessage</code> object. A <code>StreamMessage</code> object is used to send a self-defining stream of primitive values in the Java programming language.                     </div><dl> <dt> <span class="strong">Throws:</span>   </dt><dd> <code><a href="../../javax/jms/JMSException.html" title="class in javax.jms">JMSException</a></code> - if the JMS provider fails to create this message due to some internal error.                </dd> </dl></li></ul> <a end_ctx_id="method:createStreamMessage()"/>  </td></tr></table></td></tr></table><table border="0" cellpadding="1" cellspacing="0" width="100%"><tr><td><h3 class="ctxid">method:createTextMessage() [NONE]</h3></td></tr><tr><td><table border="0" cellpadding="5" cellspacing="1" bgcolor="black" width="100%"><tr valign="top"><td bgcolor="#FFFFFF" colspan="1"> <a start_ctx_id="method:createTextMessage()"/><a name="createTextMessage()"/><ul class="blockList"><li class="blockList"><h4>createTextMessage</h4><pre><a href="../../javax/jms/TextMessage.html" title="interface in javax.jms">TextMessage</a> createTextMessage()
                              throws <a href="../../javax/jms/JMSException.html" title="class in javax.jms">JMSException</a></pre><div class="block">Creates a <code>TextMessage</code> object. A <code>TextMessage</code> object is used to send a message containing a <code>String</code> object.                </div><dl> <dt> <span class="strong">Throws:</span>   </dt><dd> <code><a href="../../javax/jms/JMSException.html" title="class in javax.jms">JMSException</a></code> - if the JMS provider fails to create this message due to some internal error.                </dd> </dl></li></ul> <a end_ctx_id="method:createTextMessage()"/>  </td></tr></table></td></tr></table><table border="0" cellpadding="1" cellspacing="0" width="100%"><tr><td><h3 class="ctxid">method:createTextMessage(java.lang.String) [NONE]</h3></td></tr><tr><td><table border="0" cellpadding="5" cellspacing="1" bgcolor="black" width="100%"><tr valign="top"><td bgcolor="#FFFFFF" colspan="1"> <a start_ctx_id="method:createTextMessage(java.lang.String)"/><a name="createTextMessage(java.lang.String)"/><ul class="blockList"><li class="blockList"><h4>createTextMessage</h4><pre><a href="../../javax/jms/TextMessage.html" title="interface in javax.jms">TextMessage</a> createTextMessage(<a href="http://download.oracle.com/javase/6/docs/api/java/lang/String.html?is-external=true" title="class or interface in java.lang">String</a> text)
                              throws <a href="../../javax/jms/JMSException.html" title="class in javax.jms">JMSException</a></pre><div class="block">Creates an initialized <code>TextMessage</code> object. A <code>TextMessage</code> object is used to send a message containing a <code>String</code>.                </div><dl> <dt> <span class="strong">Parameters:</span>   </dt><dd> <code>text</code> - the string used to initialize this message         </dd> <dt> <span class="strong">Throws:</span>   </dt><dd> <code><a href="../../javax/jms/JMSException.html" title="class in javax.jms">JMSException</a></code> - if the JMS provider fails to create this message due to some internal error.                </dd>  </dl></li></ul> <a end_ctx_id="method:createTextMessage(java.lang.String)"/>  </td></tr></table></td></tr></table><table border="0" cellpadding="1" cellspacing="0" width="100%"><tr><td><h3 class="ctxid">method:getTransacted() [NONE]</h3></td></tr><tr><td><table border="0" cellpadding="5" cellspacing="1" bgcolor="black" width="100%"><tr valign="top"><td bgcolor="#FFFFFF" colspan="1"> <a start_ctx_id="method:getTransacted()"/><a name="getTransacted()"/><ul class="blockList"><li class="blockList"><h4>getTransacted</h4><pre>boolean getTransacted()
                      throws <a href="../../javax/jms/JMSException.html" title="class in javax.jms">JMSException</a></pre><div class="block">Indicates whether the session is in transacted mode.       </div><dl> <dt> <span class="strong">Returns:</span>   </dt><dd>true if the session is in transacted mode       </dd> <dt> <span class="strong">Throws:</span>   </dt><dd> <code><a href="../../javax/jms/JMSException.html" title="class in javax.jms">JMSException</a></code> - if the JMS provider fails to return the transaction mode due to some internal error.                 </dd>  </dl></li></ul> <a end_ctx_id="method:getTransacted()"/>  </td></tr></table></td></tr></table><table border="0" cellpadding="1" cellspacing="0" width="100%"><tr><td><h3 class="ctxid">method:getAcknowledgeMode() [NONE]</h3></td></tr><tr><td><table border="0" cellpadding="5" cellspacing="1" bgcolor="black" width="100%"><tr valign="top"><td bgcolor="#FFFFFF" colspan="1"> <a start_ctx_id="method:getAcknowledgeMode()"/><a name="getAcknowledgeMode()"/><ul class="blockList"><li class="blockList"><h4>getAcknowledgeMode</h4><pre>int getAcknowledgeMode()
                       throws <a href="../../javax/jms/JMSException.html" title="class in javax.jms">JMSException</a></pre><div class="block">Returns the acknowledgement mode of the session. The acknowledgement mode is set at the time that the session is created. If the session is transacted, the acknowledgement mode is ignored.                             </div><dl> <dt> <span class="strong">Returns:</span>   </dt><dd>If the session is not transacted, returns the current acknowledgement mode for the session. If the session is transacted, returns SESSION_TRANSACTED.                    </dd> <dt> <span class="strong">Throws:</span>   </dt><dd> <code><a href="../../javax/jms/JMSException.html" title="class in javax.jms">JMSException</a></code> - if the JMS provider fails to return the acknowledgment mode due to some internal error.                 </dd> <dt> <span class="strong">Since:</span>   </dt><dd>1.1</dd> <dt> <span class="strong">See Also: </span>   </dt><dd> <a href="../../javax/jms/Connection.html#createSession(boolean, int)"><code>Connection.createSession(boolean, int) </code></a> </dd>    </dl></li></ul> <a end_ctx_id="method:getAcknowledgeMode()"/>  </td></tr></table></td></tr></table><table border="0" cellpadding="1" cellspacing="0" width="100%"><tr><td><h3 class="ctxid">method:commit() [NONE]</h3></td></tr><tr><td><table border="0" cellpadding="5" cellspacing="1" bgcolor="black" width="100%"><tr valign="top"><td bgcolor="#FFFFFF" colspan="1"> <a start_ctx_id="method:commit()"/><a name="commit()"/><ul class="blockList"><li class="blockList"><h4>commit</h4><pre>void commit()
            throws <a href="../../javax/jms/JMSException.html" title="class in javax.jms">JMSException</a></pre><div class="block">Commits all messages done in this transaction and releases any locks currently held.            </div><dl> <dt> <span class="strong">Throws:</span>   </dt><dd> <code><a href="../../javax/jms/JMSException.html" title="class in javax.jms">JMSException</a></code> - if the JMS provider fails to commit the transaction due to some internal error.                </dd><dd> <code><a href="../../javax/jms/TransactionRolledBackException.html" title="class in javax.jms">TransactionRolledBackException</a></code> - if the transaction is rolled back due to some internal error during commit.               </dd><dd> <code><a href="../../javax/jms/IllegalStateException.html" title="class in javax.jms">IllegalStateException</a></code> - if the method is not called by a transacted session.            </dd> </dl></li></ul> <a end_ctx_id="method:commit()"/>  </td></tr></table></td></tr></table><table border="0" cellpadding="1" cellspacing="0" width="100%"><tr><td><h3 class="ctxid">method:rollback() [NONE]</h3></td></tr><tr><td><table border="0" cellpadding="5" cellspacing="1" bgcolor="black" width="100%"><tr valign="top"><td bgcolor="#FFFFFF" colspan="1"> <a start_ctx_id="method:rollback()"/><a name="rollback()"/><ul class="blockList"><li class="blockList"><h4>rollback</h4><pre>void rollback()
              throws <a href="../../javax/jms/JMSException.html" title="class in javax.jms">JMSException</a></pre><div class="block">Rolls back any messages done in this transaction and releases any locks currently held.             </div><dl> <dt> <span class="strong">Throws:</span>   </dt><dd> <code><a href="../../javax/jms/JMSException.html" title="class in javax.jms">JMSException</a></code> - if the JMS provider fails to roll back the transaction due to some internal error.                 </dd><dd> <code><a href="../../javax/jms/IllegalStateException.html" title="class in javax.jms">IllegalStateException</a></code> - if the method is not called by a transacted session.            </dd> </dl></li></ul> <a end_ctx_id="method:rollback()"/>  </td></tr></table></td></tr></table><table border="0" cellpadding="1" cellspacing="0" width="100%"><tr><td><h3 class="ctxid">method:close() [NONE]</h3></td></tr><tr><td><table border="0" cellpadding="5" cellspacing="1" bgcolor="black" width="100%"><tr valign="top"><td bgcolor="#FFFFFF" colspan="1"> <a start_ctx_id="method:close()"/><a name="close()"/><ul class="blockList"><li class="blockList"><h4>close</h4><pre>void close()
           throws <a href="../../javax/jms/JMSException.html" title="class in javax.jms">JMSException</a></pre><div class="block">Closes the session.<p>Since a provider may allocate some resources on behalf of a session outside the JVM, clients should close the resources when they are not needed. Relying on garbage collection to eventually reclaim these resources may not be timely enough.                                      </p><p>There is no need to close the producers and consumers of a closed session.             </p><p> This call will block until a <code>receive</code> call or message listener in progress has completed. A blocked message consumer <code>receive</code> call returns <code>null</code> when this session is closed.                            </p><p>Closing a transacted session must roll back the transaction in progress.          </p><p>This method is the only <code>Session</code> method that can be called concurrently.           </p><p>Invoking any other <code>Session</code> method on a closed session must throw a <code>JMSException.IllegalStateException</code>. Closing a closed session must <i>not</i> throw an exception.                     </p>  </div><dl> <dt> <span class="strong">Throws:</span>   </dt><dd> <code><a href="../../javax/jms/JMSException.html" title="class in javax.jms">JMSException</a></code> - if the JMS provider fails to close the session due to some internal error.                </dd> </dl></li></ul> <a end_ctx_id="method:close()"/>  </td></tr></table></td></tr></table><table border="0" cellpadding="1" cellspacing="0" width="100%"><tr><td><h3 class="ctxid">method:recover() [NONE]</h3></td></tr><tr><td><table border="0" cellpadding="5" cellspacing="1" bgcolor="black" width="100%"><tr valign="top"><td bgcolor="#FFFFFF" colspan="1"> <a start_ctx_id="method:recover()"/><a name="recover()"/><ul class="blockList"><li class="blockList"><h4>recover</h4><pre>void recover()
             throws <a href="../../javax/jms/JMSException.html" title="class in javax.jms">JMSException</a></pre><div class="block">Stops message delivery in this session, and restarts message delivery with the oldest unacknowledged message.<p>All consumers deliver messages in a serial order. Acknowledging a received message automatically acknowledges all messages that have been delivered to the client.                      </p><p>Restarting a session causes it to take the following actions:<ul><li>Stop message delivery  </li><li>Mark all messages that might have been delivered but not acknowledged as "redelivered"            </li><li>Restart the delivery sequence including all unacknowledged messages that had been previously delivered. Redelivered messages do not have to be delivered in exactly their original delivery order.                          </li></ul>         </p>              </div><dl> <dt> <span class="strong">Throws:</span>   </dt><dd> <code><a href="../../javax/jms/JMSException.html" title="class in javax.jms">JMSException</a></code> - if the JMS provider fails to stop and restart message delivery due to some internal error.                  </dd><dd> <code><a href="../../javax/jms/IllegalStateException.html" title="class in javax.jms">IllegalStateException</a></code> - if the method is called by a transacted session.           </dd> </dl></li></ul> <a end_ctx_id="method:recover()"/>  </td></tr></table></td></tr></table><table border="0" cellpadding="1" cellspacing="0" width="100%"><tr><td><h3 class="ctxid">method:getMessageListener() [NONE]</h3></td></tr><tr><td><table border="0" cellpadding="5" cellspacing="1" bgcolor="black" width="100%"><tr valign="top"><td bgcolor="#FFFFFF" colspan="1"> <a start_ctx_id="method:getMessageListener()"/><a name="getMessageListener()"/><ul class="blockList"><li class="blockList"><h4>getMessageListener</h4><pre><a href="../../javax/jms/MessageListener.html" title="interface in javax.jms">MessageListener</a> getMessageListener()
                                   throws <a href="../../javax/jms/JMSException.html" title="class in javax.jms">JMSException</a></pre><div class="block">Returns the session's distinguished message listener (optional).      </div><dl> <dt> <span class="strong">Returns:</span>   </dt><dd>the message listener associated with this session      </dd> <dt> <span class="strong">Throws:</span>   </dt><dd> <code><a href="../../javax/jms/JMSException.html" title="class in javax.jms">JMSException</a></code> - if the JMS provider fails to get the message listener due to an internal error.                 </dd> <dt> <span class="strong">See Also: </span>   </dt><dd> <a href="../../javax/jms/Session.html#setMessageListener(javax.jms.MessageListener)"><code>setMessageListener(javax.jms.MessageListener)</code></a>, <a href="../../javax/jms/ServerSessionPool.html" title="interface in javax.jms"><code>ServerSessionPool</code></a>, <a href="../../javax/jms/ServerSession.html" title="interface in javax.jms"><code>ServerSession</code></a>   </dd>   </dl></li></ul> <a end_ctx_id="method:getMessageListener()"/>  </td></tr></table></td></tr></table><table border="0" cellpadding="1" cellspacing="0" width="100%"><tr><td><h3 class="ctxid">method:setMessageListener(javax.jms.MessageListener) [NONE]</h3></td></tr><tr><td><table border="0" cellpadding="5" cellspacing="1" bgcolor="black" width="100%"><tr valign="top"><td bgcolor="#FFFFFF" colspan="1"> <a start_ctx_id="method:setMessageListener(javax.jms.MessageListener)"/><a name="setMessageListener(javax.jms.MessageListener)"/><ul class="blockList"><li class="blockList"><h4>setMessageListener</h4><pre>void setMessageListener(<a href="../../javax/jms/MessageListener.html" title="interface in javax.jms">MessageListener</a> listener)
                        throws <a href="../../javax/jms/JMSException.html" title="class in javax.jms">JMSException</a></pre><div class="block">Sets the session's distinguished message listener (optional).<p>When the distinguished message listener is set, no other form of message receipt in the session can be used; however, all forms of sending messages are still supported.                           </p><p>This is an expert facility not used by regular JMS clients.          </p>      </div><dl> <dt> <span class="strong">Parameters:</span>   </dt><dd> <code>listener</code> - the message listener to associate with this session          </dd> <dt> <span class="strong">Throws:</span>   </dt><dd> <code><a href="../../javax/jms/JMSException.html" title="class in javax.jms">JMSException</a></code> - if the JMS provider fails to set the message listener due to an internal error.                 </dd> <dt> <span class="strong">See Also: </span>   </dt><dd> <a href="../../javax/jms/Session.html#getMessageListener()"><code>getMessageListener()</code></a>, <a href="../../javax/jms/ServerSessionPool.html" title="interface in javax.jms"><code>ServerSessionPool</code></a>, <a href="../../javax/jms/ServerSession.html" title="interface in javax.jms"><code>ServerSession</code></a>   </dd>   </dl></li></ul> <a end_ctx_id="method:setMessageListener(javax.jms.MessageListener)"/>  </td></tr></table></td></tr></table><table border="0" cellpadding="1" cellspacing="0" width="100%"><tr><td><h3 class="ctxid">method:run() [NONE]</h3></td></tr><tr><td><table border="0" cellpadding="5" cellspacing="1" bgcolor="black" width="100%"><tr valign="top"><td bgcolor="#FFFFFF" colspan="1"> <a start_ctx_id="method:run()"/><a name="run()"/><ul class="blockList"><li class="blockList"><h4>run</h4><pre>void run()</pre><div class="block">Optional operation, intended to be used only by Application Servers, not by ordinary JMS clients.              </div><dl> <dt> <strong>Specified by: </strong>   </dt><dd> <code><a href="http://download.oracle.com/javase/6/docs/api/java/lang/Runnable.html?is-external=true#run()" title="class or interface in java.lang">run</a></code> in interface <code><a href="http://download.oracle.com/javase/6/docs/api/java/lang/Runnable.html?is-external=true" title="class or interface in java.lang">Runnable</a></code>  </dd> <dt> <span class="strong">See Also: </span>   </dt><dd> <a href="../../javax/jms/ServerSession.html" title="interface in javax.jms"><code>ServerSession</code></a> </dd>  </dl></li></ul> <a end_ctx_id="method:run()"/>  </td></tr></table></td></tr></table><table border="0" cellpadding="1" cellspacing="0" width="100%"><tr><td><h3 class="ctxid">method:createProducer(javax.jms.Destination) [NONE]</h3></td></tr><tr><td><table border="0" cellpadding="5" cellspacing="1" bgcolor="black" width="100%"><tr valign="top"><td bgcolor="#FFFFFF" colspan="1"> <a start_ctx_id="method:createProducer(javax.jms.Destination)"/><a name="createProducer(javax.jms.Destination)"/><ul class="blockList"><li class="blockList"><h4>createProducer</h4><pre><a href="../../javax/jms/MessageProducer.html" title="interface in javax.jms">MessageProducer</a> createProducer(<a href="../../javax/jms/Destination.html" title="interface in javax.jms">Destination</a> destination)
                               throws <a href="../../javax/jms/JMSException.html" title="class in javax.jms">JMSException</a></pre><div class="block">Creates a <code>MessageProducer</code> to send messages to the specified destination.<p>A client uses a <code>MessageProducer</code> object to send messages to a destination. Since <code>Queue</code> and <code>Topic</code> both inherit from <code>Destination</code>, they can be used in the destination parameter to create a <code>MessageProducer</code> object.                                </p>         </div><dl> <dt> <span class="strong">Parameters:</span>   </dt><dd> <code>destination</code> - the <code>Destination</code> to send to, or null if this is a producer which does not have a specified destination.                     </dd> <dt> <span class="strong">Throws:</span>   </dt><dd> <code><a href="../../javax/jms/JMSException.html" title="class in javax.jms">JMSException</a></code> - if the session fails to create a MessageProducer due to some internal error.               </dd><dd> <code><a href="../../javax/jms/InvalidDestinationException.html" title="class in javax.jms">InvalidDestinationException</a></code> - if an invalid destination is specified.        </dd> <dt> <span class="strong">Since:</span>   </dt><dd>1.1</dd>   </dl></li></ul> <a end_ctx_id="method:createProducer(javax.jms.Destination)"/>  </td></tr></table></td></tr></table><table border="0" cellpadding="1" cellspacing="0" width="100%"><tr><td><h3 class="ctxid">method:createConsumer(javax.jms.Destination) [NONE]</h3></td></tr><tr><td><table border="0" cellpadding="5" cellspacing="1" bgcolor="black" width="100%"><tr valign="top"><td bgcolor="#FFFFFF" colspan="1"> <a start_ctx_id="method:createConsumer(javax.jms.Destination)"/><a name="createConsumer(javax.jms.Destination)"/><ul class="blockList"><li class="blockList"><h4>createConsumer</h4><pre><a href="../../javax/jms/MessageConsumer.html" title="interface in javax.jms">MessageConsumer</a> createConsumer(<a href="../../javax/jms/Destination.html" title="interface in javax.jms">Destination</a> destination)
                               throws <a href="../../javax/jms/JMSException.html" title="class in javax.jms">JMSException</a></pre><div class="block">Creates a <code>MessageConsumer</code> for the specified destination. Since <code>Queue</code> and <code>Topic</code> both inherit from <code>Destination</code>, they can be used in the destination parameter to create a <code>MessageConsumer</code>.                          </div><dl> <dt> <span class="strong">Parameters:</span>   </dt><dd> <code>destination</code> - the <code>Destination</code> to access.      </dd> <dt> <span class="strong">Throws:</span>   </dt><dd> <code><a href="../../javax/jms/JMSException.html" title="class in javax.jms">JMSException</a></code> - if the session fails to create a consumer due to some internal error.               </dd><dd> <code><a href="../../javax/jms/InvalidDestinationException.html" title="class in javax.jms">InvalidDestinationException</a></code> - if an invalid destination is specified.        </dd> <dt> <span class="strong">Since:</span>   </dt><dd>1.1</dd>   </dl></li></ul> <a end_ctx_id="method:createConsumer(javax.jms.Destination)"/>  </td></tr></table></td></tr></table><table border="0" cellpadding="1" cellspacing="0" width="100%"><tr><td><h3 class="ctxid">method:createConsumer(javax.jms.Destination, java.lang.String) [NONE]</h3></td></tr><tr><td><table border="0" cellpadding="5" cellspacing="1" bgcolor="black" width="100%"><tr valign="top"><td bgcolor="#FFFFFF" colspan="1"> <a start_ctx_id="method:createConsumer(javax.jms.Destination, java.lang.String)"/><a name="createConsumer(javax.jms.Destination, java.lang.String)"/><ul class="blockList"><li class="blockList"><h4>createConsumer</h4><pre><a href="../../javax/jms/MessageConsumer.html" title="interface in javax.jms">MessageConsumer</a> createConsumer(<a href="../../javax/jms/Destination.html" title="interface in javax.jms">Destination</a> destination,
                             <a href="http://download.oracle.com/javase/6/docs/api/java/lang/String.html?is-external=true" title="class or interface in java.lang">String</a> messageSelector)
                               throws <a href="../../javax/jms/JMSException.html" title="class in javax.jms">JMSException</a></pre><div class="block">Creates a <code>MessageConsumer</code> for the specified destination, using a message selector. Since <code>Queue</code> and <code>Topic</code> both inherit from <code>Destination</code>, they can be used in the destination parameter to create a <code>MessageConsumer</code>.<p>A client uses a <code>MessageConsumer</code> object to receive messages that have been sent to a destination.               </p>                              </div><dl> <dt> <span class="strong">Parameters:</span>   </dt><dd> <code>destination</code> - the <code>Destination</code> to access      </dd><dd> <code>messageSelector</code> - only messages with properties matching the message selector expression are delivered. A value of null or an empty string indicates that there is no message selector for the message consumer.                                </dd> <dt> <span class="strong">Throws:</span>   </dt><dd> <code><a href="../../javax/jms/JMSException.html" title="class in javax.jms">JMSException</a></code> - if the session fails to create a MessageConsumer due to some internal error.               </dd><dd> <code><a href="../../javax/jms/InvalidDestinationException.html" title="class in javax.jms">InvalidDestinationException</a></code> - if an invalid destination is specified.        </dd><dd> <code><a href="../../javax/jms/InvalidSelectorException.html" title="class in javax.jms">InvalidSelectorException</a></code> - if the message selector is invalid.        </dd> <dt> <span class="strong">Since:</span>   </dt><dd>1.1</dd>   </dl></li></ul> <a end_ctx_id="method:createConsumer(javax.jms.Destination, java.lang.String)"/>  </td></tr></table></td></tr></table><table border="0" cellpadding="1" cellspacing="0" width="100%"><tr><td><h3 class="ctxid">method:createConsumer(javax.jms.Destination, java.lang.String, boolean) [NONE]</h3></td></tr><tr><td><table border="0" cellpadding="5" cellspacing="1" bgcolor="black" width="100%"><tr valign="top"><td bgcolor="#FFFFFF" colspan="1"> <a start_ctx_id="method:createConsumer(javax.jms.Destination, java.lang.String, boolean)"/><a name="createConsumer(javax.jms.Destination, java.lang.String, boolean)"/><ul class="blockList"><li class="blockList"><h4>createConsumer</h4><pre><a href="../../javax/jms/MessageConsumer.html" title="interface in javax.jms">MessageConsumer</a> createConsumer(<a href="../../javax/jms/Destination.html" title="interface in javax.jms">Destination</a> destination,
                             <a href="http://download.oracle.com/javase/6/docs/api/java/lang/String.html?is-external=true" title="class or interface in java.lang">String</a> messageSelector,
                             boolean NoLocal)
                               throws <a href="../../javax/jms/JMSException.html" title="class in javax.jms">JMSException</a></pre><div class="block">Creates <code>MessageConsumer</code> for the specified destination, using a message selector. This method can specify whether messages published by its own connection should be delivered to it, if the destination is a topic.<p> Since <code>Queue</code> and <code>Topic</code> both inherit from <code>Destination</code>, they can be used in the destination parameter to create a <code>MessageConsumer</code>.                    </p><p>A client uses a <code>MessageConsumer</code> object to receive messages that have been published to a destination.               </p><p>In some cases, a connection may both publish and subscribe to a topic. The consumer <code>NoLocal</code> attribute allows a consumer to inhibit the delivery of messages published by its own connection. The default value for this attribute is False. The <code>noLocal</code> value must be supported by destinations that are topics.                                                 </p>                               </div><dl> <dt> <span class="strong">Parameters:</span>   </dt><dd> <code>destination</code> - the <code>Destination</code> to access      </dd><dd> <code>messageSelector</code> - only messages with properties matching the message selector expression are delivered. A value of null or an empty string indicates that there is no message selector for the message consumer.                                </dd><dd> <code>NoLocal</code> - - if true, and the destination is a topic, inhibits the delivery of messages published by its own connection. The behavior for <code>NoLocal</code> is not specified if the destination is a queue.                                  </dd> <dt> <span class="strong">Throws:</span>   </dt><dd> <code><a href="../../javax/jms/JMSException.html" title="class in javax.jms">JMSException</a></code> - if the session fails to create a MessageConsumer due to some internal error.               </dd><dd> <code><a href="../../javax/jms/InvalidDestinationException.html" title="class in javax.jms">InvalidDestinationException</a></code> - if an invalid destination is specified.        </dd><dd> <code><a href="../../javax/jms/InvalidSelectorException.html" title="class in javax.jms">InvalidSelectorException</a></code> - if the message selector is invalid.        </dd> <dt> <span class="strong">Since:</span>   </dt><dd>1.1</dd>   </dl></li></ul> <a end_ctx_id="method:createConsumer(javax.jms.Destination, java.lang.String, boolean)"/>  </td></tr></table></td></tr></table><table border="0" cellpadding="1" cellspacing="0" width="100%"><tr><td><h3 class="ctxid">method:createQueue(java.lang.String) [NONE]</h3></td></tr><tr><td><table border="0" cellpadding="5" cellspacing="1" bgcolor="black" width="100%"><tr valign="top"><td bgcolor="#FFFFFF" colspan="1"> <a start_ctx_id="method:createQueue(java.lang.String)"/><a name="createQueue(java.lang.String)"/><ul class="blockList"><li class="blockList"><h4>createQueue</h4><pre><a href="../../javax/jms/Queue.html" title="interface in javax.jms">Queue</a> createQueue(<a href="http://download.oracle.com/javase/6/docs/api/java/lang/String.html?is-external=true" title="class or interface in java.lang">String</a> queueName)
                  throws <a href="../../javax/jms/JMSException.html" title="class in javax.jms">JMSException</a></pre><div class="block">Creates a queue identity given a <code>Queue</code> name.<p>This facility is provided for the rare cases where clients need to dynamically manipulate queue identity. It allows the creation of a queue identity with a provider-specific name. Clients that depend on this ability are not portable.                                    </p><p>Note that this method is not for creating the physical queue. The physical creation of queues is an administrative task and is not to be initiated by the JMS API. The one exception is the creation of temporary queues, which is accomplished with the <code>createTemporaryQueue</code> method.                                             </p>       </div><dl> <dt> <span class="strong">Parameters:</span>   </dt><dd> <code>queueName</code> - the name of this <code>Queue</code>       </dd> <dt> <span class="strong">Returns:</span>   </dt><dd>a <code>Queue</code> with the given name     </dd> <dt> <span class="strong">Throws:</span>   </dt><dd> <code><a href="../../javax/jms/JMSException.html" title="class in javax.jms">JMSException</a></code> - if the session fails to create a queue due to some internal error.               </dd> <dt> <span class="strong">Since:</span>   </dt><dd>1.1</dd>    </dl></li></ul> <a end_ctx_id="method:createQueue(java.lang.String)"/>  </td></tr></table></td></tr></table><table border="0" cellpadding="1" cellspacing="0" width="100%"><tr><td><h3 class="ctxid">method:createTopic(java.lang.String) [NONE]</h3></td></tr><tr><td><table border="0" cellpadding="5" cellspacing="1" bgcolor="black" width="100%"><tr valign="top"><td bgcolor="#FFFFFF" colspan="1"> <a start_ctx_id="method:createTopic(java.lang.String)"/><a name="createTopic(java.lang.String)"/><ul class="blockList"><li class="blockList"><h4>createTopic</h4><pre><a href="../../javax/jms/Topic.html" title="interface in javax.jms">Topic</a> createTopic(<a href="http://download.oracle.com/javase/6/docs/api/java/lang/String.html?is-external=true" title="class or interface in java.lang">String</a> topicName)
                  throws <a href="../../javax/jms/JMSException.html" title="class in javax.jms">JMSException</a></pre><div class="block">Creates a topic identity given a <code>Topic</code> name.<p>This facility is provided for the rare cases where clients need to dynamically manipulate topic identity. This allows the creation of a topic identity with a provider-specific name. Clients that depend on this ability are not portable.                                    </p><p>Note that this method is not for creating the physical topic. The physical creation of topics is an administrative task and is not to be initiated by the JMS API. The one exception is the creation of temporary topics, which is accomplished with the <code>createTemporaryTopic</code> method.                                             </p>       </div><dl> <dt> <span class="strong">Parameters:</span>   </dt><dd> <code>topicName</code> - the name of this <code>Topic</code>       </dd> <dt> <span class="strong">Returns:</span>   </dt><dd>a <code>Topic</code> with the given name     </dd> <dt> <span class="strong">Throws:</span>   </dt><dd> <code><a href="../../javax/jms/JMSException.html" title="class in javax.jms">JMSException</a></code> - if the session fails to create a topic due to some internal error.               </dd> <dt> <span class="strong">Since:</span>   </dt><dd>1.1</dd>    </dl></li></ul> <a end_ctx_id="method:createTopic(java.lang.String)"/>  </td></tr></table></td></tr></table><table border="0" cellpadding="1" cellspacing="0" width="100%"><tr><td><h3 class="ctxid">method:createDurableSubscriber(javax.jms.Topic, java.lang.String) [NONE]</h3></td></tr><tr><td><table border="0" cellpadding="5" cellspacing="1" bgcolor="black" width="100%"><tr valign="top"><td bgcolor="#FFFFFF" colspan="1"> <a start_ctx_id="method:createDurableSubscriber(javax.jms.Topic, java.lang.String)"/><a name="createDurableSubscriber(javax.jms.Topic, java.lang.String)"/><ul class="blockList"><li class="blockList"><h4>createDurableSubscriber</h4><pre><a href="../../javax/jms/TopicSubscriber.html" title="interface in javax.jms">TopicSubscriber</a> createDurableSubscriber(<a href="../../javax/jms/Topic.html" title="interface in javax.jms">Topic</a> topic,
                                      <a href="http://download.oracle.com/javase/6/docs/api/java/lang/String.html?is-external=true" title="class or interface in java.lang">String</a> name)
                                        throws <a href="../../javax/jms/JMSException.html" title="class in javax.jms">JMSException</a></pre><div class="block">Creates a durable subscriber to the specified topic.<p>If a client needs to receive all the messages published on a topic, including the ones published while the subscriber is inactive, it uses a durable <code>TopicSubscriber</code>. The JMS provider retains a record of this durable subscription and insures that all messages from the topic's publishers are retained until they are acknowledged by this durable subscriber or they have expired.                                                           </p><p>Sessions with durable subscribers must always provide the same client identifier. In addition, each client must specify a name that uniquely identifies (within client identifier) each durable subscription it creates. Only one session at a time can have a <code>TopicSubscriber</code> for a particular durable subscription.                                            </p><p>A client can change an existing durable subscription by creating a durable <code>TopicSubscriber</code> with the same name and a new topic and/or message selector. Changing a durable subscriber is equivalent to unsubscribing (deleting) the old one and creating a new one.                                        </p><p>In some cases, a connection may both publish and subscribe to a topic. The subscriber <code>NoLocal</code> attribute allows a subscriber to inhibit the delivery of messages published by its own connection. The default value for this attribute is false.                                      </p>       </div><dl> <dt> <span class="strong">Parameters:</span>   </dt><dd> <code>topic</code> - the non-temporary <code>Topic</code> to subscribe to        </dd><dd> <code>name</code> - the name used to identify this subscription         </dd> <dt> <span class="strong">Throws:</span>   </dt><dd> <code><a href="../../javax/jms/JMSException.html" title="class in javax.jms">JMSException</a></code> - if the session fails to create a subscriber due to some internal error.               </dd><dd> <code><a href="../../javax/jms/InvalidDestinationException.html" title="class in javax.jms">InvalidDestinationException</a></code> - if an invalid topic is specified.        </dd> <dt> <span class="strong">Since:</span>   </dt><dd>1.1</dd>   </dl></li></ul> <a end_ctx_id="method:createDurableSubscriber(javax.jms.Topic, java.lang.String)"/>  </td></tr></table></td></tr></table><table border="0" cellpadding="1" cellspacing="0" width="100%"><tr><td><h3 class="ctxid">method:createDurableSubscriber(javax.jms.Topic, java.lang.String, java.lang.String, boolean) [NONE]</h3></td></tr><tr><td><table border="0" cellpadding="5" cellspacing="1" bgcolor="black" width="100%"><tr valign="top"><td bgcolor="#FFFFFF" colspan="1"> <a start_ctx_id="method:createDurableSubscriber(javax.jms.Topic, java.lang.String, java.lang.String, boolean)"/><a name="createDurableSubscriber(javax.jms.Topic, java.lang.String, java.lang.String, boolean)"/><ul class="blockList"><li class="blockList"><h4>createDurableSubscriber</h4><pre><a href="../../javax/jms/TopicSubscriber.html" title="interface in javax.jms">TopicSubscriber</a> createDurableSubscriber(<a href="../../javax/jms/Topic.html" title="interface in javax.jms">Topic</a> topic,
                                      <a href="http://download.oracle.com/javase/6/docs/api/java/lang/String.html?is-external=true" title="class or interface in java.lang">String</a> name,
                                      <a href="http://download.oracle.com/javase/6/docs/api/java/lang/String.html?is-external=true" title="class or interface in java.lang">String</a> messageSelector,
                                      boolean noLocal)
                                        throws <a href="../../javax/jms/JMSException.html" title="class in javax.jms">JMSException</a></pre><div class="block">Creates a durable subscriber to the specified topic, using a message selector and specifying whether messages published by its own connection should be delivered to it.<p>If a client needs to receive all the messages published on a topic, including the ones published while the subscriber is inactive, it uses a durable <code>TopicSubscriber</code>. The JMS provider retains a record of this durable subscription and insures that all messages from the topic's publishers are retained until they are acknowledged by this durable subscriber or they have expired.                                                           </p><p>Sessions with durable subscribers must always provide the same client identifier. In addition, each client must specify a name which uniquely identifies (within client identifier) each durable subscription it creates. Only one session at a time can have a <code>TopicSubscriber</code> for a particular durable subscription. An inactive durable subscriber is one that exists but does not currently have a message consumer associated with it.                                                               </p><p>A client can change an existing durable subscription by creating a durable <code>TopicSubscriber</code> with the same name and a new topic and/or message selector. Changing a durable subscriber is equivalent to unsubscribing (deleting) the old one and creating a new one.                                        </p>                         </div><dl> <dt> <span class="strong">Parameters:</span>   </dt><dd> <code>topic</code> - the non-temporary <code>Topic</code> to subscribe to        </dd><dd> <code>name</code> - the name used to identify this subscription         </dd><dd> <code>messageSelector</code> - only messages with properties matching the message selector expression are delivered. A value of null or an empty string indicates that there is no message selector for the message consumer.                                </dd><dd> <code>noLocal</code> - if set, inhibits the delivery of messages published by its own connection              </dd> <dt> <span class="strong">Throws:</span>   </dt><dd> <code><a href="../../javax/jms/JMSException.html" title="class in javax.jms">JMSException</a></code> - if the session fails to create a subscriber due to some internal error.               </dd><dd> <code><a href="../../javax/jms/InvalidDestinationException.html" title="class in javax.jms">InvalidDestinationException</a></code> - if an invalid topic is specified.        </dd><dd> <code><a href="../../javax/jms/InvalidSelectorException.html" title="class in javax.jms">InvalidSelectorException</a></code> - if the message selector is invalid.        </dd> <dt> <span class="strong">Since:</span>   </dt><dd>1.1</dd>   </dl></li></ul> <a end_ctx_id="method:createDurableSubscriber(javax.jms.Topic, java.lang.String, java.lang.String, boolean)"/>  </td></tr></table></td></tr></table><table border="0" cellpadding="1" cellspacing="0" width="100%"><tr><td><h3 class="ctxid">method:createBrowser(javax.jms.Queue) [NONE]</h3></td></tr><tr><td><table border="0" cellpadding="5" cellspacing="1" bgcolor="black" width="100%"><tr valign="top"><td bgcolor="#FFFFFF" colspan="1"> <a start_ctx_id="method:createBrowser(javax.jms.Queue)"/><a name="createBrowser(javax.jms.Queue)"/><ul class="blockList"><li class="blockList"><h4>createBrowser</h4><pre><a href="../../javax/jms/QueueBrowser.html" title="interface in javax.jms">QueueBrowser</a> createBrowser(<a href="../../javax/jms/Queue.html" title="interface in javax.jms">Queue</a> queue)
                           throws <a href="../../javax/jms/JMSException.html" title="class in javax.jms">JMSException</a></pre><div class="block">Creates a <code>QueueBrowser</code> object to peek at the messages on the specified queue.            </div><dl> <dt> <span class="strong">Parameters:</span>   </dt><dd> <code>queue</code> - the <code>queue</code> to access      </dd> <dt> <span class="strong">Throws:</span>   </dt><dd> <code><a href="../../javax/jms/JMSException.html" title="class in javax.jms">JMSException</a></code> - if the session fails to create a browser due to some internal error.               </dd><dd> <code><a href="../../javax/jms/InvalidDestinationException.html" title="class in javax.jms">InvalidDestinationException</a></code> - if an invalid destination is specified        </dd> <dt> <span class="strong">Since:</span>   </dt><dd>1.1</dd>   </dl></li></ul> <a end_ctx_id="method:createBrowser(javax.jms.Queue)"/>  </td></tr></table></td></tr></table><table border="0" cellpadding="1" cellspacing="0" width="100%"><tr><td><h3 class="ctxid">method:createBrowser(javax.jms.Queue, java.lang.String) [NONE]</h3></td></tr><tr><td><table border="0" cellpadding="5" cellspacing="1" bgcolor="black" width="100%"><tr valign="top"><td bgcolor="#FFFFFF" colspan="1"> <a start_ctx_id="method:createBrowser(javax.jms.Queue, java.lang.String)"/><a name="createBrowser(javax.jms.Queue, java.lang.String)"/><ul class="blockList"><li class="blockList"><h4>createBrowser</h4><pre><a href="../../javax/jms/QueueBrowser.html" title="interface in javax.jms">QueueBrowser</a> createBrowser(<a href="../../javax/jms/Queue.html" title="interface in javax.jms">Queue</a> queue,
                         <a href="http://download.oracle.com/javase/6/docs/api/java/lang/String.html?is-external=true" title="class or interface in java.lang">String</a> messageSelector)
                           throws <a href="../../javax/jms/JMSException.html" title="class in javax.jms">JMSException</a></pre><div class="block">Creates a <code>QueueBrowser</code> object to peek at the messages on the specified queue using a message selector.                </div><dl> <dt> <span class="strong">Parameters:</span>   </dt><dd> <code>queue</code> - the <code>queue</code> to access      </dd><dd> <code>messageSelector</code> - only messages with properties matching the message selector expression are delivered. A value of null or an empty string indicates that there is no message selector for the message consumer.                                </dd> <dt> <span class="strong">Throws:</span>   </dt><dd> <code><a href="../../javax/jms/JMSException.html" title="class in javax.jms">JMSException</a></code> - if the session fails to create a browser due to some internal error.               </dd><dd> <code><a href="../../javax/jms/InvalidDestinationException.html" title="class in javax.jms">InvalidDestinationException</a></code> - if an invalid destination is specified        </dd><dd> <code><a href="../../javax/jms/InvalidSelectorException.html" title="class in javax.jms">InvalidSelectorException</a></code> - if the message selector is invalid.        </dd> <dt> <span class="strong">Since:</span>   </dt><dd>1.1</dd>   </dl></li></ul> <a end_ctx_id="method:createBrowser(javax.jms.Queue, java.lang.String)"/>  </td></tr></table></td></tr></table><table border="0" cellpadding="1" cellspacing="0" width="100%"><tr><td><h3 class="ctxid">method:createTemporaryQueue() [NONE]</h3></td></tr><tr><td><table border="0" cellpadding="5" cellspacing="1" bgcolor="black" width="100%"><tr valign="top"><td bgcolor="#FFFFFF" colspan="1"> <a start_ctx_id="method:createTemporaryQueue()"/><a name="createTemporaryQueue()"/><ul class="blockList"><li class="blockList"><h4>createTemporaryQueue</h4><pre><a href="../../javax/jms/TemporaryQueue.html" title="interface in javax.jms">TemporaryQueue</a> createTemporaryQueue()
                                    throws <a href="../../javax/jms/JMSException.html" title="class in javax.jms">JMSException</a></pre><div class="block">Creates a <code>TemporaryQueue</code> object. Its lifetime will be that of the <code>Connection</code> unless it is deleted earlier.                </div><dl> <dt> <span class="strong">Returns:</span>   </dt><dd>a temporary queue identity   </dd> <dt> <span class="strong">Throws:</span>   </dt><dd> <code><a href="../../javax/jms/JMSException.html" title="class in javax.jms">JMSException</a></code> - if the session fails to create a temporary queue due to some internal error.                </dd> <dt> <span class="strong">Since:</span>   </dt><dd>1.1</dd>   </dl></li></ul> <a end_ctx_id="method:createTemporaryQueue()"/>  </td></tr></table></td></tr></table><table border="0" cellpadding="1" cellspacing="0" width="100%"><tr><td><h3 class="ctxid">method:createTemporaryTopic() [NONE]</h3></td></tr><tr><td><table border="0" cellpadding="5" cellspacing="1" bgcolor="black" width="100%"><tr valign="top"><td bgcolor="#FFFFFF" colspan="1"> <a start_ctx_id="method:createTemporaryTopic()"/><a name="createTemporaryTopic()"/><ul class="blockList"><li class="blockList"><h4>createTemporaryTopic</h4><pre><a href="../../javax/jms/TemporaryTopic.html" title="interface in javax.jms">TemporaryTopic</a> createTemporaryTopic()
                                    throws <a href="../../javax/jms/JMSException.html" title="class in javax.jms">JMSException</a></pre><div class="block">Creates a <code>TemporaryTopic</code> object. Its lifetime will be that of the <code>Connection</code> unless it is deleted earlier.                </div><dl> <dt> <span class="strong">Returns:</span>   </dt><dd>a temporary topic identity   </dd> <dt> <span class="strong">Throws:</span>   </dt><dd> <code><a href="../../javax/jms/JMSException.html" title="class in javax.jms">JMSException</a></code> - if the session fails to create a temporary topic due to some internal error.                </dd> <dt> <span class="strong">Since:</span>   </dt><dd>1.1</dd>   </dl></li></ul> <a end_ctx_id="method:createTemporaryTopic()"/>  </td></tr></table></td></tr></table><table border="0" cellpadding="1" cellspacing="0" width="100%"><tr><td><h3 class="ctxid">method:unsubscribe(java.lang.String) [NONE]</h3></td></tr><tr><td><table border="0" cellpadding="5" cellspacing="1" bgcolor="black" width="100%"><tr valign="top"><td bgcolor="#FFFFFF" colspan="1"> <a start_ctx_id="method:unsubscribe(java.lang.String)"/><a name="unsubscribe(java.lang.String)"/><ul class="blockListLast"><li class="blockList"><h4>unsubscribe</h4><pre>void unsubscribe(<a href="http://download.oracle.com/javase/6/docs/api/java/lang/String.html?is-external=true" title="class or interface in java.lang">String</a> name)
                 throws <a href="../../javax/jms/JMSException.html" title="class in javax.jms">JMSException</a></pre><div class="block">Unsubscribes a durable subscription that has been created by a client.<p>This method deletes the state being maintained on behalf of the subscriber by its provider.              </p><p>It is erroneous for a client to delete a durable subscription while there is an active <code>MessageConsumer</code> or <code>TopicSubscriber</code> for the subscription, or while a consumed message is part of a pending transaction or has not been acknowledged in the session.                                        </p>          </div><dl> <dt> <span class="strong">Parameters:</span>   </dt><dd> <code>name</code> - the name used to identify this subscription         </dd> <dt> <span class="strong">Throws:</span>   </dt><dd> <code><a href="../../javax/jms/JMSException.html" title="class in javax.jms">JMSException</a></code> - if the session fails to unsubscribe to the durable subscription due to some internal error.                 </dd><dd> <code><a href="../../javax/jms/InvalidDestinationException.html" title="class in javax.jms">InvalidDestinationException</a></code> - if an invalid subscription name is specified.         </dd> <dt> <span class="strong">Since:</span>   </dt><dd>1.1</dd>   </dl></li></ul> <a end_ctx_id="method:unsubscribe(java.lang.String)"/>  </td></tr></table></td></tr></table></diff></diffreport>