<?xml version="1.0" encoding="UTF-8" standalone="yes"?><Document><name>javax\jms\Session.spec</name><Context><name>class:Session</name><mt>NONE</mt></Context><Context><name>field:AUTO_ACKNOWLEDGE</name><mt>NONE</mt></Context><Context><name>field:CLIENT_ACKNOWLEDGE</name><mt>NONE</mt></Context><Context><name>field:DUPS_OK_ACKNOWLEDGE</name><mt>NONE</mt></Context><Context><name>field:SESSION_TRANSACTED</name><mt>NONE</mt></Context><Context><name>method:close()</name><mt>NONE</mt></Context><Context><name>method:commit()</name><mt>NONE</mt></Context><Context><name>method:createBrowser(javax.jms.Queue)</name><mt>NONE</mt></Context><Context><name>method:createBrowser(javax.jms.Queue, java.lang.String)</name><mt>NONE</mt></Context><Context><name>method:createBytesMessage()</name><mt>NONE</mt></Context><Context><name>method:createConsumer(javax.jms.Destination)</name><mt>NONE</mt></Context><Context><name>method:createConsumer(javax.jms.Destination, java.lang.String)</name><mt>NONE</mt></Context><Context><name>method:createConsumer(javax.jms.Destination, java.lang.String, boolean)</name><mt>NONE</mt></Context><Context><name>method:createDurableSubscriber(javax.jms.Topic, java.lang.String)</name><mt>NONE</mt></Context><Context><name>method:createDurableSubscriber(javax.jms.Topic, java.lang.String, java.lang.String, boolean)</name><mt>NONE</mt></Context><Context><name>method:createMapMessage()</name><mt>NONE</mt></Context><Context><name>method:createMessage()</name><mt>NONE</mt></Context><Context><name>method:createObjectMessage()</name><mt>NONE</mt></Context><Context><name>method:createObjectMessage(java.io.Serializable)</name><mt>NONE</mt></Context><Context><name>method:createProducer(javax.jms.Destination)</name><mt>NONE</mt></Context><Context><name>method:createQueue(java.lang.String)</name><mt>NONE</mt></Context><Context><name>method:createStreamMessage()</name><mt>NONE</mt></Context><Context><name>method:createTemporaryQueue()</name><mt>NONE</mt></Context><Context><name>method:createTemporaryTopic()</name><mt>NONE</mt></Context><Context><name>method:createTextMessage()</name><mt>NONE</mt></Context><Context><name>method:createTextMessage(java.lang.String)</name><mt>NONE</mt></Context><Context><name>method:createTopic(java.lang.String)</name><mt>NONE</mt></Context><Context><name>method:getAcknowledgeMode()</name><mt>NONE</mt></Context><Context><name>method:getMessageListener()</name><mt>NONE</mt></Context><Context><name>method:getTransacted()</name><mt>NONE</mt></Context><Context><name>method:recover()</name><mt>NONE</mt></Context><Context><name>method:rollback()</name><mt>NONE</mt></Context><Context><name>method:run()</name><mt>NONE</mt></Context><Context><name>method:setMessageListener(javax.jms.MessageListener)</name><mt>NONE</mt></Context><Context><name>method:unsubscribe(java.lang.String)</name><mt>NONE</mt></Context><Stat><name>javax\jms\Session.spec</name><mt>NONE</mt><Group name="context"><Item name="ADDED" count="0"/><Item name="REMOVED" count="0"/><Item name="CHANGED" count="0"/><Item name="MODIFIED" count="0"/><Item name="TOTAL" count="35"/></Group><Group name="assertion"><Item name="ADDED" count="0"/><Item name="REMOVED" count="0"/><Item name="CHANGED" count="0"/><Item name="MODIFIED" count="0"/><Item name="TOTAL" count="0"/></Group></Stat></Document>