<?xml version="1.0" encoding="UTF-8"?><diffreport><diff><table border="0" cellpadding="1" cellspacing="0" width="100%"><tr><td><h3 class="ctxid">class:StreamMessage [NONE]</h3></td></tr><tr><td><table border="0" cellpadding="5" cellspacing="1" bgcolor="black" width="100%"><tr valign="top"><td bgcolor="#FFFFFF" colspan="1"><div class="description"> <a start_ctx_id="class:StreamMessage"/><ul class="blockList"><li class="blockList"><dl> <dt>All Superinterfaces: </dt><dd> <a href="../../javax/jms/Message.html" title="interface in javax.jms">Message</a> </dd> </dl> <hr/> <br/><pre>public interface <span class="strong">StreamMessage</span>
extends <a href="../../javax/jms/Message.html" title="interface in javax.jms">Message</a></pre><div class="block">A <code>StreamMessage</code> object is used to send a stream of primitive types in the Java programming language. It is filled and read sequentially. It inherits from the <code>Message</code> interface and adds a stream message body. Its methods are based largely on those found in <code>java.io.DataInputStream</code> and <code>java.io.DataOutputStream</code>.<p>The primitive types can be read or written explicitly using methods for each type. They may also be read or written generically as objects. For instance, a call to <code>StreamMessage.writeInt(6)</code> is equivalent to <code>StreamMessage.writeObject(new Integer(6)) </code>. Both forms are provided, because the explicit form is convenient for static programming, and the object form is needed when types are not known at compile time.                                                            </p><p>When the message is first created, and when <code>clearBody</code> is called, the body of the message is in write-only mode. After the first call to <code>reset</code> has been made, the message body is in read-only mode. After a message has been sent, the client that sent it can retain and modify it without affecting the message that has been sent. The same message object can be sent multiple times. When a message has been received, the provider has called <code>reset</code> so that the message body is in read-only mode for the client.                                                                                           </p><p>If <code>clearBody</code> is called on a message in read-only mode, the message body is cleared and the message body is in write-only mode.                      </p><p>If a client attempts to read a message in write-only mode, a <code>MessageNotReadableException</code> is thrown.              </p><p>If a client attempts to write a message in read-only mode, a <code>MessageNotWriteableException</code> is thrown.              </p><p> <code>StreamMessage</code> objects support the following conversion table. The marked cases must be supported. The unmarked cases must throw a <code>JMSException</code>. The <code>String</code>-to-primitive conversions may throw a runtime exception if the primitive's <code>valueOf()</code> method does not accept it as a valid <code>String</code> representation of the primitive.                                             </p><p>A value written as the row type can be read as the column type.<pre>
 |        | boolean byte short char int long float double String byte[]
 |----------------------------------------------------------------------
 |boolean |    X                                            X
 |byte    |          X     X         X   X                  X   
 |short   |                X         X   X                  X   
 |char    |                     X                           X
 |int     |                          X   X                  X   
 |long    |                              X                  X   
 |float   |                                    X     X      X   
 |double  |                                          X      X   
 |String  |    X     X     X         X   X     X     X      X   
 |byte[]  |                                                        X
 |----------------------------------------------------------------------
 </pre>             </p><p>Attempting to read a null value as a primitive type must be treated as calling the primitive's corresponding <code>valueOf(String)</code> conversion method with a null value. Since <code>char</code> does not support a <code>String</code> conversion, attempting to read a null value as a <code>char</code> must throw a <code>NullPointerException</code>.                                             </p>                                              </div><dl> <dt> <span class="strong">Version:</span>   </dt><dd>1.0 - 6 August 1998    </dd> <dt> <span class="strong">Author:</span>   </dt><dd>Mark Hapner, Rich Burridge   </dd> <dt> <span class="strong">See Also: </span>   </dt><dd> <a href="../../javax/jms/Session.html#createStreamMessage()"><code>Session.createStreamMessage()</code></a>, <a href="../../javax/jms/BytesMessage.html" title="interface in javax.jms"><code>BytesMessage</code></a>, <a href="../../javax/jms/MapMessage.html" title="interface in javax.jms"><code>MapMessage</code></a>, <a href="../../javax/jms/Message.html" title="interface in javax.jms"><code>Message</code></a>, <a href="../../javax/jms/ObjectMessage.html" title="interface in javax.jms"><code>ObjectMessage</code></a>, <a href="../../javax/jms/TextMessage.html" title="interface in javax.jms"><code>TextMessage</code></a>      </dd>   </dl>  </li></ul> </div> <a end_ctx_id="class:StreamMessage"/> </td></tr></table></td></tr></table><table border="0" cellpadding="1" cellspacing="0" width="100%"><tr><td><h3 class="ctxid">method:readBoolean() [NONE]</h3></td></tr><tr><td><table border="0" cellpadding="5" cellspacing="1" bgcolor="black" width="100%"><tr valign="top"><td bgcolor="#FFFFFF" colspan="1"> <a start_ctx_id="method:readBoolean()"/><a name="readBoolean()"/><ul class="blockList"><li class="blockList"><h4>readBoolean</h4><pre>boolean readBoolean()
                    throws <a href="../../javax/jms/JMSException.html" title="class in javax.jms">JMSException</a></pre><div class="block">Reads a <code>boolean</code> from the stream message.      </div><dl> <dt> <span class="strong">Returns:</span>   </dt><dd>the <code>boolean</code> value read   </dd> <dt> <span class="strong">Throws:</span>   </dt><dd> <code><a href="../../javax/jms/JMSException.html" title="class in javax.jms">JMSException</a></code> - if the JMS provider fails to read the message due to some internal error.                </dd><dd> <code><a href="../../javax/jms/MessageEOFException.html" title="class in javax.jms">MessageEOFException</a></code> - if unexpected end of message stream has been reached.           </dd><dd> <code><a href="../../javax/jms/MessageFormatException.html" title="class in javax.jms">MessageFormatException</a></code> - if this type conversion is invalid.        </dd><dd> <code><a href="../../javax/jms/MessageNotReadableException.html" title="class in javax.jms">MessageNotReadableException</a></code> - if the message is in write-only mode.         </dd>  </dl></li></ul> <a end_ctx_id="method:readBoolean()"/>  </td></tr></table></td></tr></table><table border="0" cellpadding="1" cellspacing="0" width="100%"><tr><td><h3 class="ctxid">method:readByte() [NONE]</h3></td></tr><tr><td><table border="0" cellpadding="5" cellspacing="1" bgcolor="black" width="100%"><tr valign="top"><td bgcolor="#FFFFFF" colspan="1"> <a start_ctx_id="method:readByte()"/><a name="readByte()"/><ul class="blockList"><li class="blockList"><h4>readByte</h4><pre>byte readByte()
              throws <a href="../../javax/jms/JMSException.html" title="class in javax.jms">JMSException</a></pre><div class="block">Reads a <code>byte</code> value from the stream message.       </div><dl> <dt> <span class="strong">Returns:</span>   </dt><dd>the next byte from the stream message as a 8-bit <code>byte</code>          </dd> <dt> <span class="strong">Throws:</span>   </dt><dd> <code><a href="../../javax/jms/JMSException.html" title="class in javax.jms">JMSException</a></code> - if the JMS provider fails to read the message due to some internal error.                </dd><dd> <code><a href="../../javax/jms/MessageEOFException.html" title="class in javax.jms">MessageEOFException</a></code> - if unexpected end of message stream has been reached.           </dd><dd> <code><a href="../../javax/jms/MessageFormatException.html" title="class in javax.jms">MessageFormatException</a></code> - if this type conversion is invalid.        </dd><dd> <code><a href="../../javax/jms/MessageNotReadableException.html" title="class in javax.jms">MessageNotReadableException</a></code> - if the message is in write-only mode.         </dd>  </dl></li></ul> <a end_ctx_id="method:readByte()"/>  </td></tr></table></td></tr></table><table border="0" cellpadding="1" cellspacing="0" width="100%"><tr><td><h3 class="ctxid">method:readShort() [NONE]</h3></td></tr><tr><td><table border="0" cellpadding="5" cellspacing="1" bgcolor="black" width="100%"><tr valign="top"><td bgcolor="#FFFFFF" colspan="1"> <a start_ctx_id="method:readShort()"/><a name="readShort()"/><ul class="blockList"><li class="blockList"><h4>readShort</h4><pre>short readShort()
                throws <a href="../../javax/jms/JMSException.html" title="class in javax.jms">JMSException</a></pre><div class="block">Reads a 16-bit integer from the stream message.       </div><dl> <dt> <span class="strong">Returns:</span>   </dt><dd>a 16-bit integer from the stream message      </dd> <dt> <span class="strong">Throws:</span>   </dt><dd> <code><a href="../../javax/jms/JMSException.html" title="class in javax.jms">JMSException</a></code> - if the JMS provider fails to read the message due to some internal error.                </dd><dd> <code><a href="../../javax/jms/MessageEOFException.html" title="class in javax.jms">MessageEOFException</a></code> - if unexpected end of message stream has been reached.           </dd><dd> <code><a href="../../javax/jms/MessageFormatException.html" title="class in javax.jms">MessageFormatException</a></code> - if this type conversion is invalid.        </dd><dd> <code><a href="../../javax/jms/MessageNotReadableException.html" title="class in javax.jms">MessageNotReadableException</a></code> - if the message is in write-only mode.         </dd>  </dl></li></ul> <a end_ctx_id="method:readShort()"/>  </td></tr></table></td></tr></table><table border="0" cellpadding="1" cellspacing="0" width="100%"><tr><td><h3 class="ctxid">method:readChar() [NONE]</h3></td></tr><tr><td><table border="0" cellpadding="5" cellspacing="1" bgcolor="black" width="100%"><tr valign="top"><td bgcolor="#FFFFFF" colspan="1"> <a start_ctx_id="method:readChar()"/><a name="readChar()"/><ul class="blockList"><li class="blockList"><h4>readChar</h4><pre>char readChar()
              throws <a href="../../javax/jms/JMSException.html" title="class in javax.jms">JMSException</a></pre><div class="block">Reads a Unicode character value from the stream message.        </div><dl> <dt> <span class="strong">Returns:</span>   </dt><dd>a Unicode character from the stream message      </dd> <dt> <span class="strong">Throws:</span>   </dt><dd> <code><a href="../../javax/jms/JMSException.html" title="class in javax.jms">JMSException</a></code> - if the JMS provider fails to read the message due to some internal error.                </dd><dd> <code><a href="../../javax/jms/MessageEOFException.html" title="class in javax.jms">MessageEOFException</a></code> - if unexpected end of message stream has been reached.           </dd><dd> <code><a href="../../javax/jms/MessageFormatException.html" title="class in javax.jms">MessageFormatException</a></code> - if this type conversion is invalid        </dd><dd> <code><a href="../../javax/jms/MessageNotReadableException.html" title="class in javax.jms">MessageNotReadableException</a></code> - if the message is in write-only mode.         </dd>  </dl></li></ul> <a end_ctx_id="method:readChar()"/>  </td></tr></table></td></tr></table><table border="0" cellpadding="1" cellspacing="0" width="100%"><tr><td><h3 class="ctxid">method:readInt() [NONE]</h3></td></tr><tr><td><table border="0" cellpadding="5" cellspacing="1" bgcolor="black" width="100%"><tr valign="top"><td bgcolor="#FFFFFF" colspan="1"> <a start_ctx_id="method:readInt()"/><a name="readInt()"/><ul class="blockList"><li class="blockList"><h4>readInt</h4><pre>int readInt()
            throws <a href="../../javax/jms/JMSException.html" title="class in javax.jms">JMSException</a></pre><div class="block">Reads a 32-bit integer from the stream message.       </div><dl> <dt> <span class="strong">Returns:</span>   </dt><dd>a 32-bit integer value from the stream message, interpreted as an <code>int</code>           </dd> <dt> <span class="strong">Throws:</span>   </dt><dd> <code><a href="../../javax/jms/JMSException.html" title="class in javax.jms">JMSException</a></code> - if the JMS provider fails to read the message due to some internal error.                </dd><dd> <code><a href="../../javax/jms/MessageEOFException.html" title="class in javax.jms">MessageEOFException</a></code> - if unexpected end of message stream has been reached.           </dd><dd> <code><a href="../../javax/jms/MessageFormatException.html" title="class in javax.jms">MessageFormatException</a></code> - if this type conversion is invalid.        </dd><dd> <code><a href="../../javax/jms/MessageNotReadableException.html" title="class in javax.jms">MessageNotReadableException</a></code> - if the message is in write-only mode.         </dd>  </dl></li></ul> <a end_ctx_id="method:readInt()"/>  </td></tr></table></td></tr></table><table border="0" cellpadding="1" cellspacing="0" width="100%"><tr><td><h3 class="ctxid">method:readLong() [NONE]</h3></td></tr><tr><td><table border="0" cellpadding="5" cellspacing="1" bgcolor="black" width="100%"><tr valign="top"><td bgcolor="#FFFFFF" colspan="1"> <a start_ctx_id="method:readLong()"/><a name="readLong()"/><ul class="blockList"><li class="blockList"><h4>readLong</h4><pre>long readLong()
              throws <a href="../../javax/jms/JMSException.html" title="class in javax.jms">JMSException</a></pre><div class="block">Reads a 64-bit integer from the stream message.       </div><dl> <dt> <span class="strong">Returns:</span>   </dt><dd>a 64-bit integer value from the stream message, interpreted as a <code>long</code>           </dd> <dt> <span class="strong">Throws:</span>   </dt><dd> <code><a href="../../javax/jms/JMSException.html" title="class in javax.jms">JMSException</a></code> - if the JMS provider fails to read the message due to some internal error.                </dd><dd> <code><a href="../../javax/jms/MessageEOFException.html" title="class in javax.jms">MessageEOFException</a></code> - if unexpected end of message stream has been reached.           </dd><dd> <code><a href="../../javax/jms/MessageFormatException.html" title="class in javax.jms">MessageFormatException</a></code> - if this type conversion is invalid.        </dd><dd> <code><a href="../../javax/jms/MessageNotReadableException.html" title="class in javax.jms">MessageNotReadableException</a></code> - if the message is in write-only mode.         </dd>  </dl></li></ul> <a end_ctx_id="method:readLong()"/>  </td></tr></table></td></tr></table><table border="0" cellpadding="1" cellspacing="0" width="100%"><tr><td><h3 class="ctxid">method:readFloat() [NONE]</h3></td></tr><tr><td><table border="0" cellpadding="5" cellspacing="1" bgcolor="black" width="100%"><tr valign="top"><td bgcolor="#FFFFFF" colspan="1"> <a start_ctx_id="method:readFloat()"/><a name="readFloat()"/><ul class="blockList"><li class="blockList"><h4>readFloat</h4><pre>float readFloat()
                throws <a href="../../javax/jms/JMSException.html" title="class in javax.jms">JMSException</a></pre><div class="block">Reads a <code>float</code> from the stream message.      </div><dl> <dt> <span class="strong">Returns:</span>   </dt><dd>a <code>float</code> value from the stream message      </dd> <dt> <span class="strong">Throws:</span>   </dt><dd> <code><a href="../../javax/jms/JMSException.html" title="class in javax.jms">JMSException</a></code> - if the JMS provider fails to read the message due to some internal error.                </dd><dd> <code><a href="../../javax/jms/MessageEOFException.html" title="class in javax.jms">MessageEOFException</a></code> - if unexpected end of message stream has been reached.           </dd><dd> <code><a href="../../javax/jms/MessageFormatException.html" title="class in javax.jms">MessageFormatException</a></code> - if this type conversion is invalid.        </dd><dd> <code><a href="../../javax/jms/MessageNotReadableException.html" title="class in javax.jms">MessageNotReadableException</a></code> - if the message is in write-only mode.         </dd>  </dl></li></ul> <a end_ctx_id="method:readFloat()"/>  </td></tr></table></td></tr></table><table border="0" cellpadding="1" cellspacing="0" width="100%"><tr><td><h3 class="ctxid">method:readDouble() [NONE]</h3></td></tr><tr><td><table border="0" cellpadding="5" cellspacing="1" bgcolor="black" width="100%"><tr valign="top"><td bgcolor="#FFFFFF" colspan="1"> <a start_ctx_id="method:readDouble()"/><a name="readDouble()"/><ul class="blockList"><li class="blockList"><h4>readDouble</h4><pre>double readDouble()
                  throws <a href="../../javax/jms/JMSException.html" title="class in javax.jms">JMSException</a></pre><div class="block">Reads a <code>double</code> from the stream message.      </div><dl> <dt> <span class="strong">Returns:</span>   </dt><dd>a <code>double</code> value from the stream message      </dd> <dt> <span class="strong">Throws:</span>   </dt><dd> <code><a href="../../javax/jms/JMSException.html" title="class in javax.jms">JMSException</a></code> - if the JMS provider fails to read the message due to some internal error.                </dd><dd> <code><a href="../../javax/jms/MessageEOFException.html" title="class in javax.jms">MessageEOFException</a></code> - if unexpected end of message stream has been reached.           </dd><dd> <code><a href="../../javax/jms/MessageFormatException.html" title="class in javax.jms">MessageFormatException</a></code> - if this type conversion is invalid.        </dd><dd> <code><a href="../../javax/jms/MessageNotReadableException.html" title="class in javax.jms">MessageNotReadableException</a></code> - if the message is in write-only mode.         </dd>  </dl></li></ul> <a end_ctx_id="method:readDouble()"/>  </td></tr></table></td></tr></table><table border="0" cellpadding="1" cellspacing="0" width="100%"><tr><td><h3 class="ctxid">method:readString() [NONE]</h3></td></tr><tr><td><table border="0" cellpadding="5" cellspacing="1" bgcolor="black" width="100%"><tr valign="top"><td bgcolor="#FFFFFF" colspan="1"> <a start_ctx_id="method:readString()"/><a name="readString()"/><ul class="blockList"><li class="blockList"><h4>readString</h4><pre><a href="http://download.oracle.com/javase/6/docs/api/java/lang/String.html?is-external=true" title="class or interface in java.lang">String</a> readString()
                  throws <a href="../../javax/jms/JMSException.html" title="class in javax.jms">JMSException</a></pre><div class="block">Reads a <code>String</code> from the stream message.      </div><dl> <dt> <span class="strong">Returns:</span>   </dt><dd>a Unicode string from the stream message      </dd> <dt> <span class="strong">Throws:</span>   </dt><dd> <code><a href="../../javax/jms/JMSException.html" title="class in javax.jms">JMSException</a></code> - if the JMS provider fails to read the message due to some internal error.                </dd><dd> <code><a href="../../javax/jms/MessageEOFException.html" title="class in javax.jms">MessageEOFException</a></code> - if unexpected end of message stream has been reached.           </dd><dd> <code><a href="../../javax/jms/MessageFormatException.html" title="class in javax.jms">MessageFormatException</a></code> - if this type conversion is invalid.        </dd><dd> <code><a href="../../javax/jms/MessageNotReadableException.html" title="class in javax.jms">MessageNotReadableException</a></code> - if the message is in write-only mode.         </dd>  </dl></li></ul> <a end_ctx_id="method:readString()"/>  </td></tr></table></td></tr></table><table border="0" cellpadding="1" cellspacing="0" width="100%"><tr><td><h3 class="ctxid">method:readBytes(byte[]) [NONE]</h3></td></tr><tr><td><table border="0" cellpadding="5" cellspacing="1" bgcolor="black" width="100%"><tr valign="top"><td bgcolor="#FFFFFF" colspan="1"> <a start_ctx_id="method:readBytes(byte[])"/><a name="readBytes(byte[])"/><ul class="blockList"><li class="blockList"><h4>readBytes</h4><pre>int readBytes(byte[] value)
              throws <a href="../../javax/jms/JMSException.html" title="class in javax.jms">JMSException</a></pre><div class="block">Reads a byte array field from the stream message into the specified <code>byte[]</code> object (the read buffer).<p>To read the field value, <code>readBytes</code> should be successively called until it returns a value less than the length of the read buffer. The value of the bytes in the buffer following the last byte read is undefined.                                     </p><p>If <code>readBytes</code> returns a value equal to the length of the buffer, a subsequent <code>readBytes</code> call must be made. If there are no more bytes to be read, this call returns -1.                               </p><p>If the byte array field value is null, <code>readBytes</code> returns -1.          </p><p>If the byte array field value is empty, <code>readBytes</code> returns 0.          </p><p>Once the first <code>readBytes</code> call on a <code>byte[]</code> field value has been made, the full value of the field must be read before it is valid to read the next field. An attempt to read the next field before that has been done will throw a <code>MessageFormatException</code>.                                              </p><p>To read the byte field value into a new <code>byte[]</code> object, use the <code>readObject</code> method.              </p>                </div><dl> <dt> <span class="strong">Parameters:</span>   </dt><dd> <code>value</code> - the buffer into which the data is read          </dd> <dt> <span class="strong">Returns:</span>   </dt><dd>the total number of bytes read into the buffer, or -1 if there is no more data because the end of the byte field has been reached                          </dd> <dt> <span class="strong">Throws:</span>   </dt><dd> <code><a href="../../javax/jms/JMSException.html" title="class in javax.jms">JMSException</a></code> - if the JMS provider fails to read the message due to some internal error.                </dd><dd> <code><a href="../../javax/jms/MessageEOFException.html" title="class in javax.jms">MessageEOFException</a></code> - if unexpected end of message stream has been reached.           </dd><dd> <code><a href="../../javax/jms/MessageFormatException.html" title="class in javax.jms">MessageFormatException</a></code> - if this type conversion is invalid.        </dd><dd> <code><a href="../../javax/jms/MessageNotReadableException.html" title="class in javax.jms">MessageNotReadableException</a></code> - if the message is in write-only mode.         </dd> <dt> <span class="strong">See Also: </span>   </dt><dd> <a href="../../javax/jms/StreamMessage.html#readObject()"><code>readObject()</code></a> </dd>    </dl></li></ul> <a end_ctx_id="method:readBytes(byte[])"/>  </td></tr></table></td></tr></table><table border="0" cellpadding="1" cellspacing="0" width="100%"><tr><td><h3 class="ctxid">method:readObject() [NONE]</h3></td></tr><tr><td><table border="0" cellpadding="5" cellspacing="1" bgcolor="black" width="100%"><tr valign="top"><td bgcolor="#FFFFFF" colspan="1"> <a start_ctx_id="method:readObject()"/><a name="readObject()"/><ul class="blockList"><li class="blockList"><h4>readObject</h4><pre><a href="http://download.oracle.com/javase/6/docs/api/java/lang/Object.html?is-external=true" title="class or interface in java.lang">Object</a> readObject()
                  throws <a href="../../javax/jms/JMSException.html" title="class in javax.jms">JMSException</a></pre><div class="block">Reads an object from the stream message.<p>This method can be used to return, in objectified format, an object in the Java programming language ("Java object") that has been written to the stream with the equivalent <code>writeObject</code> method call, or its equivalent primitive <code>write<i>type</i></code> method.                                     </p><p>Note that byte values are returned as <code>byte[]</code>, not <code>Byte[]</code>.         </p><p>An attempt to call <code>readObject</code> to read a byte field value into a new <code>byte[]</code> object before the full value of the byte field has been read will throw a <code>MessageFormatException</code>.                              </p>      </div><dl> <dt> <span class="strong">Returns:</span>   </dt><dd>a Java object from the stream message, in objectified format (for example, if the object was written as an <code>int</code>, an <code>Integer</code> is returned)                       </dd> <dt> <span class="strong">Throws:</span>   </dt><dd> <code><a href="../../javax/jms/JMSException.html" title="class in javax.jms">JMSException</a></code> - if the JMS provider fails to read the message due to some internal error.                </dd><dd> <code><a href="../../javax/jms/MessageEOFException.html" title="class in javax.jms">MessageEOFException</a></code> - if unexpected end of message stream has been reached.           </dd><dd> <code><a href="../../javax/jms/MessageFormatException.html" title="class in javax.jms">MessageFormatException</a></code> - if this type conversion is invalid.        </dd><dd> <code><a href="../../javax/jms/MessageNotReadableException.html" title="class in javax.jms">MessageNotReadableException</a></code> - if the message is in write-only mode.         </dd> <dt> <span class="strong">See Also: </span>   </dt><dd> <a href="../../javax/jms/StreamMessage.html#readBytes(byte[])"><code>readBytes(byte[] value) </code></a> </dd>   </dl></li></ul> <a end_ctx_id="method:readObject()"/>  </td></tr></table></td></tr></table><table border="0" cellpadding="1" cellspacing="0" width="100%"><tr><td><h3 class="ctxid">method:writeBoolean(boolean) [NONE]</h3></td></tr><tr><td><table border="0" cellpadding="5" cellspacing="1" bgcolor="black" width="100%"><tr valign="top"><td bgcolor="#FFFFFF" colspan="1"> <a start_ctx_id="method:writeBoolean(boolean)"/><a name="writeBoolean(boolean)"/><ul class="blockList"><li class="blockList"><h4>writeBoolean</h4><pre>void writeBoolean(boolean value)
                  throws <a href="../../javax/jms/JMSException.html" title="class in javax.jms">JMSException</a></pre><div class="block">Writes a <code>boolean</code> to the stream message. The value <code>true</code> is written as the value <code>(byte)1</code>; the value <code>false</code> is written as the value <code>(byte)0</code>.                        </div><dl> <dt> <span class="strong">Parameters:</span>   </dt><dd> <code>value</code> - the <code>boolean</code> value to be written        </dd> <dt> <span class="strong">Throws:</span>   </dt><dd> <code><a href="../../javax/jms/JMSException.html" title="class in javax.jms">JMSException</a></code> - if the JMS provider fails to write the message due to some internal error.                </dd><dd> <code><a href="../../javax/jms/MessageNotWriteableException.html" title="class in javax.jms">MessageNotWriteableException</a></code> - if the message is in read-only mode.         </dd>  </dl></li></ul> <a end_ctx_id="method:writeBoolean(boolean)"/>  </td></tr></table></td></tr></table><table border="0" cellpadding="1" cellspacing="0" width="100%"><tr><td><h3 class="ctxid">method:writeByte(byte) [NONE]</h3></td></tr><tr><td><table border="0" cellpadding="5" cellspacing="1" bgcolor="black" width="100%"><tr valign="top"><td bgcolor="#FFFFFF" colspan="1"> <a start_ctx_id="method:writeByte(byte)"/><a name="writeByte(byte)"/><ul class="blockList"><li class="blockList"><h4>writeByte</h4><pre>void writeByte(byte value)
               throws <a href="../../javax/jms/JMSException.html" title="class in javax.jms">JMSException</a></pre><div class="block">Writes a <code>byte</code> to the stream message.      </div><dl> <dt> <span class="strong">Parameters:</span>   </dt><dd> <code>value</code> - the <code>byte</code> value to be written        </dd> <dt> <span class="strong">Throws:</span>   </dt><dd> <code><a href="../../javax/jms/JMSException.html" title="class in javax.jms">JMSException</a></code> - if the JMS provider fails to write the message due to some internal error.                </dd><dd> <code><a href="../../javax/jms/MessageNotWriteableException.html" title="class in javax.jms">MessageNotWriteableException</a></code> - if the message is in read-only mode.         </dd>  </dl></li></ul> <a end_ctx_id="method:writeByte(byte)"/>  </td></tr></table></td></tr></table><table border="0" cellpadding="1" cellspacing="0" width="100%"><tr><td><h3 class="ctxid">method:writeShort(short) [NONE]</h3></td></tr><tr><td><table border="0" cellpadding="5" cellspacing="1" bgcolor="black" width="100%"><tr valign="top"><td bgcolor="#FFFFFF" colspan="1"> <a start_ctx_id="method:writeShort(short)"/><a name="writeShort(short)"/><ul class="blockList"><li class="blockList"><h4>writeShort</h4><pre>void writeShort(short value)
                throws <a href="../../javax/jms/JMSException.html" title="class in javax.jms">JMSException</a></pre><div class="block">Writes a <code>short</code> to the stream message.      </div><dl> <dt> <span class="strong">Parameters:</span>   </dt><dd> <code>value</code> - the <code>short</code> value to be written        </dd> <dt> <span class="strong">Throws:</span>   </dt><dd> <code><a href="../../javax/jms/JMSException.html" title="class in javax.jms">JMSException</a></code> - if the JMS provider fails to write the message due to some internal error.                </dd><dd> <code><a href="../../javax/jms/MessageNotWriteableException.html" title="class in javax.jms">MessageNotWriteableException</a></code> - if the message is in read-only mode.         </dd>  </dl></li></ul> <a end_ctx_id="method:writeShort(short)"/>  </td></tr></table></td></tr></table><table border="0" cellpadding="1" cellspacing="0" width="100%"><tr><td><h3 class="ctxid">method:writeChar(char) [NONE]</h3></td></tr><tr><td><table border="0" cellpadding="5" cellspacing="1" bgcolor="black" width="100%"><tr valign="top"><td bgcolor="#FFFFFF" colspan="1"> <a start_ctx_id="method:writeChar(char)"/><a name="writeChar(char)"/><ul class="blockList"><li class="blockList"><h4>writeChar</h4><pre>void writeChar(char value)
               throws <a href="../../javax/jms/JMSException.html" title="class in javax.jms">JMSException</a></pre><div class="block">Writes a <code>char</code> to the stream message.      </div><dl> <dt> <span class="strong">Parameters:</span>   </dt><dd> <code>value</code> - the <code>char</code> value to be written        </dd> <dt> <span class="strong">Throws:</span>   </dt><dd> <code><a href="../../javax/jms/JMSException.html" title="class in javax.jms">JMSException</a></code> - if the JMS provider fails to write the message due to some internal error.                </dd><dd> <code><a href="../../javax/jms/MessageNotWriteableException.html" title="class in javax.jms">MessageNotWriteableException</a></code> - if the message is in read-only mode.         </dd>  </dl></li></ul> <a end_ctx_id="method:writeChar(char)"/>  </td></tr></table></td></tr></table><table border="0" cellpadding="1" cellspacing="0" width="100%"><tr><td><h3 class="ctxid">method:writeInt(int) [NONE]</h3></td></tr><tr><td><table border="0" cellpadding="5" cellspacing="1" bgcolor="black" width="100%"><tr valign="top"><td bgcolor="#FFFFFF" colspan="1"> <a start_ctx_id="method:writeInt(int)"/><a name="writeInt(int)"/><ul class="blockList"><li class="blockList"><h4>writeInt</h4><pre>void writeInt(int value)
              throws <a href="../../javax/jms/JMSException.html" title="class in javax.jms">JMSException</a></pre><div class="block">Writes an <code>int</code> to the stream message.      </div><dl> <dt> <span class="strong">Parameters:</span>   </dt><dd> <code>value</code> - the <code>int</code> value to be written        </dd> <dt> <span class="strong">Throws:</span>   </dt><dd> <code><a href="../../javax/jms/JMSException.html" title="class in javax.jms">JMSException</a></code> - if the JMS provider fails to write the message due to some internal error.                </dd><dd> <code><a href="../../javax/jms/MessageNotWriteableException.html" title="class in javax.jms">MessageNotWriteableException</a></code> - if the message is in read-only mode.         </dd>  </dl></li></ul> <a end_ctx_id="method:writeInt(int)"/>  </td></tr></table></td></tr></table><table border="0" cellpadding="1" cellspacing="0" width="100%"><tr><td><h3 class="ctxid">method:writeLong(long) [NONE]</h3></td></tr><tr><td><table border="0" cellpadding="5" cellspacing="1" bgcolor="black" width="100%"><tr valign="top"><td bgcolor="#FFFFFF" colspan="1"> <a start_ctx_id="method:writeLong(long)"/><a name="writeLong(long)"/><ul class="blockList"><li class="blockList"><h4>writeLong</h4><pre>void writeLong(long value)
               throws <a href="../../javax/jms/JMSException.html" title="class in javax.jms">JMSException</a></pre><div class="block">Writes a <code>long</code> to the stream message.      </div><dl> <dt> <span class="strong">Parameters:</span>   </dt><dd> <code>value</code> - the <code>long</code> value to be written        </dd> <dt> <span class="strong">Throws:</span>   </dt><dd> <code><a href="../../javax/jms/JMSException.html" title="class in javax.jms">JMSException</a></code> - if the JMS provider fails to write the message due to some internal error.                </dd><dd> <code><a href="../../javax/jms/MessageNotWriteableException.html" title="class in javax.jms">MessageNotWriteableException</a></code> - if the message is in read-only mode.         </dd>  </dl></li></ul> <a end_ctx_id="method:writeLong(long)"/>  </td></tr></table></td></tr></table><table border="0" cellpadding="1" cellspacing="0" width="100%"><tr><td><h3 class="ctxid">method:writeFloat(float) [NONE]</h3></td></tr><tr><td><table border="0" cellpadding="5" cellspacing="1" bgcolor="black" width="100%"><tr valign="top"><td bgcolor="#FFFFFF" colspan="1"> <a start_ctx_id="method:writeFloat(float)"/><a name="writeFloat(float)"/><ul class="blockList"><li class="blockList"><h4>writeFloat</h4><pre>void writeFloat(float value)
                throws <a href="../../javax/jms/JMSException.html" title="class in javax.jms">JMSException</a></pre><div class="block">Writes a <code>float</code> to the stream message.      </div><dl> <dt> <span class="strong">Parameters:</span>   </dt><dd> <code>value</code> - the <code>float</code> value to be written        </dd> <dt> <span class="strong">Throws:</span>   </dt><dd> <code><a href="../../javax/jms/JMSException.html" title="class in javax.jms">JMSException</a></code> - if the JMS provider fails to write the message due to some internal error.                </dd><dd> <code><a href="../../javax/jms/MessageNotWriteableException.html" title="class in javax.jms">MessageNotWriteableException</a></code> - if the message is in read-only mode.         </dd>  </dl></li></ul> <a end_ctx_id="method:writeFloat(float)"/>  </td></tr></table></td></tr></table><table border="0" cellpadding="1" cellspacing="0" width="100%"><tr><td><h3 class="ctxid">method:writeDouble(double) [NONE]</h3></td></tr><tr><td><table border="0" cellpadding="5" cellspacing="1" bgcolor="black" width="100%"><tr valign="top"><td bgcolor="#FFFFFF" colspan="1"> <a start_ctx_id="method:writeDouble(double)"/><a name="writeDouble(double)"/><ul class="blockList"><li class="blockList"><h4>writeDouble</h4><pre>void writeDouble(double value)
                 throws <a href="../../javax/jms/JMSException.html" title="class in javax.jms">JMSException</a></pre><div class="block">Writes a <code>double</code> to the stream message.      </div><dl> <dt> <span class="strong">Parameters:</span>   </dt><dd> <code>value</code> - the <code>double</code> value to be written        </dd> <dt> <span class="strong">Throws:</span>   </dt><dd> <code><a href="../../javax/jms/JMSException.html" title="class in javax.jms">JMSException</a></code> - if the JMS provider fails to write the message due to some internal error.                </dd><dd> <code><a href="../../javax/jms/MessageNotWriteableException.html" title="class in javax.jms">MessageNotWriteableException</a></code> - if the message is in read-only mode.         </dd>  </dl></li></ul> <a end_ctx_id="method:writeDouble(double)"/>  </td></tr></table></td></tr></table><table border="0" cellpadding="1" cellspacing="0" width="100%"><tr><td><h3 class="ctxid">method:writeString(java.lang.String) [NONE]</h3></td></tr><tr><td><table border="0" cellpadding="5" cellspacing="1" bgcolor="black" width="100%"><tr valign="top"><td bgcolor="#FFFFFF" colspan="1"> <a start_ctx_id="method:writeString(java.lang.String)"/><a name="writeString(java.lang.String)"/><ul class="blockList"><li class="blockList"><h4>writeString</h4><pre>void writeString(<a href="http://download.oracle.com/javase/6/docs/api/java/lang/String.html?is-external=true" title="class or interface in java.lang">String</a> value)
                 throws <a href="../../javax/jms/JMSException.html" title="class in javax.jms">JMSException</a></pre><div class="block">Writes a <code>String</code> to the stream message.      </div><dl> <dt> <span class="strong">Parameters:</span>   </dt><dd> <code>value</code> - the <code>String</code> value to be written        </dd> <dt> <span class="strong">Throws:</span>   </dt><dd> <code><a href="../../javax/jms/JMSException.html" title="class in javax.jms">JMSException</a></code> - if the JMS provider fails to write the message due to some internal error.                </dd><dd> <code><a href="../../javax/jms/MessageNotWriteableException.html" title="class in javax.jms">MessageNotWriteableException</a></code> - if the message is in read-only mode.         </dd>  </dl></li></ul> <a end_ctx_id="method:writeString(java.lang.String)"/>  </td></tr></table></td></tr></table><table border="0" cellpadding="1" cellspacing="0" width="100%"><tr><td><h3 class="ctxid">method:writeBytes(byte[]) [NONE]</h3></td></tr><tr><td><table border="0" cellpadding="5" cellspacing="1" bgcolor="black" width="100%"><tr valign="top"><td bgcolor="#FFFFFF" colspan="1"> <a start_ctx_id="method:writeBytes(byte[])"/><a name="writeBytes(byte[])"/><ul class="blockList"><li class="blockList"><h4>writeBytes</h4><pre>void writeBytes(byte[] value)
                throws <a href="../../javax/jms/JMSException.html" title="class in javax.jms">JMSException</a></pre><div class="block">Writes a byte array field to the stream message.<p>The byte array <code>value</code> is written to the message as a byte array field. Consecutively written byte array fields are treated as two distinct fields when the fields are read.                             </p>        </div><dl> <dt> <span class="strong">Parameters:</span>   </dt><dd> <code>value</code> - the byte array value to be written         </dd> <dt> <span class="strong">Throws:</span>   </dt><dd> <code><a href="../../javax/jms/JMSException.html" title="class in javax.jms">JMSException</a></code> - if the JMS provider fails to write the message due to some internal error.                </dd><dd> <code><a href="../../javax/jms/MessageNotWriteableException.html" title="class in javax.jms">MessageNotWriteableException</a></code> - if the message is in read-only mode.         </dd>  </dl></li></ul> <a end_ctx_id="method:writeBytes(byte[])"/>  </td></tr></table></td></tr></table><table border="0" cellpadding="1" cellspacing="0" width="100%"><tr><td><h3 class="ctxid">method:writeBytes(byte[], int, int) [NONE]</h3></td></tr><tr><td><table border="0" cellpadding="5" cellspacing="1" bgcolor="black" width="100%"><tr valign="top"><td bgcolor="#FFFFFF" colspan="1"> <a start_ctx_id="method:writeBytes(byte[], int, int)"/><a name="writeBytes(byte[], int, int)"/><ul class="blockList"><li class="blockList"><h4>writeBytes</h4><pre>void writeBytes(byte[] value,
              int offset,
              int length)
                throws <a href="../../javax/jms/JMSException.html" title="class in javax.jms">JMSException</a></pre><div class="block">Writes a portion of a byte array as a byte array field to the stream message.<p>The a portion of the byte array <code>value</code> is written to the message as a byte array field. Consecutively written byte array fields are treated as two distinct fields when the fields are read.                                 </p>               </div><dl> <dt> <span class="strong">Parameters:</span>   </dt><dd> <code>value</code> - the byte array value to be written         </dd><dd> <code>offset</code> - the initial offset within the byte array         </dd><dd> <code>length</code> - the number of bytes to use        </dd> <dt> <span class="strong">Throws:</span>   </dt><dd> <code><a href="../../javax/jms/JMSException.html" title="class in javax.jms">JMSException</a></code> - if the JMS provider fails to write the message due to some internal error.                </dd><dd> <code><a href="../../javax/jms/MessageNotWriteableException.html" title="class in javax.jms">MessageNotWriteableException</a></code> - if the message is in read-only mode.         </dd>  </dl></li></ul> <a end_ctx_id="method:writeBytes(byte[], int, int)"/>  </td></tr></table></td></tr></table><table border="0" cellpadding="1" cellspacing="0" width="100%"><tr><td><h3 class="ctxid">method:writeObject(java.lang.Object) [NONE]</h3></td></tr><tr><td><table border="0" cellpadding="5" cellspacing="1" bgcolor="black" width="100%"><tr valign="top"><td bgcolor="#FFFFFF" colspan="1"> <a start_ctx_id="method:writeObject(java.lang.Object)"/><a name="writeObject(java.lang.Object)"/><ul class="blockList"><li class="blockList"><h4>writeObject</h4><pre>void writeObject(<a href="http://download.oracle.com/javase/6/docs/api/java/lang/Object.html?is-external=true" title="class or interface in java.lang">Object</a> value)
                 throws <a href="../../javax/jms/JMSException.html" title="class in javax.jms">JMSException</a></pre><div class="block">Writes an object to the stream message.<p>This method works only for the objectified primitive object types (<code>Integer</code>, <code>Double</code>, <code>Long</code> ...), <code>String</code> objects, and byte arrays.                 </p>      </div><dl> <dt> <span class="strong">Parameters:</span>   </dt><dd> <code>value</code> - the Java object to be written        </dd> <dt> <span class="strong">Throws:</span>   </dt><dd> <code><a href="../../javax/jms/JMSException.html" title="class in javax.jms">JMSException</a></code> - if the JMS provider fails to write the message due to some internal error.                </dd><dd> <code><a href="../../javax/jms/MessageFormatException.html" title="class in javax.jms">MessageFormatException</a></code> - if the object is invalid.       </dd><dd> <code><a href="../../javax/jms/MessageNotWriteableException.html" title="class in javax.jms">MessageNotWriteableException</a></code> - if the message is in read-only mode.         </dd>  </dl></li></ul> <a end_ctx_id="method:writeObject(java.lang.Object)"/>  </td></tr></table></td></tr></table><table border="0" cellpadding="1" cellspacing="0" width="100%"><tr><td><h3 class="ctxid">method:reset() [NONE]</h3></td></tr><tr><td><table border="0" cellpadding="5" cellspacing="1" bgcolor="black" width="100%"><tr valign="top"><td bgcolor="#FFFFFF" colspan="1"> <a start_ctx_id="method:reset()"/><a name="reset()"/><ul class="blockListLast"><li class="blockList"><h4>reset</h4><pre>void reset()
           throws <a href="../../javax/jms/JMSException.html" title="class in javax.jms">JMSException</a></pre><div class="block">Puts the message body in read-only mode and repositions the stream to the beginning.             </div><dl> <dt> <span class="strong">Throws:</span>   </dt><dd> <code><a href="../../javax/jms/JMSException.html" title="class in javax.jms">JMSException</a></code> - if the JMS provider fails to reset the message due to some internal error.                </dd><dd> <code><a href="../../javax/jms/MessageFormatException.html" title="class in javax.jms">MessageFormatException</a></code> - if the message has an invalid format.         </dd> </dl></li></ul> <a end_ctx_id="method:reset()"/>  </td></tr></table></td></tr></table></diff></diffreport>