<?xml version="1.0" encoding="UTF-8" standalone="yes"?><Document><name>javax\jms\StreamMessage.spec</name><Context><name>class:StreamMessage</name><mt>NONE</mt></Context><Context><name>method:readBoolean()</name><mt>NONE</mt></Context><Context><name>method:readByte()</name><mt>NONE</mt></Context><Context><name>method:readBytes(byte[])</name><mt>NONE</mt></Context><Context><name>method:readChar()</name><mt>NONE</mt></Context><Context><name>method:readDouble()</name><mt>NONE</mt></Context><Context><name>method:readFloat()</name><mt>NONE</mt></Context><Context><name>method:readInt()</name><mt>NONE</mt></Context><Context><name>method:readLong()</name><mt>NONE</mt></Context><Context><name>method:readObject()</name><mt>NONE</mt></Context><Context><name>method:readShort()</name><mt>NONE</mt></Context><Context><name>method:readString()</name><mt>NONE</mt></Context><Context><name>method:reset()</name><mt>NONE</mt></Context><Context><name>method:writeBoolean(boolean)</name><mt>NONE</mt></Context><Context><name>method:writeByte(byte)</name><mt>NONE</mt></Context><Context><name>method:writeBytes(byte[])</name><mt>NONE</mt></Context><Context><name>method:writeBytes(byte[], int, int)</name><mt>NONE</mt></Context><Context><name>method:writeChar(char)</name><mt>NONE</mt></Context><Context><name>method:writeDouble(double)</name><mt>NONE</mt></Context><Context><name>method:writeFloat(float)</name><mt>NONE</mt></Context><Context><name>method:writeInt(int)</name><mt>NONE</mt></Context><Context><name>method:writeLong(long)</name><mt>NONE</mt></Context><Context><name>method:writeObject(java.lang.Object)</name><mt>NONE</mt></Context><Context><name>method:writeShort(short)</name><mt>NONE</mt></Context><Context><name>method:writeString(java.lang.String)</name><mt>NONE</mt></Context><Stat><name>javax\jms\StreamMessage.spec</name><mt>NONE</mt><Group name="context"><Item name="ADDED" count="0"/><Item name="REMOVED" count="0"/><Item name="CHANGED" count="0"/><Item name="MODIFIED" count="0"/><Item name="TOTAL" count="25"/></Group><Group name="assertion"><Item name="ADDED" count="0"/><Item name="REMOVED" count="0"/><Item name="CHANGED" count="0"/><Item name="MODIFIED" count="0"/><Item name="TOTAL" count="0"/></Group></Stat></Document>