<?xml version="1.0" encoding="UTF-8"?><diffreport><diff><div class="header"><div class="subTitle">javax.jms</div><h2 title="Interface SyncMessageConsumer" class="title">Interface SyncMessageConsumer </h2></div><div class="contentContainer"><div class="description"> <a start_ctx_id="class:SyncMessageConsumer"/><ul class="blockList"><li class="blockList"> <hr/> <br/><pre>public interface <span class="strong">SyncMessageConsumer</span></pre><div class="block">A client using the simplified JMS API introduced for JMS 2.0 uses a <code>SyncMessageConsumer</code> object to receive messages synchronously from a destination. A <code>SyncMessageConsumer</code> object is created by calling a <code>createSyncConsumer</code> method on a <code>MessagingContext</code>. A <code>SyncMessageConsumer</code> cannot be used to receive messages asynchronously.<p> A <code>SyncMessageConsumer</code> can be created with a message selector. A message selector allows the client to restrict the messages delivered to the <code>SyncMessageConsumer</code> to those that match the selector.                             </p><p> A client can request the next message from a <code>SyncMessageConsumer</code> object using one of its <code>receive</code> methods. There are several variations of <code>receive</code> that allow a client to poll or wait for the next message.                                   </p>                                           </div><dl> <dt> <span class="strong">Version:</span>   </dt><dd>2.0</dd> <dt> <span class="strong">See Also: </span>   </dt><dd> <a href="../../javax/jms/MessagingContext.html" title="interface in javax.jms"><code>MessagingContext</code></a> </dd>  </dl>  </li></ul> </div><div class="summary"> <a end_ctx_id="class:SyncMessageConsumer"/><ul class="blockList"><li class="blockList"><ul class="blockList"><li class="blockList"> <a name="method_summary"/><h3>Method Summary </h3><table class="overviewSummary" border="0" cellpadding="3" cellspacing="0" summary="Method Summary table, listing methods, and an explanation"> <caption> <span>Methods</span><span class="tabEnd"> </span>   </caption><tbody><tr><th class="colFirst" scope="col">Modifier and Type  </th><th class="colLast" scope="col">Method and Description  </th></tr><tr class="altColor"><td class="colFirst"><code>void</code></td><td class="colLast"><code><strong><a href="../../javax/jms/SyncMessageConsumer.html#close()">close</a></strong>()</code><div class="block">Closes the SyncMessageConsumer.  </div></td></tr><tr class="rowColor"><td class="colFirst"><code><a href="http://download.oracle.com/javase/6/docs/api/java/lang/String.html?is-external=true" title="class or interface in java.lang">String</a></code></td><td class="colLast"><code><strong><a href="../../javax/jms/SyncMessageConsumer.html#getMessageSelector()">getMessageSelector</a></strong>()</code><div class="block">Gets this SyncMessageConsumer's message selector expression.     </div></td></tr><tr class="altColor"><td class="colFirst"><code><a href="../../javax/jms/Message.html" title="interface in javax.jms">Message</a></code></td><td class="colLast"><code><strong><a href="../../javax/jms/SyncMessageConsumer.html#receive()">receive</a></strong>()</code><div class="block">Receives the next message produced for this SyncMessageConsumer.       </div></td></tr><tr class="rowColor"><td class="colFirst"><code><a href="../../javax/jms/Message.html" title="interface in javax.jms">Message</a></code></td><td class="colLast"><code><strong><a href="../../javax/jms/SyncMessageConsumer.html#receive(long)">receive</a></strong>(long timeout)</code><div class="block">Receives the next message that arrives within the specified timeout interval.          </div></td></tr><tr class="altColor"><td class="colFirst"><code><a href="../../javax/jms/Message.html" title="interface in javax.jms">Message</a></code></td><td class="colLast"><code><strong><a href="../../javax/jms/SyncMessageConsumer.html#receiveNoWait()">receiveNoWait</a></strong>()</code><div class="block">Receives the next message if one is immediately available.        </div></td></tr><tr class="rowColor"><td class="colFirst"><code>&lt;T&gt; T</code></td><td class="colLast"><code><strong><a href="../../javax/jms/SyncMessageConsumer.html#receivePayload(java.lang.Class)">receivePayload</a></strong>(<a href="http://download.oracle.com/javase/6/docs/api/java/lang/Class.html?is-external=true" title="class or interface in java.lang">Class</a>&lt;T&gt; c)</code><div class="block">Receives the next message produced for this SyncMessageConsumer and returns its payload, which must be of the specified type                  </div></td></tr><tr class="altColor"><td class="colFirst"><code>&lt;T&gt; T</code></td><td class="colLast"><code><strong><a href="../../javax/jms/SyncMessageConsumer.html#receivePayload(java.lang.Class, long)">receivePayload</a></strong>(<a href="http://download.oracle.com/javase/6/docs/api/java/lang/Class.html?is-external=true" title="class or interface in java.lang">Class</a>&lt;T&gt; c, long timeout) </code><div class="block">Receives the next message produced for this SyncMessageConsumer and that arrives within the specified timeout period, and returns its payload, which must be of the specified type                          </div></td></tr><tr class="rowColor"><td class="colFirst"><code>&lt;T&gt; T</code></td><td class="colLast"><code><strong><a href="../../javax/jms/SyncMessageConsumer.html#receivePayloadNoWait(java.lang.Class)">receivePayloadNoWait</a></strong>(<a href="http://download.oracle.com/javase/6/docs/api/java/lang/Class.html?is-external=true" title="class or interface in java.lang">Class</a>&lt;T&gt; c)</code><div class="block">Receives the next message produced for this SyncMessageConsumer and returns its payload, which must be of the specified type                  </div></td></tr></tbody> </table> </li></ul></li></ul> </div><div class="details"><ul class="blockList"><li class="blockList"><ul class="blockList"><li class="blockList"> <a name="method_detail"/><h3>Method Detail </h3> <a start_ctx_id="method:getMessageSelector()"/><a name="getMessageSelector()"/><ul class="blockList"><li class="blockList"><h4>getMessageSelector</h4><pre><a href="http://download.oracle.com/javase/6/docs/api/java/lang/String.html?is-external=true" title="class or interface in java.lang">String</a> getMessageSelector()</pre><div class="block">Gets this SyncMessageConsumer's message selector expression.     </div><dl> <dt> <span class="strong">Returns:</span>   </dt><dd>this SyncMessageConsumer's message selector, or null if no message selector exists for the SyncMessageConsumer (that is, if the message selector was not set or was set to null or the empty string)                               </dd> <dt> <span class="strong">Throws:</span>   </dt><dd> <code><a href="../../javax/jms/JMSRuntimeException.html" title="class in javax.jms">JMSRuntimeException</a></code> - if the JMS provider fails to get the message selector due to some internal error.                 </dd>  </dl></li></ul> <a end_ctx_id="method:getMessageSelector()"/> <hr/> <a start_ctx_id="method:receive()"/><a name="receive()"/><ul class="blockList"><li class="blockList"><h4>receive</h4><pre><a href="../../javax/jms/Message.html" title="interface in javax.jms">Message</a> receive()</pre><div class="block">Receives the next message produced for this SyncMessageConsumer.<p>This call blocks indefinitely until a message is produced or until this SyncMessageConsumer is closed.              </p><p>If this <code>receive</code> is done within a transaction, the SyncMessageConsumer retains the message until the transaction commits.                </p>       </div><dl> <dt> <span class="strong">Returns:</span>   </dt><dd>the next message produced for this SyncMessageConsumer, or null if this SyncMessageConsumer is concurrently closed              </dd> <dt> <span class="strong">Throws:</span>   </dt><dd> <code><a href="../../javax/jms/JMSRuntimeException.html" title="class in javax.jms">JMSRuntimeException</a></code> - if the JMS provider fails to receive the next message due to some internal error.                 </dd>  </dl></li></ul> <a end_ctx_id="method:receive()"/> <hr/> <a start_ctx_id="method:receive(long)"/><a name="receive(long)"/><ul class="blockList"><li class="blockList"><h4>receive</h4><pre><a href="../../javax/jms/Message.html" title="interface in javax.jms">Message</a> receive(long timeout)</pre><div class="block">Receives the next message that arrives within the specified timeout interval.<p>This call blocks until a message arrives, the timeout expires, or this SyncMessageConsumer is closed. A <code>timeout</code> of zero never expires, and the call blocks indefinitely.                         </p>          </div><dl> <dt> <span class="strong">Parameters:</span>   </dt><dd> <code>timeout</code> - the timeout value (in milliseconds)       </dd> <dt> <span class="strong">Returns:</span>   </dt><dd>the next message produced for this SyncMessageConsumer, or null if the timeout expires or this SyncMessageConsumer is concurrently closed                  </dd> <dt> <span class="strong">Throws:</span>   </dt><dd> <code><a href="../../javax/jms/JMSRuntimeException.html" title="class in javax.jms">JMSRuntimeException</a></code> - if the JMS provider fails to receive the next message due to some internal error.                 </dd>   </dl></li></ul> <a end_ctx_id="method:receive(long)"/> <hr/> <a start_ctx_id="method:receiveNoWait()"/><a name="receiveNoWait()"/><ul class="blockList"><li class="blockList"><h4>receiveNoWait</h4><pre><a href="../../javax/jms/Message.html" title="interface in javax.jms">Message</a> receiveNoWait()</pre><div class="block">Receives the next message if one is immediately available.        </div><dl> <dt> <span class="strong">Returns:</span>   </dt><dd>the next message produced for this SyncMessageConsumer, or null if one is not available             </dd> <dt> <span class="strong">Throws:</span>   </dt><dd> <code><a href="../../javax/jms/JMSRuntimeException.html" title="class in javax.jms">JMSRuntimeException</a></code> - if the JMS provider fails to receive the next message due to some internal error.                 </dd>  </dl></li></ul> <a end_ctx_id="method:receiveNoWait()"/> <hr/> <a start_ctx_id="method:close()"/><a name="close()"/><ul class="blockList"><li class="blockList"><h4>close</h4><pre>void close()</pre><div class="block">Closes the SyncMessageConsumer.<p> Since a provider may allocate some resources on behalf of a <code>SyncMessageConsumer</code> outside the Java virtual machine, clients should close them when they are not needed. Relying on garbage collection to eventually reclaim these resources may not be timely enough.                                        </p><p> This call blocks until a <code>receive</code> in progress has completed. A blocked message consumer <code>receive</code> call returns null when this SyncMessageConsumer is closed.                       </p>  </div><dl> <dt> <span class="strong">Throws:</span>   </dt><dd> <code><a href="../../javax/jms/JMSRuntimeException.html" title="class in javax.jms">JMSRuntimeException</a></code> - if the JMS provider fails to close the SyncMessageConsumer due to some internal error.                </dd> </dl></li></ul> <a end_ctx_id="method:close()"/> <hr/> <a start_ctx_id="method:receivePayload(java.lang.Class)"/><a name="receivePayload(java.lang.Class)"/><ul class="blockList"><li class="blockList"><h4>receivePayload</h4><pre>&lt;T&gt; T receivePayload(<a href="http://download.oracle.com/javase/6/docs/api/java/lang/Class.html?is-external=true" title="class or interface in java.lang">Class</a>&lt;T&gt; c)</pre><div class="block">Receives the next message produced for this SyncMessageConsumer and returns its payload, which must be of the specified type<p> This call blocks indefinitely until a message is produced or until this SyncMessageConsumer is closed.               </p><p> If this <code>receivePayload</code> is done within a transaction, the SyncMessageConsumer retains the message until the transaction commits.                 </p>                  </div><dl> <dt> <span class="strong">Parameters:</span>   </dt><dd> <code>c</code> - The class of the payload of the next message. If the next message is a TextMessage when this should be set to String.class. If the next message is a ObjectMessage this should be set to Serializable.class. If the next message is not of the expected type a ClassCastException will be thrown and the message will not be delivered.                                                            </dd> <dt> <span class="strong">Returns:</span>   </dt><dd>the payload of the next message produced for this SyncMessageConsumer, or null if this SyncMessageConsumer is concurrently closed                 </dd> <dt> <span class="strong">Throws:</span>   </dt><dd> <code><a href="../../javax/jms/JMSRuntimeException.html" title="class in javax.jms">JMSRuntimeException</a></code> - - if the JMS provider fails to receive the next message due to some internal error                  </dd><dd> <code><a href="http://download.oracle.com/javase/6/docs/api/java/lang/ClassCastException.html?is-external=true" title="class or interface in java.lang">ClassCastException</a></code> - - if the next message is not of the expected type             </dd>   </dl></li></ul> <a end_ctx_id="method:receivePayload(java.lang.Class)"/> <hr/> <a start_ctx_id="method:receivePayload(java.lang.Class, long)"/><a name="receivePayload(java.lang.Class, long)"/><ul class="blockList"><li class="blockList"><h4>receivePayload</h4><pre>&lt;T&gt; T receivePayload(<a href="http://download.oracle.com/javase/6/docs/api/java/lang/Class.html?is-external=true" title="class or interface in java.lang">Class</a>&lt;T&gt; c,
                   long timeout)</pre><div class="block">Receives the next message produced for this SyncMessageConsumer and that arrives within the specified timeout period, and returns its payload, which must be of the specified type<p> This call blocks until a message arrives, the timeout expires, or this SyncMessageConsumer is closed. A timeout of zero never expires, and the call blocks indefinitely.                          </p><p> If this <code>receivePayload</code> is done within a transaction, the SyncMessageConsumer retains the message until the transaction commits.                 </p>                          </div><dl> <dt> <span class="strong">Parameters:</span>   </dt><dd> <code>c</code> - The class of the payload of the next message. If the next message is a TextMessage when this should be set to String.class. If the next message is a ObjectMessage this should be set to Serializable.class. If the next message is not of the expected type a ClassCastException will be thrown and the message will not be delivered.                                                            </dd> <dt> <span class="strong">Returns:</span>   </dt><dd>the payload of the next message produced for this SyncMessageConsumer, or null if this SyncMessageConsumer is concurrently closed                 </dd> <dt> <span class="strong">Throws:</span>   </dt><dd> <code><a href="../../javax/jms/JMSRuntimeException.html" title="class in javax.jms">JMSRuntimeException</a></code> - - if the JMS provider fails to receive the next message due to some internal error                  </dd><dd> <code><a href="http://download.oracle.com/javase/6/docs/api/java/lang/ClassCastException.html?is-external=true" title="class or interface in java.lang">ClassCastException</a></code> - - if the next message is not of the expected type             </dd>   </dl></li></ul> <a end_ctx_id="method:receivePayload(java.lang.Class, long)"/> <hr/> <a start_ctx_id="method:receivePayloadNoWait(java.lang.Class)"/><a name="receivePayloadNoWait(java.lang.Class)"/><ul class="blockListLast"><li class="blockList"><h4>receivePayloadNoWait</h4><pre>&lt;T&gt; T receivePayloadNoWait(<a href="http://download.oracle.com/javase/6/docs/api/java/lang/Class.html?is-external=true" title="class or interface in java.lang">Class</a>&lt;T&gt; c)</pre><div class="block">Receives the next message produced for this SyncMessageConsumer and returns its payload, which must be of the specified type<p> Returns null if a message is not available.        </p><p> If this <code>receivePayload</code> is done within a transaction, the SyncMessageConsumer retains the message until the transaction commits.                 </p>                  </div><dl> <dt> <span class="strong">Parameters:</span>   </dt><dd> <code>c</code> - The class of the payload of the next message. If the next message is a TextMessage when this should be set to String.class. If the next message is a ObjectMessage this should be set to Serializable.class. If the next message is not of the expected type a ClassCastException will be thrown and the message will not be delivered.                                                            </dd> <dt> <span class="strong">Returns:</span>   </dt><dd>the payload of the next message produced for this SyncMessageConsumer, or null if this SyncMessageConsumer is concurrently closed                 </dd> <dt> <span class="strong">Throws:</span>   </dt><dd> <code><a href="../../javax/jms/JMSRuntimeException.html" title="class in javax.jms">JMSRuntimeException</a></code> - - if the JMS provider fails to receive the next message due to some internal error                  </dd><dd> <code><a href="http://download.oracle.com/javase/6/docs/api/java/lang/ClassCastException.html?is-external=true" title="class or interface in java.lang">ClassCastException</a></code> - - if the next message is not of the expected type             </dd>   </dl></li></ul>                       </li></ul></li></ul></div></div> <a end_ctx_id="method:receivePayloadNoWait(java.lang.Class)"/> <hr/><p class="legalCopy"> <small>Copyright 2011 Oracle America Inc. All rights reserved. Use is subject to <a href="http://java.net/downloads/jms-spec/Licences/working-draft-eval-spec-license.pdf">licence terms </a> <br/>JMS 2.0 working draft - 8 Dec 2011                    </small> </p>  </diff></diffreport>