<?xml version="1.0" encoding="UTF-8" standalone="yes"?><Document><name>javax\jms\SyncMessageConsumer.spec</name><Context><name>class:SyncMessageConsumer</name><mt>ADDED</mt></Context><Context><name>method:close()</name><mt>ADDED</mt></Context><Context><name>method:getMessageSelector()</name><mt>ADDED</mt></Context><Context><name>method:receive()</name><mt>ADDED</mt></Context><Context><name>method:receive(long)</name><mt>ADDED</mt></Context><Context><name>method:receiveNoWait()</name><mt>ADDED</mt></Context><Context><name>method:receivePayload(java.lang.Class)</name><mt>ADDED</mt></Context><Context><name>method:receivePayload(java.lang.Class, long)</name><mt>ADDED</mt></Context><Context><name>method:receivePayloadNoWait(java.lang.Class)</name><mt>ADDED</mt></Context><Stat><name>javax\jms\SyncMessageConsumer.spec</name><mt>ADDED</mt><Group name="context"><Item name="ADDED" count="9"/><Item name="REMOVED" count="0"/><Item name="CHANGED" count="0"/><Item name="MODIFIED" count="9"/><Item name="TOTAL" count="9"/></Group><Group name="assertion"><Item name="ADDED" count="0"/><Item name="REMOVED" count="0"/><Item name="CHANGED" count="0"/><Item name="MODIFIED" count="0"/><Item name="TOTAL" count="0"/></Group></Stat></Document>