<?xml version="1.0" encoding="UTF-8"?><diffreport><diff><table border="0" cellpadding="1" cellspacing="0" width="100%"><tr><td><h3 class="ctxid">class:TemporaryTopic [NONE]</h3></td></tr><tr><td><table border="0" cellpadding="5" cellspacing="1" bgcolor="black" width="100%"><tr valign="top"><td bgcolor="#FFFFFF" colspan="1"><div class="description"> <a start_ctx_id="class:TemporaryTopic"/><ul class="blockList"><li class="blockList"><dl> <dt>All Superinterfaces: </dt><dd> <a href="../../javax/jms/Destination.html" title="interface in javax.jms">Destination</a>, <a href="../../javax/jms/Topic.html" title="interface in javax.jms">Topic</a>  </dd> </dl> <hr/> <br/><pre>public interface <span class="strong">TemporaryTopic</span>
extends <a href="../../javax/jms/Topic.html" title="interface in javax.jms">Topic</a></pre><div class="block">A <code>TemporaryTopic</code> object is a unique <code>Topic</code> object created for the duration of a <code>Connection</code>. It is a system-defined topic that can be consumed only by the <code>Connection</code> that created it.<p>A <code>TemporaryTopic</code> object can be created either at the <code>Session</code> or <code>TopicSession</code> level. Creating it at the <code>Session</code> level allows the <code>TemporaryTopic</code> to participate in the same transaction with objects from the PTP domain. If a <code>TemporaryTopic</code> is created at the <code>TopicSession</code>, it will only be able participate in transactions with objects from the Pub/Sub domain.                                                       </p>                              </div><dl> <dt> <span class="strong">Version:</span>   </dt><dd>1.1 - February 2, 2002    </dd> <dt> <span class="strong">Author:</span>   </dt><dd>Mark Hapner, Rich Burridge, Kate Stout     </dd> <dt> <span class="strong">See Also: </span>   </dt><dd> <a href="../../javax/jms/Session.html#createTemporaryTopic()"><code>Session.createTemporaryTopic()</code></a>, <a href="../../javax/jms/TopicSession.html#createTemporaryTopic()"><code>TopicSession.createTemporaryTopic()</code></a>  </dd>   </dl>  </li></ul> </div> <a end_ctx_id="class:TemporaryTopic"/> </td></tr></table></td></tr></table><table border="0" cellpadding="1" cellspacing="0" width="100%"><tr><td><h3 class="ctxid">method:delete() [NONE]</h3></td></tr><tr><td><table border="0" cellpadding="5" cellspacing="1" bgcolor="black" width="100%"><tr valign="top"><td bgcolor="#FFFFFF" colspan="1"> <a start_ctx_id="method:delete()"/><a name="delete()"/><ul class="blockListLast"><li class="blockList"><h4>delete</h4><pre>void delete()
            throws <a href="../../javax/jms/JMSException.html" title="class in javax.jms">JMSException</a></pre><div class="block">Deletes this temporary topic. If there are existing subscribers still using it, a <code>JMSException</code> will be thrown.                </div><dl> <dt> <span class="strong">Throws:</span>   </dt><dd> <code><a href="../../javax/jms/JMSException.html" title="class in javax.jms">JMSException</a></code> - if the JMS provider fails to delete the temporary topic due to some internal error.                 </dd> </dl></li></ul> <a end_ctx_id="method:delete()"/>  </td></tr></table></td></tr></table></diff></diffreport>