<?xml version="1.0" encoding="UTF-8"?><diffreport><diff><table border="0" cellpadding="1" cellspacing="0" width="100%"><tr><td><h3 class="ctxid">class:TemporaryQueue [NONE]</h3></td></tr><tr><td><table border="0" cellpadding="5" cellspacing="1" bgcolor="black" width="100%"><tr valign="top"><td bgcolor="#FFFFFF" colspan="1"><div class="description"> <a start_ctx_id="class:TemporaryQueue"/><ul class="blockList"><li class="blockList"><dl> <dt>All Superinterfaces: </dt><dd> <a href="../../javax/jms/Destination.html" title="interface in javax.jms">Destination</a>, <a href="../../javax/jms/Queue.html" title="interface in javax.jms">Queue</a>  </dd> </dl> <hr/> <br/><pre>public interface <span class="strong">TemporaryQueue</span>
extends <a href="../../javax/jms/Queue.html" title="interface in javax.jms">Queue</a></pre><div class="block">A <code>TemporaryQueue</code> object is a unique <code>Queue</code> object created for the duration of a <code>Connection</code>. It is a system-defined queue that can be consumed only by the <code>Connection</code> that created it.<p>A <code>TemporaryQueue</code> object can be created at either the <code>Session</code> or <code>QueueSession</code> level. Creating it at the <code>Session</code> level allows to the <code>TemporaryQueue</code> to participate in transactions with objects from the Pub/Sub domain. If it is created at the <code>QueueSession</code>, it will only be able participate in transactions with objects from the PTP domain.                                                     </p>                              </div><dl> <dt> <span class="strong">Version:</span>   </dt><dd>1.1 - February 2, 2002    </dd> <dt> <span class="strong">Author:</span>   </dt><dd>Mark Hapner, Rich Burridge, Kate Stout     </dd> <dt> <span class="strong">See Also: </span>   </dt><dd> <a href="../../javax/jms/Session.html#createTemporaryQueue()"><code>Session.createTemporaryQueue()</code></a>, <a href="../../javax/jms/QueueSession.html#createTemporaryQueue()"><code>QueueSession.createTemporaryQueue()</code></a>  </dd>   </dl>  </li></ul> </div> <a end_ctx_id="class:TemporaryQueue"/> </td></tr></table></td></tr></table><table border="0" cellpadding="1" cellspacing="0" width="100%"><tr><td><h3 class="ctxid">method:delete() [NONE]</h3></td></tr><tr><td><table border="0" cellpadding="5" cellspacing="1" bgcolor="black" width="100%"><tr valign="top"><td bgcolor="#FFFFFF" colspan="1"> <a start_ctx_id="method:delete()"/><a name="delete()"/><ul class="blockListLast"><li class="blockList"><h4>delete</h4><pre>void delete()
            throws <a href="../../javax/jms/JMSException.html" title="class in javax.jms">JMSException</a></pre><div class="block">Deletes this temporary queue. If there are existing receivers still using it, a <code>JMSException</code> will be thrown.                </div><dl> <dt> <span class="strong">Throws:</span>   </dt><dd> <code><a href="../../javax/jms/JMSException.html" title="class in javax.jms">JMSException</a></code> - if the JMS provider fails to delete the temporary queue due to some internal error.                 </dd> </dl></li></ul> <a end_ctx_id="method:delete()"/>  </td></tr></table></td></tr></table></diff></diffreport>