<?xml version="1.0" encoding="UTF-8"?><diffreport><diff><table border="0" cellpadding="1" cellspacing="0" width="100%"><tr><td><h3 class="ctxid">class:TextMessage [NONE]</h3></td></tr><tr><td><table border="0" cellpadding="5" cellspacing="1" bgcolor="black" width="100%"><tr valign="top"><td bgcolor="#FFFFFF" colspan="1"><div class="description"> <a start_ctx_id="class:TextMessage"/><ul class="blockList"><li class="blockList"><dl> <dt>All Superinterfaces: </dt><dd> <a href="../../javax/jms/Message.html" title="interface in javax.jms">Message</a> </dd> </dl> <hr/> <br/><pre>public interface <span class="strong">TextMessage</span>
extends <a href="../../javax/jms/Message.html" title="interface in javax.jms">Message</a></pre><div class="block">A <code>TextMessage</code> object is used to send a message containing a <code>java.lang.String</code>. It inherits from the <code>Message</code> interface and adds a text message body.<p>This message type can be used to transport text-based messages, including those with XML content.              </p><p>When a client receives a <code>TextMessage</code>, it is in read-only mode. If a client attempts to write to the message at this point, a <code>MessageNotWriteableException</code> is thrown. If <code>clearBody</code> is called, the message can now be both read from and written to.                                         </p>                       </div><dl> <dt> <span class="strong">Version:</span>   </dt><dd>1.1 - February 2, 2002    </dd> <dt> <span class="strong">Author:</span>   </dt><dd>Mark Hapner, Rich Burridge, Kate Stout     </dd> <dt> <span class="strong">See Also: </span>   </dt><dd> <a href="../../javax/jms/Session.html#createTextMessage()"><code>Session.createTextMessage()</code></a>, <a href="../../javax/jms/Session.html#createTextMessage(java.lang.String)"><code>Session.createTextMessage(String)</code></a>, <a href="../../javax/jms/BytesMessage.html" title="interface in javax.jms"><code>BytesMessage</code></a>, <a href="../../javax/jms/MapMessage.html" title="interface in javax.jms"><code>MapMessage</code></a>, <a href="../../javax/jms/Message.html" title="interface in javax.jms"><code>Message</code></a>, <a href="../../javax/jms/ObjectMessage.html" title="interface in javax.jms"><code>ObjectMessage</code></a>, <a href="../../javax/jms/StreamMessage.html" title="interface in javax.jms"><code>StreamMessage</code></a>, <a href="http://download.oracle.com/javase/6/docs/api/java/lang/String.html?is-external=true" title="class or interface in java.lang"><code>String</code></a>        </dd>   </dl>  </li></ul> </div> <a end_ctx_id="class:TextMessage"/> </td></tr></table></td></tr></table><table border="0" cellpadding="1" cellspacing="0" width="100%"><tr><td><h3 class="ctxid">method:setText(java.lang.String) [NONE]</h3></td></tr><tr><td><table border="0" cellpadding="5" cellspacing="1" bgcolor="black" width="100%"><tr valign="top"><td bgcolor="#FFFFFF" colspan="1"> <a start_ctx_id="method:setText(java.lang.String)"/><a name="setText(java.lang.String)"/><ul class="blockList"><li class="blockList"><h4>setText</h4><pre>void setText(<a href="http://download.oracle.com/javase/6/docs/api/java/lang/String.html?is-external=true" title="class or interface in java.lang">String</a> string)
             throws <a href="../../javax/jms/JMSException.html" title="class in javax.jms">JMSException</a></pre><div class="block">Sets the string containing this message's data.      </div><dl> <dt> <span class="strong">Parameters:</span>   </dt><dd> <code>string</code> - the <code>String</code> containing the message's data        </dd> <dt> <span class="strong">Throws:</span>   </dt><dd> <code><a href="../../javax/jms/JMSException.html" title="class in javax.jms">JMSException</a></code> - if the JMS provider fails to set the text due to some internal error.                </dd><dd> <code><a href="../../javax/jms/MessageNotWriteableException.html" title="class in javax.jms">MessageNotWriteableException</a></code> - if the message is in read-only mode.         </dd>  </dl></li></ul> <a end_ctx_id="method:setText(java.lang.String)"/>  </td></tr></table></td></tr></table><table border="0" cellpadding="1" cellspacing="0" width="100%"><tr><td><h3 class="ctxid">method:getText() [NONE]</h3></td></tr><tr><td><table border="0" cellpadding="5" cellspacing="1" bgcolor="black" width="100%"><tr valign="top"><td bgcolor="#FFFFFF" colspan="1"> <a start_ctx_id="method:getText()"/><a name="getText()"/><ul class="blockListLast"><li class="blockList"><h4>getText</h4><pre><a href="http://download.oracle.com/javase/6/docs/api/java/lang/String.html?is-external=true" title="class or interface in java.lang">String</a> getText()
               throws <a href="../../javax/jms/JMSException.html" title="class in javax.jms">JMSException</a></pre><div class="block">Gets the string containing this message's data. The default value is null.           </div><dl> <dt> <span class="strong">Returns:</span>   </dt><dd>the <code>String</code> containing the message's data     </dd> <dt> <span class="strong">Throws:</span>   </dt><dd> <code><a href="../../javax/jms/JMSException.html" title="class in javax.jms">JMSException</a></code> - if the JMS provider fails to get the text due to some internal error.                </dd>  </dl></li></ul> <a end_ctx_id="method:getText()"/>  </td></tr></table></td></tr></table></diff></diffreport>