<?xml version="1.0" encoding="UTF-8"?><diffreport><diff><table border="0" cellpadding="1" cellspacing="0" width="100%"><tr><td><h3 class="ctxid">class:Topic [NONE]</h3></td></tr><tr><td><table border="0" cellpadding="5" cellspacing="1" bgcolor="black" width="100%"><tr valign="top"><td bgcolor="#FFFFFF" colspan="1"><div class="description"> <a start_ctx_id="class:Topic"/><ul class="blockList"><li class="blockList"><dl> <dt>All Superinterfaces: </dt><dd> <a href="../../javax/jms/Destination.html" title="interface in javax.jms">Destination</a> </dd> </dl><dl> <dt>All Known Subinterfaces:  </dt><dd> <a href="../../javax/jms/TemporaryTopic.html" title="interface in javax.jms">TemporaryTopic</a> </dd> </dl> <hr/> <br/><pre>public interface <span class="strong">Topic</span>
extends <a href="../../javax/jms/Destination.html" title="interface in javax.jms">Destination</a></pre><div class="block">A <code>Topic</code> object encapsulates a provider-specific topic name. It is the way a client specifies the identity of a topic to JMS API methods. For those methods that use a <code>Destination</code> as a parameter, a <code>Topic</code> object may used as an argument . For example, a Topic can be used to create a <code>MessageConsumer</code> and a <code>MessageProducer</code> by calling:<ul><li> <code>Session.CreateConsumer(Destination destination) </code> </li><li> <code>Session.CreateProducer(Destination destination) </code> </li></ul><p>Many publish/subscribe (pub/sub) providers group topics into hierarchies and provide various options for subscribing to parts of the hierarchy. The JMS API places no restriction on what a <code>Topic</code> object represents. It may be a leaf in a topic hierarchy, or it may be a larger part of the hierarchy.                                                 </p><p>The organization of topics and the granularity of subscriptions to them is an important part of a pub/sub application's architecture. The JMS API does not specify a policy for how this should be done. If an application takes advantage of a provider-specific topic-grouping mechanism, it should document this. If the application is installed using a different provider, it is the job of the administrator to construct an equivalent topic architecture and create equivalent <code>Topic</code> objects.                                                                          </p>                                                          </div><dl> <dt> <span class="strong">Version:</span>   </dt><dd>1.1 - February 2, 2002    </dd> <dt> <span class="strong">Author:</span>   </dt><dd>Mark Hapner, Rich Burridge, Kate Stout     </dd> <dt> <span class="strong">See Also: </span>   </dt><dd> <a href="../../javax/jms/Session.html#createConsumer(javax.jms.Destination)"><code>Session.createConsumer(Destination)</code></a>, <a href="../../javax/jms/Session.html#createProducer(javax.jms.Destination)"><code>Session.createProducer(Destination)</code></a>, <a href="../../javax/jms/TopicSession.html#createTopic(java.lang.String)"><code>TopicSession.createTopic(String)</code></a>   </dd>   </dl>  </li></ul> </div> <a end_ctx_id="class:Topic"/> </td></tr></table></td></tr></table><table border="0" cellpadding="1" cellspacing="0" width="100%"><tr><td><h3 class="ctxid">method:getTopicName() [NONE]</h3></td></tr><tr><td><table border="0" cellpadding="5" cellspacing="1" bgcolor="black" width="100%"><tr valign="top"><td bgcolor="#FFFFFF" colspan="1"> <a start_ctx_id="method:getTopicName()"/><a name="getTopicName()"/><ul class="blockList"><li class="blockList"><h4>getTopicName</h4><pre><a href="http://download.oracle.com/javase/6/docs/api/java/lang/String.html?is-external=true" title="class or interface in java.lang">String</a> getTopicName()
                    throws <a href="../../javax/jms/JMSException.html" title="class in javax.jms">JMSException</a></pre><div class="block">Gets the name of this topic.<p>Clients that depend upon the name are not portable.        </p>     </div><dl> <dt> <span class="strong">Returns:</span>   </dt><dd>the topic name  </dd> <dt> <span class="strong">Throws:</span>   </dt><dd> <code><a href="../../javax/jms/JMSException.html" title="class in javax.jms">JMSException</a></code> - if the JMS provider implementation of <code>Topic</code> fails to return the topic name due to some internal error.                    </dd>  </dl></li></ul> <a end_ctx_id="method:getTopicName()"/>  </td></tr></table></td></tr></table><table border="0" cellpadding="1" cellspacing="0" width="100%"><tr><td><h3 class="ctxid">method:toString() [NONE]</h3></td></tr><tr><td><table border="0" cellpadding="5" cellspacing="1" bgcolor="black" width="100%"><tr valign="top"><td bgcolor="#FFFFFF" colspan="1"> <a start_ctx_id="method:toString()"/><a name="toString()"/><ul class="blockListLast"><li class="blockList"><h4>toString</h4><pre><a href="http://download.oracle.com/javase/6/docs/api/java/lang/String.html?is-external=true" title="class or interface in java.lang">String</a> toString()</pre><div class="block">Returns a string representation of this object.      </div><dl> <dt> <strong>Overrides:</strong>   </dt><dd> <code><a href="http://download.oracle.com/javase/6/docs/api/java/lang/Object.html?is-external=true#toString()" title="class or interface in java.lang">toString</a></code> in class <code><a href="http://download.oracle.com/javase/6/docs/api/java/lang/Object.html?is-external=true" title="class or interface in java.lang">Object</a></code>  </dd> <dt> <span class="strong">Returns:</span>   </dt><dd>the provider-specific identity values for this topic      </dd>  </dl></li></ul> <a end_ctx_id="method:toString()"/>  </td></tr></table></td></tr></table></diff></diffreport>