<?xml version="1.0" encoding="UTF-8" standalone="yes"?><Document><name>javax\jms\TopicSession.spec</name><Context><name>class:TopicSession</name><mt>NONE</mt></Context><Context><name>method:createDurableSubscriber(javax.jms.Topic, java.lang.String)</name><mt>NONE</mt></Context><Context><name>method:createDurableSubscriber(javax.jms.Topic, java.lang.String, java.lang.String, boolean)</name><mt>NONE</mt></Context><Context><name>method:createPublisher(javax.jms.Topic)</name><mt>NONE</mt></Context><Context><name>method:createSubscriber(javax.jms.Topic)</name><mt>NONE</mt></Context><Context><name>method:createSubscriber(javax.jms.Topic, java.lang.String, boolean)</name><mt>NONE</mt></Context><Context><name>method:createTemporaryTopic()</name><mt>NONE</mt></Context><Context><name>method:createTopic(java.lang.String)</name><mt>NONE</mt></Context><Context><name>method:unsubscribe(java.lang.String)</name><mt>NONE</mt></Context><Stat><name>javax\jms\TopicSession.spec</name><mt>NONE</mt><Group name="context"><Item name="ADDED" count="0"/><Item name="REMOVED" count="0"/><Item name="CHANGED" count="0"/><Item name="MODIFIED" count="0"/><Item name="TOTAL" count="9"/></Group><Group name="assertion"><Item name="ADDED" count="0"/><Item name="REMOVED" count="0"/><Item name="CHANGED" count="0"/><Item name="MODIFIED" count="0"/><Item name="TOTAL" count="0"/></Group></Stat></Document>