<?xml version="1.0" encoding="UTF-8"?><diffreport><diff><table border="0" cellpadding="1" cellspacing="0" width="100%"><tr><td><h3 class="ctxid">class:TopicPublisher [NONE]</h3></td></tr><tr><td><table border="0" cellpadding="5" cellspacing="1" bgcolor="black" width="100%"><tr valign="top"><td bgcolor="#FFFFFF" colspan="1"><div class="description"> <a start_ctx_id="class:TopicPublisher"/><ul class="blockList"><li class="blockList"><dl> <dt>All Superinterfaces: </dt><dd> <a href="../../javax/jms/MessageProducer.html" title="interface in javax.jms">MessageProducer</a> </dd> </dl> <hr/> <br/><pre>public interface <span class="strong">TopicPublisher</span>
extends <a href="../../javax/jms/MessageProducer.html" title="interface in javax.jms">MessageProducer</a></pre><div class="block">A client uses a <code>TopicPublisher</code> object to publish messages on a topic. A <code>TopicPublisher</code> object is the publish-subscribe form of a message producer.<p>Normally, the <code>Topic</code> is specified when a <code>TopicPublisher</code> is created. In this case, an attempt to use the <code>publish</code> methods for an unidentified <code>TopicPublisher</code> will throw a <code>java.lang.UnsupportedOperationException</code>.                           </p><p>If the <code>TopicPublisher</code> is created with an unidentified <code>Topic</code>, an attempt to use the <code>publish</code> methods that assume that the <code>Topic</code> has been identified will throw a <code>java.lang.UnsupportedOperationException</code>.                           </p><p>During the execution of its <code>publish</code> method, a message must not be changed by other threads within the client. If the message is modified, the result of the <code>publish</code> is undefined.                              </p><p>After publishing a message, a client may retain and modify it without affecting the message that has been published. The same message object may be published multiple times.                           </p><p>The following message headers are set as part of publishing a message: <code>JMSDestination</code>, <code>JMSDeliveryMode</code>, <code>JMSExpiration</code>, <code>JMSPriority</code>, <code>JMSMessageID</code> and <code>JMSTimeStamp</code>. When the message is published, the values of these headers are ignored. After completion of the <code>publish</code>, the headers hold the values specified by the method publishing the message. It is possible for the <code>publish</code> method not to set <code>JMSMessageID</code> and <code>JMSTimeStamp</code> if the setting of these headers is explicitly disabled by the <code>MessageProducer.setDisableMessageID</code> or <code>MessageProducer.setDisableMessageTimestamp</code> method.                                                                           </p><p>Creating a <code>MessageProducer</code> provides the same features as creating a <code>TopicPublisher</code>. A <code>MessageProducer</code> object is recommended when creating new code. The <code>TopicPublisher</code> is provided to support existing code.                           </p><p>Because <code>TopicPublisher</code> inherits from <code>MessageProducer</code>, it inherits the <code>send</code> methods that are a part of the <code>MessageProducer</code> interface. Using the <code>send</code> methods will have the same effect as using the <code>publish</code> methods: they are functionally the same.                                    </p>                      </div><dl> <dt> <span class="strong">Version:</span>   </dt><dd>1.1 February 2, 2002   </dd> <dt> <span class="strong">Author:</span>   </dt><dd>Mark Hapner, Rich Burridge, Kate Stout     </dd> <dt> <span class="strong">See Also: </span>   </dt><dd> <a href="../../javax/jms/Session.html#createProducer(javax.jms.Destination)"><code>Session.createProducer(Destination)</code></a>, <a href="../../javax/jms/TopicSession.html#createPublisher(javax.jms.Topic)"><code>TopicSession.createPublisher(Topic)</code></a>  </dd>   </dl>  </li></ul> </div> <a end_ctx_id="class:TopicPublisher"/> </td></tr></table></td></tr></table><table border="0" cellpadding="1" cellspacing="0" width="100%"><tr><td><h3 class="ctxid">method:getTopic() [NONE]</h3></td></tr><tr><td><table border="0" cellpadding="5" cellspacing="1" bgcolor="black" width="100%"><tr valign="top"><td bgcolor="#FFFFFF" colspan="1"> <a start_ctx_id="method:getTopic()"/><a name="getTopic()"/><ul class="blockList"><li class="blockList"><h4>getTopic</h4><pre><a href="../../javax/jms/Topic.html" title="interface in javax.jms">Topic</a> getTopic()
               throws <a href="../../javax/jms/JMSException.html" title="class in javax.jms">JMSException</a></pre><div class="block">Gets the topic associated with this <code>TopicPublisher</code>.      </div><dl> <dt> <span class="strong">Returns:</span>   </dt><dd>this publisher's topic  </dd> <dt> <span class="strong">Throws:</span>   </dt><dd> <code><a href="../../javax/jms/JMSException.html" title="class in javax.jms">JMSException</a></code> - if the JMS provider fails to get the topic for this <code>TopicPublisher</code> due to some internal error.                   </dd>  </dl></li></ul> <a end_ctx_id="method:getTopic()"/>  </td></tr></table></td></tr></table><table border="0" cellpadding="1" cellspacing="0" width="100%"><tr><td><h3 class="ctxid">method:publish(javax.jms.Message) [NONE]</h3></td></tr><tr><td><table border="0" cellpadding="5" cellspacing="1" bgcolor="black" width="100%"><tr valign="top"><td bgcolor="#FFFFFF" colspan="1"> <a start_ctx_id="method:publish(javax.jms.Message)"/><a name="publish(javax.jms.Message)"/><ul class="blockList"><li class="blockList"><h4>publish</h4><pre>void publish(<a href="../../javax/jms/Message.html" title="interface in javax.jms">Message</a> message)
             throws <a href="../../javax/jms/JMSException.html" title="class in javax.jms">JMSException</a></pre><div class="block">Publishes a message to the topic. Uses the <code>TopicPublisher</code>'s default delivery mode, priority, and time to live.                </div><dl> <dt> <span class="strong">Parameters:</span>   </dt><dd> <code>message</code> - the message to publish      </dd> <dt> <span class="strong">Throws:</span>   </dt><dd> <code><a href="../../javax/jms/JMSException.html" title="class in javax.jms">JMSException</a></code> - if the JMS provider fails to publish the message due to some internal error.                </dd><dd> <code><a href="../../javax/jms/MessageFormatException.html" title="class in javax.jms">MessageFormatException</a></code> - if an invalid message is specified.        </dd><dd> <code><a href="../../javax/jms/InvalidDestinationException.html" title="class in javax.jms">InvalidDestinationException</a></code> - if a client uses this method with a <code>TopicPublisher</code> with an invalid topic.               </dd><dd> <code><a href="http://download.oracle.com/javase/6/docs/api/java/lang/UnsupportedOperationException.html?is-external=true" title="class or interface in java.lang">UnsupportedOperationException</a></code> - if a client uses this method with a <code>TopicPublisher</code> that did not specify a topic at creation time.                    </dd> <dt> <span class="strong">See Also: </span>   </dt><dd> <a href="../../javax/jms/MessageProducer.html#getDeliveryMode()"><code>MessageProducer.getDeliveryMode()</code></a>, <a href="../../javax/jms/MessageProducer.html#getTimeToLive()"><code>MessageProducer.getTimeToLive()</code></a>, <a href="../../javax/jms/MessageProducer.html#getPriority()"><code>MessageProducer.getPriority()</code></a>   </dd>   </dl></li></ul> <a end_ctx_id="method:publish(javax.jms.Message)"/>  </td></tr></table></td></tr></table><table border="0" cellpadding="1" cellspacing="0" width="100%"><tr><td><h3 class="ctxid">method:publish(javax.jms.Message, int, int, long) [NONE]</h3></td></tr><tr><td><table border="0" cellpadding="5" cellspacing="1" bgcolor="black" width="100%"><tr valign="top"><td bgcolor="#FFFFFF" colspan="1"> <a start_ctx_id="method:publish(javax.jms.Message, int, int, long)"/><a name="publish(javax.jms.Message, int, int, long)"/><ul class="blockList"><li class="blockList"><h4>publish</h4><pre>void publish(<a href="../../javax/jms/Message.html" title="interface in javax.jms">Message</a> message,
           int deliveryMode,
           int priority,
           long timeToLive)
             throws <a href="../../javax/jms/JMSException.html" title="class in javax.jms">JMSException</a></pre><div class="block">Publishes a message to the topic, specifying delivery mode, priority, and time to live.             </div><dl> <dt> <span class="strong">Parameters:</span>   </dt><dd> <code>message</code> - the message to publish      </dd><dd> <code>deliveryMode</code> - the delivery mode to use       </dd><dd> <code>priority</code> - the priority for this message       </dd><dd> <code>timeToLive</code> - the message's lifetime (in milliseconds)       </dd> <dt> <span class="strong">Throws:</span>   </dt><dd> <code><a href="../../javax/jms/JMSException.html" title="class in javax.jms">JMSException</a></code> - if the JMS provider fails to publish the message due to some internal error.                </dd><dd> <code><a href="../../javax/jms/MessageFormatException.html" title="class in javax.jms">MessageFormatException</a></code> - if an invalid message is specified.        </dd><dd> <code><a href="../../javax/jms/InvalidDestinationException.html" title="class in javax.jms">InvalidDestinationException</a></code> - if a client uses this method with a <code>TopicPublisher</code> with an invalid topic.               </dd><dd> <code><a href="http://download.oracle.com/javase/6/docs/api/java/lang/UnsupportedOperationException.html?is-external=true" title="class or interface in java.lang">UnsupportedOperationException</a></code> - if a client uses this method with a <code>TopicPublisher</code> that did not specify a topic at creation time.                    </dd>  </dl></li></ul> <a end_ctx_id="method:publish(javax.jms.Message, int, int, long)"/>  </td></tr></table></td></tr></table><table border="0" cellpadding="1" cellspacing="0" width="100%"><tr><td><h3 class="ctxid">method:publish(javax.jms.Topic, javax.jms.Message) [NONE]</h3></td></tr><tr><td><table border="0" cellpadding="5" cellspacing="1" bgcolor="black" width="100%"><tr valign="top"><td bgcolor="#FFFFFF" colspan="1"> <a start_ctx_id="method:publish(javax.jms.Topic, javax.jms.Message)"/><a name="publish(javax.jms.Topic, javax.jms.Message)"/><ul class="blockList"><li class="blockList"><h4>publish</h4><pre>void publish(<a href="../../javax/jms/Topic.html" title="interface in javax.jms">Topic</a> topic,
           <a href="../../javax/jms/Message.html" title="interface in javax.jms">Message</a> message)
             throws <a href="../../javax/jms/JMSException.html" title="class in javax.jms">JMSException</a></pre><div class="block">Publishes a message to a topic for an unidentified message producer. Uses the <code>TopicPublisher</code>'s default delivery mode, priority, and time to live.<p>Typically, a message producer is assigned a topic at creation time; however, the JMS API also supports unidentified message producers, which require that the topic be supplied every time a message is published.                                </p>                     </div><dl> <dt> <span class="strong">Parameters:</span>   </dt><dd> <code>topic</code> - the topic to publish this message to         </dd><dd> <code>message</code> - the message to publish      </dd> <dt> <span class="strong">Throws:</span>   </dt><dd> <code><a href="../../javax/jms/JMSException.html" title="class in javax.jms">JMSException</a></code> - if the JMS provider fails to publish the message due to some internal error.                </dd><dd> <code><a href="../../javax/jms/MessageFormatException.html" title="class in javax.jms">MessageFormatException</a></code> - if an invalid message is specified.        </dd><dd> <code><a href="../../javax/jms/InvalidDestinationException.html" title="class in javax.jms">InvalidDestinationException</a></code> - if a client uses this method with an invalid topic.            </dd> <dt> <span class="strong">See Also: </span>   </dt><dd> <a href="../../javax/jms/MessageProducer.html#getDeliveryMode()"><code>MessageProducer.getDeliveryMode()</code></a>, <a href="../../javax/jms/MessageProducer.html#getTimeToLive()"><code>MessageProducer.getTimeToLive()</code></a>, <a href="../../javax/jms/MessageProducer.html#getPriority()"><code>MessageProducer.getPriority()</code></a>   </dd>   </dl></li></ul> <a end_ctx_id="method:publish(javax.jms.Topic, javax.jms.Message)"/>  </td></tr></table></td></tr></table><table border="0" cellpadding="1" cellspacing="0" width="100%"><tr><td><h3 class="ctxid">method:publish(javax.jms.Topic, javax.jms.Message, int, int, long) [NONE]</h3></td></tr><tr><td><table border="0" cellpadding="5" cellspacing="1" bgcolor="black" width="100%"><tr valign="top"><td bgcolor="#FFFFFF" colspan="1"> <a start_ctx_id="method:publish(javax.jms.Topic, javax.jms.Message, int, int, long)"/><a name="publish(javax.jms.Topic, javax.jms.Message, int, int, long)"/><ul class="blockListLast"><li class="blockList"><h4>publish</h4><pre>void publish(<a href="../../javax/jms/Topic.html" title="interface in javax.jms">Topic</a> topic,
           <a href="../../javax/jms/Message.html" title="interface in javax.jms">Message</a> message,
           int deliveryMode,
           int priority,
           long timeToLive)
             throws <a href="../../javax/jms/JMSException.html" title="class in javax.jms">JMSException</a></pre><div class="block">Publishes a message to a topic for an unidentified message producer, specifying delivery mode, priority and time to live.<p>Typically, a message producer is assigned a topic at creation time; however, the JMS API also supports unidentified message producers, which require that the topic be supplied every time a message is published.                                </p>                  </div><dl> <dt> <span class="strong">Parameters:</span>   </dt><dd> <code>topic</code> - the topic to publish this message to         </dd><dd> <code>message</code> - the message to publish      </dd><dd> <code>deliveryMode</code> - the delivery mode to use       </dd><dd> <code>priority</code> - the priority for this message       </dd><dd> <code>timeToLive</code> - the message's lifetime (in milliseconds)       </dd> <dt> <span class="strong">Throws:</span>   </dt><dd> <code><a href="../../javax/jms/JMSException.html" title="class in javax.jms">JMSException</a></code> - if the JMS provider fails to publish the message due to some internal error.                </dd><dd> <code><a href="../../javax/jms/MessageFormatException.html" title="class in javax.jms">MessageFormatException</a></code> - if an invalid message is specified.        </dd><dd> <code><a href="../../javax/jms/InvalidDestinationException.html" title="class in javax.jms">InvalidDestinationException</a></code> - if a client uses this method with an invalid topic.            </dd>  </dl></li></ul> <a end_ctx_id="method:publish(javax.jms.Topic, javax.jms.Message, int, int, long)"/>  </td></tr></table></td></tr></table></diff></diffreport>