<?xml version="1.0" encoding="UTF-8"?><diffreport><diff><table border="0" cellpadding="1" cellspacing="0" width="100%"><tr><td><h3 class="ctxid">class:TopicSession [NONE]</h3></td></tr><tr><td><table border="0" cellpadding="5" cellspacing="1" bgcolor="black" width="100%"><tr valign="top"><td bgcolor="#FFFFFF" colspan="1"><div class="description"> <a start_ctx_id="class:TopicSession"/><ul class="blockList"><li class="blockList"><dl> <dt>All Superinterfaces: </dt><dd> <a href="http://download.oracle.com/javase/6/docs/api/java/lang/Runnable.html?is-external=true" title="class or interface in java.lang">Runnable</a>, <a href="../../javax/jms/Session.html" title="interface in javax.jms">Session</a>  </dd> </dl> <hr/> <br/><pre>public interface <span class="strong">TopicSession</span>
extends <a href="../../javax/jms/Session.html" title="interface in javax.jms">Session</a></pre><div class="block">A <code>TopicSession</code> object provides methods for creating <code>TopicPublisher</code>, <code>TopicSubscriber</code>, and <code>TemporaryTopic</code> objects. It also provides a method for deleting its client's durable subscribers.<p>A <code>TopicSession</code> is used for creating Pub/Sub specific objects. In general, use the <code>Session</code> object, and use <code>TopicSession</code> only to support existing code. Using the <code>Session</code> object simplifies the programming model, and allows transactions to be used across the two messaging domains.                                         </p><p>A <code>TopicSession</code> cannot be used to create objects specific to the point-to-point domain. The following methods inherit from <code>Session</code>, but must throw an <code>IllegalStateException</code> if used from <code>TopicSession</code>:<ul><li> <code>createBrowser</code> </li><li> <code>createQueue</code> </li><li> <code>createTemporaryQueue</code> </li></ul>                           </p>                      </div><dl> <dt> <span class="strong">Version:</span>   </dt><dd>1.1 - April 9, 2002    </dd> <dt> <span class="strong">Author:</span>   </dt><dd>Mark Hapner, Rich Burridge, Kate Stout     </dd> <dt> <span class="strong">See Also: </span>   </dt><dd> <a href="../../javax/jms/Session.html" title="interface in javax.jms"><code>Session</code></a>, <a href="../../javax/jms/Connection.html#createSession(boolean, int)"><code>Connection.createSession(boolean, int) </code></a>, <a href="../../javax/jms/TopicConnection.html#createTopicSession(boolean, int)"><code>TopicConnection.createTopicSession(boolean, int) </code></a>, <a href="../../javax/jms/XATopicSession.html#getTopicSession()"><code>XATopicSession.getTopicSession()</code></a>    </dd>   </dl>  </li></ul> </div> <a end_ctx_id="class:TopicSession"/> </td></tr></table></td></tr></table><table border="0" cellpadding="1" cellspacing="0" width="100%"><tr><td><h3 class="ctxid">method:createTopic(java.lang.String) [NONE]</h3></td></tr><tr><td><table border="0" cellpadding="5" cellspacing="1" bgcolor="black" width="100%"><tr valign="top"><td bgcolor="#FFFFFF" colspan="1"> <a start_ctx_id="method:createTopic(java.lang.String)"/><a name="createTopic(java.lang.String)"/><ul class="blockList"><li class="blockList"><h4>createTopic</h4><pre><a href="../../javax/jms/Topic.html" title="interface in javax.jms">Topic</a> createTopic(<a href="http://download.oracle.com/javase/6/docs/api/java/lang/String.html?is-external=true" title="class or interface in java.lang">String</a> topicName)
                  throws <a href="../../javax/jms/JMSException.html" title="class in javax.jms">JMSException</a></pre><div class="block">Creates a topic identity given a <code>Topic</code> name.<p>This facility is provided for the rare cases where clients need to dynamically manipulate topic identity. This allows the creation of a topic identity with a provider-specific name. Clients that depend on this ability are not portable.                                    </p><p>Note that this method is not for creating the physical topic. The physical creation of topics is an administrative task and is not to be initiated by the JMS API. The one exception is the creation of temporary topics, which is accomplished with the <code>createTemporaryTopic</code> method.                                             </p>       </div><dl> <dt> <strong>Specified by: </strong>   </dt><dd> <code><a href="../../javax/jms/Session.html#createTopic(java.lang.String)">createTopic</a></code> in interface <code><a href="../../javax/jms/Session.html" title="interface in javax.jms">Session</a></code>  </dd> <dt> <span class="strong">Parameters:</span>   </dt><dd> <code>topicName</code> - the name of this <code>Topic</code>       </dd> <dt> <span class="strong">Returns:</span>   </dt><dd>a <code>Topic</code> with the given name     </dd> <dt> <span class="strong">Throws:</span>   </dt><dd> <code><a href="../../javax/jms/JMSException.html" title="class in javax.jms">JMSException</a></code> - if the session fails to create a topic due to some internal error.               </dd>    </dl></li></ul> <a end_ctx_id="method:createTopic(java.lang.String)"/>  </td></tr></table></td></tr></table><table border="0" cellpadding="1" cellspacing="0" width="100%"><tr><td><h3 class="ctxid">method:createSubscriber(javax.jms.Topic) [NONE]</h3></td></tr><tr><td><table border="0" cellpadding="5" cellspacing="1" bgcolor="black" width="100%"><tr valign="top"><td bgcolor="#FFFFFF" colspan="1"> <a start_ctx_id="method:createSubscriber(javax.jms.Topic)"/><a name="createSubscriber(javax.jms.Topic)"/><ul class="blockList"><li class="blockList"><h4>createSubscriber</h4><pre><a href="../../javax/jms/TopicSubscriber.html" title="interface in javax.jms">TopicSubscriber</a> createSubscriber(<a href="../../javax/jms/Topic.html" title="interface in javax.jms">Topic</a> topic)
                                 throws <a href="../../javax/jms/JMSException.html" title="class in javax.jms">JMSException</a></pre><div class="block">Creates a nondurable subscriber to the specified topic.<p>A client uses a <code>TopicSubscriber</code> object to receive messages that have been published to a topic.               </p><p>Regular <code>TopicSubscriber</code> objects are not durable. They receive only messages that are published while they are active.                </p><p>In some cases, a connection may both publish and subscribe to a topic. The subscriber <code>NoLocal</code> attribute allows a subscriber to inhibit the delivery of messages published by its own connection. The default value for this attribute is false.                                      </p>       </div><dl> <dt> <span class="strong">Parameters:</span>   </dt><dd> <code>topic</code> - the <code>Topic</code> to subscribe to       </dd> <dt> <span class="strong">Throws:</span>   </dt><dd> <code><a href="../../javax/jms/JMSException.html" title="class in javax.jms">JMSException</a></code> - if the session fails to create a subscriber due to some internal error.               </dd><dd> <code><a href="../../javax/jms/InvalidDestinationException.html" title="class in javax.jms">InvalidDestinationException</a></code> - if an invalid topic is specified.        </dd>  </dl></li></ul> <a end_ctx_id="method:createSubscriber(javax.jms.Topic)"/>  </td></tr></table></td></tr></table><table border="0" cellpadding="1" cellspacing="0" width="100%"><tr><td><h3 class="ctxid">method:createSubscriber(javax.jms.Topic, java.lang.String, boolean) [NONE]</h3></td></tr><tr><td><table border="0" cellpadding="5" cellspacing="1" bgcolor="black" width="100%"><tr valign="top"><td bgcolor="#FFFFFF" colspan="1"> <a start_ctx_id="method:createSubscriber(javax.jms.Topic, java.lang.String, boolean)"/><a name="createSubscriber(javax.jms.Topic, java.lang.String, boolean)"/><ul class="blockList"><li class="blockList"><h4>createSubscriber</h4><pre><a href="../../javax/jms/TopicSubscriber.html" title="interface in javax.jms">TopicSubscriber</a> createSubscriber(<a href="../../javax/jms/Topic.html" title="interface in javax.jms">Topic</a> topic,
                               <a href="http://download.oracle.com/javase/6/docs/api/java/lang/String.html?is-external=true" title="class or interface in java.lang">String</a> messageSelector,
                               boolean noLocal)
                                 throws <a href="../../javax/jms/JMSException.html" title="class in javax.jms">JMSException</a></pre><div class="block">Creates a nondurable subscriber to the specified topic, using a message selector or specifying whether messages published by its own connection should be delivered to it.<p>A client uses a <code>TopicSubscriber</code> object to receive messages that have been published to a topic.               </p><p>Regular <code>TopicSubscriber</code> objects are not durable. They receive only messages that are published while they are active.                </p><p>Messages filtered out by a subscriber's message selector will never be delivered to the subscriber. From the subscriber's perspective, they do not exist.                      </p><p>In some cases, a connection may both publish and subscribe to a topic. The subscriber <code>NoLocal</code> attribute allows a subscriber to inhibit the delivery of messages published by its own connection. The default value for this attribute is false.                                      </p>                         </div><dl> <dt> <span class="strong">Parameters:</span>   </dt><dd> <code>topic</code> - the <code>Topic</code> to subscribe to       </dd><dd> <code>messageSelector</code> - only messages with properties matching the message selector expression are delivered. A value of null or an empty string indicates that there is no message selector for the message consumer.                                </dd><dd> <code>noLocal</code> - if set, inhibits the delivery of messages published by its own connection              </dd> <dt> <span class="strong">Throws:</span>   </dt><dd> <code><a href="../../javax/jms/JMSException.html" title="class in javax.jms">JMSException</a></code> - if the session fails to create a subscriber due to some internal error.               </dd><dd> <code><a href="../../javax/jms/InvalidDestinationException.html" title="class in javax.jms">InvalidDestinationException</a></code> - if an invalid topic is specified.        </dd><dd> <code><a href="../../javax/jms/InvalidSelectorException.html" title="class in javax.jms">InvalidSelectorException</a></code> - if the message selector is invalid.        </dd>  </dl></li></ul> <a end_ctx_id="method:createSubscriber(javax.jms.Topic, java.lang.String, boolean)"/>  </td></tr></table></td></tr></table><table border="0" cellpadding="1" cellspacing="0" width="100%"><tr><td><h3 class="ctxid">method:createDurableSubscriber(javax.jms.Topic, java.lang.String) [NONE]</h3></td></tr><tr><td><table border="0" cellpadding="5" cellspacing="1" bgcolor="black" width="100%"><tr valign="top"><td bgcolor="#FFFFFF" colspan="1"> <a start_ctx_id="method:createDurableSubscriber(javax.jms.Topic, java.lang.String)"/><a name="createDurableSubscriber(javax.jms.Topic, java.lang.String)"/><ul class="blockList"><li class="blockList"><h4>createDurableSubscriber</h4><pre><a href="../../javax/jms/TopicSubscriber.html" title="interface in javax.jms">TopicSubscriber</a> createDurableSubscriber(<a href="../../javax/jms/Topic.html" title="interface in javax.jms">Topic</a> topic,
                                      <a href="http://download.oracle.com/javase/6/docs/api/java/lang/String.html?is-external=true" title="class or interface in java.lang">String</a> name)
                                        throws <a href="../../javax/jms/JMSException.html" title="class in javax.jms">JMSException</a></pre><div class="block">Creates a durable subscriber to the specified topic.<p>If a client needs to receive all the messages published on a topic, including the ones published while the subscriber is inactive, it uses a durable <code>TopicSubscriber</code>. The JMS provider retains a record of this durable subscription and insures that all messages from the topic's publishers are retained until they are acknowledged by this durable subscriber or they have expired.                                                           </p><p>Sessions with durable subscribers must always provide the same client identifier. In addition, each client must specify a name that uniquely identifies (within client identifier) each durable subscription it creates. Only one session at a time can have a <code>TopicSubscriber</code> for a particular durable subscription.                                            </p><p>A client can change an existing durable subscription by creating a durable <code>TopicSubscriber</code> with the same name and a new topic and/or message selector. Changing a durable subscriber is equivalent to unsubscribing (deleting) the old one and creating a new one.                                        </p><p>In some cases, a connection may both publish and subscribe to a topic. The subscriber <code>NoLocal</code> attribute allows a subscriber to inhibit the delivery of messages published by its own connection. The default value for this attribute is false.                                      </p>       </div><dl> <dt> <strong>Specified by: </strong>   </dt><dd> <code><a href="../../javax/jms/Session.html#createDurableSubscriber(javax.jms.Topic, java.lang.String)">createDurableSubscriber</a></code> in interface <code><a href="../../javax/jms/Session.html" title="interface in javax.jms">Session</a></code>  </dd> <dt> <span class="strong">Parameters:</span>   </dt><dd> <code>topic</code> - the non-temporary <code>Topic</code> to subscribe to        </dd><dd> <code>name</code> - the name used to identify this subscription         </dd> <dt> <span class="strong">Throws:</span>   </dt><dd> <code><a href="../../javax/jms/JMSException.html" title="class in javax.jms">JMSException</a></code> - if the session fails to create a subscriber due to some internal error.               </dd><dd> <code><a href="../../javax/jms/InvalidDestinationException.html" title="class in javax.jms">InvalidDestinationException</a></code> - if an invalid topic is specified.        </dd>   </dl></li></ul> <a end_ctx_id="method:createDurableSubscriber(javax.jms.Topic, java.lang.String)"/>  </td></tr></table></td></tr></table><table border="0" cellpadding="1" cellspacing="0" width="100%"><tr><td><h3 class="ctxid">method:createDurableSubscriber(javax.jms.Topic, java.lang.String, java.lang.String, boolean) [NONE]</h3></td></tr><tr><td><table border="0" cellpadding="5" cellspacing="1" bgcolor="black" width="100%"><tr valign="top"><td bgcolor="#FFFFFF" colspan="1"> <a start_ctx_id="method:createDurableSubscriber(javax.jms.Topic, java.lang.String, java.lang.String, boolean)"/><a name="createDurableSubscriber(javax.jms.Topic, java.lang.String, java.lang.String, boolean)"/><ul class="blockList"><li class="blockList"><h4>createDurableSubscriber</h4><pre><a href="../../javax/jms/TopicSubscriber.html" title="interface in javax.jms">TopicSubscriber</a> createDurableSubscriber(<a href="../../javax/jms/Topic.html" title="interface in javax.jms">Topic</a> topic,
                                      <a href="http://download.oracle.com/javase/6/docs/api/java/lang/String.html?is-external=true" title="class or interface in java.lang">String</a> name,
                                      <a href="http://download.oracle.com/javase/6/docs/api/java/lang/String.html?is-external=true" title="class or interface in java.lang">String</a> messageSelector,
                                      boolean noLocal)
                                        throws <a href="../../javax/jms/JMSException.html" title="class in javax.jms">JMSException</a></pre><div class="block">Creates a durable subscriber to the specified topic, using a message selector or specifying whether messages published by its own connection should be delivered to it.<p>If a client needs to receive all the messages published on a topic, including the ones published while the subscriber is inactive, it uses a durable <code>TopicSubscriber</code>. The JMS provider retains a record of this durable subscription and insures that all messages from the topic's publishers are retained until they are acknowledged by this durable subscriber or they have expired.                                                           </p><p>Sessions with durable subscribers must always provide the same client identifier. In addition, each client must specify a name which uniquely identifies (within client identifier) each durable subscription it creates. Only one session at a time can have a <code>TopicSubscriber</code> for a particular durable subscription. An inactive durable subscriber is one that exists but does not currently have a message consumer associated with it.                                                               </p><p>A client can change an existing durable subscription by creating a durable <code>TopicSubscriber</code> with the same name and a new topic and/or message selector. Changing a durable subscriber is equivalent to unsubscribing (deleting) the old one and creating a new one.                                        </p>                         </div><dl> <dt> <strong>Specified by: </strong>   </dt><dd> <code><a href="../../javax/jms/Session.html#createDurableSubscriber(javax.jms.Topic, java.lang.String, java.lang.String, boolean)">createDurableSubscriber</a></code> in interface <code><a href="../../javax/jms/Session.html" title="interface in javax.jms">Session</a></code>  </dd> <dt> <span class="strong">Parameters:</span>   </dt><dd> <code>topic</code> - the non-temporary <code>Topic</code> to subscribe to        </dd><dd> <code>name</code> - the name used to identify this subscription         </dd><dd> <code>messageSelector</code> - only messages with properties matching the message selector expression are delivered. A value of null or an empty string indicates that there is no message selector for the message consumer.                                </dd><dd> <code>noLocal</code> - if set, inhibits the delivery of messages published by its own connection              </dd> <dt> <span class="strong">Throws:</span>   </dt><dd> <code><a href="../../javax/jms/JMSException.html" title="class in javax.jms">JMSException</a></code> - if the session fails to create a subscriber due to some internal error.               </dd><dd> <code><a href="../../javax/jms/InvalidDestinationException.html" title="class in javax.jms">InvalidDestinationException</a></code> - if an invalid topic is specified.        </dd><dd> <code><a href="../../javax/jms/InvalidSelectorException.html" title="class in javax.jms">InvalidSelectorException</a></code> - if the message selector is invalid.        </dd>   </dl></li></ul> <a end_ctx_id="method:createDurableSubscriber(javax.jms.Topic, java.lang.String, java.lang.String, boolean)"/>  </td></tr></table></td></tr></table><table border="0" cellpadding="1" cellspacing="0" width="100%"><tr><td><h3 class="ctxid">method:createPublisher(javax.jms.Topic) [NONE]</h3></td></tr><tr><td><table border="0" cellpadding="5" cellspacing="1" bgcolor="black" width="100%"><tr valign="top"><td bgcolor="#FFFFFF" colspan="1"> <a start_ctx_id="method:createPublisher(javax.jms.Topic)"/><a name="createPublisher(javax.jms.Topic)"/><ul class="blockList"><li class="blockList"><h4>createPublisher</h4><pre><a href="../../javax/jms/TopicPublisher.html" title="interface in javax.jms">TopicPublisher</a> createPublisher(<a href="../../javax/jms/Topic.html" title="interface in javax.jms">Topic</a> topic)
                               throws <a href="../../javax/jms/JMSException.html" title="class in javax.jms">JMSException</a></pre><div class="block">Creates a publisher for the specified topic.<p>A client uses a <code>TopicPublisher</code> object to publish messages on a topic. Each time a client creates a <code>TopicPublisher</code> on a topic, it defines a new sequence of messages that have no ordering relationship with the messages it has previously sent.                                        </p>      </div><dl> <dt> <span class="strong">Parameters:</span>   </dt><dd> <code>topic</code> - the <code>Topic</code> to publish to, or null if this is an unidentified producer               </dd> <dt> <span class="strong">Throws:</span>   </dt><dd> <code><a href="../../javax/jms/JMSException.html" title="class in javax.jms">JMSException</a></code> - if the session fails to create a publisher due to some internal error.               </dd><dd> <code><a href="../../javax/jms/InvalidDestinationException.html" title="class in javax.jms">InvalidDestinationException</a></code> - if an invalid topic is specified.        </dd>  </dl></li></ul> <a end_ctx_id="method:createPublisher(javax.jms.Topic)"/>  </td></tr></table></td></tr></table><table border="0" cellpadding="1" cellspacing="0" width="100%"><tr><td><h3 class="ctxid">method:createTemporaryTopic() [NONE]</h3></td></tr><tr><td><table border="0" cellpadding="5" cellspacing="1" bgcolor="black" width="100%"><tr valign="top"><td bgcolor="#FFFFFF" colspan="1"> <a start_ctx_id="method:createTemporaryTopic()"/><a name="createTemporaryTopic()"/><ul class="blockList"><li class="blockList"><h4>createTemporaryTopic</h4><pre><a href="../../javax/jms/TemporaryTopic.html" title="interface in javax.jms">TemporaryTopic</a> createTemporaryTopic()
                                    throws <a href="../../javax/jms/JMSException.html" title="class in javax.jms">JMSException</a></pre><div class="block">Creates a <code>TemporaryTopic</code> object. Its lifetime will be that of the <code>TopicConnection</code> unless it is deleted earlier.                </div><dl> <dt> <strong>Specified by: </strong>   </dt><dd> <code><a href="../../javax/jms/Session.html#createTemporaryTopic()">createTemporaryTopic</a></code> in interface <code><a href="../../javax/jms/Session.html" title="interface in javax.jms">Session</a></code>  </dd> <dt> <span class="strong">Returns:</span>   </dt><dd>a temporary topic identity   </dd> <dt> <span class="strong">Throws:</span>   </dt><dd> <code><a href="../../javax/jms/JMSException.html" title="class in javax.jms">JMSException</a></code> - if the session fails to create a temporary topic due to some internal error.                </dd>   </dl></li></ul> <a end_ctx_id="method:createTemporaryTopic()"/>  </td></tr></table></td></tr></table><table border="0" cellpadding="1" cellspacing="0" width="100%"><tr><td><h3 class="ctxid">method:unsubscribe(java.lang.String) [NONE]</h3></td></tr><tr><td><table border="0" cellpadding="5" cellspacing="1" bgcolor="black" width="100%"><tr valign="top"><td bgcolor="#FFFFFF" colspan="1"> <a start_ctx_id="method:unsubscribe(java.lang.String)"/><a name="unsubscribe(java.lang.String)"/><ul class="blockListLast"><li class="blockList"><h4>unsubscribe</h4><pre>void unsubscribe(<a href="http://download.oracle.com/javase/6/docs/api/java/lang/String.html?is-external=true" title="class or interface in java.lang">String</a> name)
                 throws <a href="../../javax/jms/JMSException.html" title="class in javax.jms">JMSException</a></pre><div class="block">Unsubscribes a durable subscription that has been created by a client.<p>This method deletes the state being maintained on behalf of the subscriber by its provider.              </p><p>It is erroneous for a client to delete a durable subscription while there is an active <code>TopicSubscriber</code> for the subscription, or while a consumed message is part of a pending transaction or has not been acknowledged in the session.                                      </p>          </div><dl> <dt> <strong>Specified by: </strong>   </dt><dd> <code><a href="../../javax/jms/Session.html#unsubscribe(java.lang.String)">unsubscribe</a></code> in interface <code><a href="../../javax/jms/Session.html" title="interface in javax.jms">Session</a></code>  </dd> <dt> <span class="strong">Parameters:</span>   </dt><dd> <code>name</code> - the name used to identify this subscription         </dd> <dt> <span class="strong">Throws:</span>   </dt><dd> <code><a href="../../javax/jms/JMSException.html" title="class in javax.jms">JMSException</a></code> - if the session fails to unsubscribe to the durable subscription due to some internal error.                 </dd><dd> <code><a href="../../javax/jms/InvalidDestinationException.html" title="class in javax.jms">InvalidDestinationException</a></code> - if an invalid subscription name is specified.         </dd>   </dl></li></ul> <a end_ctx_id="method:unsubscribe(java.lang.String)"/>  </td></tr></table></td></tr></table></diff></diffreport>