<?xml version="1.0" encoding="UTF-8"?><diffreport><diff><table border="0" cellpadding="1" cellspacing="0" width="100%"><tr><td><h3 class="ctxid">class:TopicConnectionFactory [NONE]</h3></td></tr><tr><td><table border="0" cellpadding="5" cellspacing="1" bgcolor="black" width="100%"><tr valign="top"><td bgcolor="#FFFFFF" colspan="1"><div class="description"> <a start_ctx_id="class:TopicConnectionFactory"/><ul class="blockList"><li class="blockList"><dl> <dt>All Superinterfaces: </dt><dd> <a href="../../javax/jms/ConnectionFactory.html" title="interface in javax.jms">ConnectionFactory</a> </dd> </dl><dl> <dt>All Known Subinterfaces:  </dt><dd> <a href="../../javax/jms/XATopicConnectionFactory.html" title="interface in javax.jms">XATopicConnectionFactory</a> </dd> </dl> <hr/> <br/><pre>public interface <span class="strong">TopicConnectionFactory</span>
extends <a href="../../javax/jms/ConnectionFactory.html" title="interface in javax.jms">ConnectionFactory</a></pre><div class="block">A client uses a <code>TopicConnectionFactory</code> object to create <code>TopicConnection</code> objects with a publish/subscribe JMS provider.<p>A<code> TopicConnectionFactory </code> can be used to create a <code>TopicConnection</code>, from which specialized topic-related objects can be created. A more general, and recommended approach is to use the <code>ConnectionFactory</code> object.                           </p><p> The <code>TopicConnectionFactory</code> object should be used to support existing code.          </p>              </div><dl> <dt> <span class="strong">Version:</span>   </dt><dd>1.1 - February 2, 2002    </dd> <dt> <span class="strong">Author:</span>   </dt><dd>Mark Hapner, Rich Burridge, Kate Stout     </dd> <dt> <span class="strong">See Also: </span>   </dt><dd> <a href="../../javax/jms/ConnectionFactory.html" title="interface in javax.jms"><code>ConnectionFactory</code></a> </dd>   </dl>  </li></ul> </div> <a end_ctx_id="class:TopicConnectionFactory"/> </td></tr></table></td></tr></table><table border="0" cellpadding="1" cellspacing="0" width="100%"><tr><td><h3 class="ctxid">method:createTopicConnection() [NONE]</h3></td></tr><tr><td><table border="0" cellpadding="5" cellspacing="1" bgcolor="black" width="100%"><tr valign="top"><td bgcolor="#FFFFFF" colspan="1"> <a start_ctx_id="method:createTopicConnection()"/><a name="createTopicConnection()"/><ul class="blockList"><li class="blockList"><h4>createTopicConnection</h4><pre><a href="../../javax/jms/TopicConnection.html" title="interface in javax.jms">TopicConnection</a> createTopicConnection()
                                      throws <a href="../../javax/jms/JMSException.html" title="class in javax.jms">JMSException</a></pre><div class="block">Creates a topic connection with the default user identity. The connection is created in stopped mode. No messages will be delivered until the <code>Connection.start</code> method is explicitly called.                           </div><dl> <dt> <span class="strong">Returns:</span>   </dt><dd>a newly created topic connection    </dd> <dt> <span class="strong">Throws:</span>   </dt><dd> <code><a href="../../javax/jms/JMSException.html" title="class in javax.jms">JMSException</a></code> - if the JMS provider fails to create a topic connection due to some internal error.                 </dd><dd> <code><a href="../../javax/jms/JMSSecurityException.html" title="class in javax.jms">JMSSecurityException</a></code> - if client authentication fails due to an invalid user name or password.              </dd>  </dl></li></ul> <a end_ctx_id="method:createTopicConnection()"/>  </td></tr></table></td></tr></table><table border="0" cellpadding="1" cellspacing="0" width="100%"><tr><td><h3 class="ctxid">method:createTopicConnection(java.lang.String, java.lang.String) [NONE]</h3></td></tr><tr><td><table border="0" cellpadding="5" cellspacing="1" bgcolor="black" width="100%"><tr valign="top"><td bgcolor="#FFFFFF" colspan="1"> <a start_ctx_id="method:createTopicConnection(java.lang.String, java.lang.String)"/><a name="createTopicConnection(java.lang.String, java.lang.String)"/><ul class="blockListLast"><li class="blockList"><h4>createTopicConnection</h4><pre><a href="../../javax/jms/TopicConnection.html" title="interface in javax.jms">TopicConnection</a> createTopicConnection(<a href="http://download.oracle.com/javase/6/docs/api/java/lang/String.html?is-external=true" title="class or interface in java.lang">String</a> userName,
                                    <a href="http://download.oracle.com/javase/6/docs/api/java/lang/String.html?is-external=true" title="class or interface in java.lang">String</a> password)
                                      throws <a href="../../javax/jms/JMSException.html" title="class in javax.jms">JMSException</a></pre><div class="block">Creates a topic connection with the specified user identity. The connection is created in stopped mode. No messages will be delivered until the <code>Connection.start</code> method is explicitly called.                           </div><dl> <dt> <span class="strong">Parameters:</span>   </dt><dd> <code>userName</code> - the caller's user name      </dd><dd> <code>password</code> - the caller's password     </dd> <dt> <span class="strong">Returns:</span>   </dt><dd>a newly created topic connection    </dd> <dt> <span class="strong">Throws:</span>   </dt><dd> <code><a href="../../javax/jms/JMSException.html" title="class in javax.jms">JMSException</a></code> - if the JMS provider fails to create a topic connection due to some internal error.                 </dd><dd> <code><a href="../../javax/jms/JMSSecurityException.html" title="class in javax.jms">JMSSecurityException</a></code> - if client authentication fails due to an invalid user name or password.              </dd>   </dl></li></ul> <a end_ctx_id="method:createTopicConnection(java.lang.String, java.lang.String)"/>  </td></tr></table></td></tr></table></diff></diffreport>