<?xml version="1.0" encoding="UTF-8" standalone="yes"?><Document><name>javax\jms\TopicConnection.spec</name><Context><name>class:TopicConnection</name><mt>NONE</mt></Context><Context><name>method:createConnectionConsumer(javax.jms.Topic, java.lang.String, javax.jms.ServerSessionPool, int)</name><mt>NONE</mt></Context><Context><name>method:createDurableConnectionConsumer(javax.jms.Topic, java.lang.String, java.lang.String, javax.jms.ServerSessionPool, int)</name><mt>NONE</mt></Context><Context><name>method:createTopicSession(boolean, int)</name><mt>NONE</mt></Context><Stat><name>javax\jms\TopicConnection.spec</name><mt>NONE</mt><Group name="context"><Item name="ADDED" count="0"/><Item name="REMOVED" count="0"/><Item name="CHANGED" count="0"/><Item name="MODIFIED" count="0"/><Item name="TOTAL" count="4"/></Group><Group name="assertion"><Item name="ADDED" count="0"/><Item name="REMOVED" count="0"/><Item name="CHANGED" count="0"/><Item name="MODIFIED" count="0"/><Item name="TOTAL" count="0"/></Group></Stat></Document>