<?xml version="1.0" encoding="UTF-8"?><diffreport><diff><table border="0" cellpadding="1" cellspacing="0" width="100%"><tr><td><h3 class="ctxid">class:TopicRequestor [NONE]</h3></td></tr><tr><td><table border="0" cellpadding="5" cellspacing="1" bgcolor="black" width="100%"><tr valign="top"><td bgcolor="#FFFFFF" colspan="1"><div class="description"> <a start_ctx_id="class:TopicRequestor"/><ul class="blockList"><li class="blockList"> <hr/> <br/><pre>public class <span class="strong">TopicRequestor</span>
extends <a href="http://download.oracle.com/javase/6/docs/api/java/lang/Object.html?is-external=true" title="class or interface in java.lang">Object</a></pre><div class="block">The <code>TopicRequestor</code> helper class simplifies making service requests.<p>The <code>TopicRequestor</code> constructor is given a non-transacted <code>TopicSession</code> and a destination <code>Topic</code>. It creates a <code>TemporaryTopic</code> for the responses and provides a <code>request</code> method that sends the request message and waits for its reply.                                 </p><p>This is a basic request/reply abstraction that should be sufficient for most uses. JMS providers and clients are free to create more sophisticated versions.                       </p>       </div><dl> <dt> <span class="strong">Version:</span>   </dt><dd>1.0 - 8 July 1998    </dd> <dt> <span class="strong">Author:</span>   </dt><dd>Mark Hapner, Rich Burridge   </dd> <dt> <span class="strong">See Also: </span>   </dt><dd> <a href="../../javax/jms/QueueRequestor.html" title="class in javax.jms"><code>QueueRequestor</code></a> </dd>   </dl>  </li></ul> </div> <a end_ctx_id="class:TopicRequestor"/> </td></tr></table></td></tr></table><table border="0" cellpadding="1" cellspacing="0" width="100%"><tr><td><h3 class="ctxid">constructor:TopicRequestor(javax.jms.TopicSession, javax.jms.Topic) [NONE]</h3></td></tr><tr><td><table border="0" cellpadding="5" cellspacing="1" bgcolor="black" width="100%"><tr valign="top"><td bgcolor="#FFFFFF" colspan="1"> <a start_ctx_id="constructor:TopicRequestor(javax.jms.TopicSession, javax.jms.Topic)"/><a name="TopicRequestor(javax.jms.TopicSession, javax.jms.Topic)"/><ul class="blockListLast"><li class="blockList"><h4>TopicRequestor</h4><pre>public TopicRequestor(<a href="../../javax/jms/TopicSession.html" title="interface in javax.jms">TopicSession</a> session,
              <a href="../../javax/jms/Topic.html" title="interface in javax.jms">Topic</a> topic)
               throws <a href="../../javax/jms/JMSException.html" title="class in javax.jms">JMSException</a></pre><div class="block">Constructor for the <code>TopicRequestor</code> class.<p>This implementation assumes the session parameter to be non-transacted, with a delivery mode of either <code>AUTO_ACKNOWLEDGE</code> or <code>DUPS_OK_ACKNOWLEDGE</code>.                 </p>    </div><dl> <dt> <span class="strong">Parameters:</span>   </dt><dd> <code>session</code> - the <code>TopicSession</code> the topic belongs to        </dd><dd> <code>topic</code> - the topic to perform the request/reply call on          </dd> <dt> <span class="strong">Throws:</span>   </dt><dd> <code><a href="../../javax/jms/JMSException.html" title="class in javax.jms">JMSException</a></code> - if the JMS provider fails to create the <code>TopicRequestor</code> due to some internal error.                </dd><dd> <code><a href="../../javax/jms/InvalidDestinationException.html" title="class in javax.jms">InvalidDestinationException</a></code> - if an invalid topic is specified.        </dd>  </dl></li></ul> <a end_ctx_id="constructor:TopicRequestor(javax.jms.TopicSession, javax.jms.Topic)"/>  </td></tr></table></td></tr></table><table border="0" cellpadding="1" cellspacing="0" width="100%"><tr><td><h3 class="ctxid">method:request(javax.jms.Message) [NONE]</h3></td></tr><tr><td><table border="0" cellpadding="5" cellspacing="1" bgcolor="black" width="100%"><tr valign="top"><td bgcolor="#FFFFFF" colspan="1"> <a start_ctx_id="method:request(javax.jms.Message)"/><a name="request(javax.jms.Message)"/><ul class="blockList"><li class="blockList"><h4>request</h4><pre>public <a href="../../javax/jms/Message.html" title="interface in javax.jms">Message</a> request(<a href="../../javax/jms/Message.html" title="interface in javax.jms">Message</a> message)
                throws <a href="../../javax/jms/JMSException.html" title="class in javax.jms">JMSException</a></pre><div class="block">Sends a request and waits for a reply. The temporary topic is used for the <code>JMSReplyTo</code> destination; the first reply is returned, and any following replies are discarded.                           </div><dl> <dt> <span class="strong">Parameters:</span>   </dt><dd> <code>message</code> - the message to send      </dd> <dt> <span class="strong">Returns:</span>   </dt><dd>the reply message  </dd> <dt> <span class="strong">Throws:</span>   </dt><dd> <code><a href="../../javax/jms/JMSException.html" title="class in javax.jms">JMSException</a></code> - if the JMS provider fails to complete the request due to some internal error.                </dd>   </dl></li></ul> <a end_ctx_id="method:request(javax.jms.Message)"/>  </td></tr></table></td></tr></table><table border="0" cellpadding="1" cellspacing="0" width="100%"><tr><td><h3 class="ctxid">method:close() [NONE]</h3></td></tr><tr><td><table border="0" cellpadding="5" cellspacing="1" bgcolor="black" width="100%"><tr valign="top"><td bgcolor="#FFFFFF" colspan="1"> <a start_ctx_id="method:close()"/><a name="close()"/><ul class="blockListLast"><li class="blockList"><h4>close</h4><pre>public void close()
           throws <a href="../../javax/jms/JMSException.html" title="class in javax.jms">JMSException</a></pre><div class="block">Closes the <code>TopicRequestor</code> and its session.<p>Since a provider may allocate some resources on behalf of a <code>TopicRequestor</code> outside the Java virtual machine, clients should close them when they are not needed. Relying on garbage collection to eventually reclaim these resources may not be timely enough.                                       </p><p>Note that this method closes the <code>TopicSession</code> object passed to the <code>TopicRequestor</code> constructor.            </p>     </div><dl> <dt> <span class="strong">Throws:</span>   </dt><dd> <code><a href="../../javax/jms/JMSException.html" title="class in javax.jms">JMSException</a></code> - if the JMS provider fails to close the <code>TopicRequestor</code> due to some internal error.                </dd> </dl></li></ul> <a end_ctx_id="method:close()"/>  </td></tr></table></td></tr></table></diff></diffreport>