<?xml version="1.0" encoding="UTF-8"?><diffreport><diff><table border="0" cellpadding="1" cellspacing="0" width="100%"><tr><td><h3 class="ctxid">class:XAConnection [NONE]</h3></td></tr><tr><td><table border="0" cellpadding="5" cellspacing="1" bgcolor="black" width="100%"><tr valign="top"><td bgcolor="#FFFFFF" colspan="1"><div class="description"> <a start_ctx_id="class:XAConnection"/><ul class="blockList"><li class="blockList"><dl> <dt>All Superinterfaces: </dt><dd> <a href="../../javax/jms/Connection.html" title="interface in javax.jms">Connection</a> </dd> </dl><dl> <dt>All Known Subinterfaces:  </dt><dd> <a href="../../javax/jms/XAQueueConnection.html" title="interface in javax.jms">XAQueueConnection</a>, <a href="../../javax/jms/XATopicConnection.html" title="interface in javax.jms">XATopicConnection</a>  </dd> </dl> <hr/> <br/><pre>public interface <span class="strong">XAConnection</span>
extends <a href="../../javax/jms/Connection.html" title="interface in javax.jms">Connection</a></pre><div class="block">The <code>XAConnection</code> interface extends the capability of <code>Connection</code> by providing an <code>XASession</code> (optional).<p>The <code>XAConnection</code> interface is optional. JMS providers are not required to support this interface. This interface is for use by JMS providers to support transactional environments. Client programs are strongly encouraged to use the transactional support available in their environment, rather than use these XA interfaces directly.                                              </p>            </div><dl> <dt> <span class="strong">Version:</span>   </dt><dd>1.1 February 2, 2002   </dd> <dt> <span class="strong">Author:</span>   </dt><dd>Mark Hapner, Rich Burridge, Kate Stout     </dd> <dt> <span class="strong">See Also: </span>   </dt><dd> <a href="../../javax/jms/XAQueueConnection.html" title="interface in javax.jms"><code>XAQueueConnection</code></a>, <a href="../../javax/jms/XATopicConnection.html" title="interface in javax.jms"><code>XATopicConnection</code></a>  </dd>   </dl>  </li></ul> </div> <a end_ctx_id="class:XAConnection"/> </td></tr></table></td></tr></table><table border="0" cellpadding="1" cellspacing="0" width="100%"><tr><td><h3 class="ctxid">method:createXASession() [NONE]</h3></td></tr><tr><td><table border="0" cellpadding="5" cellspacing="1" bgcolor="black" width="100%"><tr valign="top"><td bgcolor="#FFFFFF" colspan="1"> <a start_ctx_id="method:createXASession()"/><a name="createXASession()"/><ul class="blockList"><li class="blockList"><h4>createXASession</h4><pre><a href="../../javax/jms/XASession.html" title="interface in javax.jms">XASession</a> createXASession()
                          throws <a href="../../javax/jms/JMSException.html" title="class in javax.jms">JMSException</a></pre><div class="block">Creates an <code>XASession</code> object.   </div><dl> <dt> <span class="strong">Returns:</span>   </dt><dd>a newly created <code>XASession</code>   </dd> <dt> <span class="strong">Throws:</span>   </dt><dd> <code><a href="../../javax/jms/JMSException.html" title="class in javax.jms">JMSException</a></code> - if the <code>XAConnection</code> object fails to create an <code>XASession</code> due to some internal error.                </dd> <dt> <span class="strong">Since:</span>   </dt><dd>1.1</dd>   </dl></li></ul> <a end_ctx_id="method:createXASession()"/>  </td></tr></table></td></tr></table><table border="0" cellpadding="1" cellspacing="0" width="100%"><tr><td><h3 class="ctxid">method:createSession(boolean, int) [NONE]</h3></td></tr><tr><td><table border="0" cellpadding="5" cellspacing="1" bgcolor="black" width="100%"><tr valign="top"><td bgcolor="#FFFFFF" colspan="1"> <a start_ctx_id="method:createSession(boolean, int)"/><a name="createSession(boolean, int)"/><ul class="blockListLast"><li class="blockList"><h4>createSession</h4><pre><a href="../../javax/jms/Session.html" title="interface in javax.jms">Session</a> createSession(boolean transacted,
                    int acknowledgeMode)
                      throws <a href="../../javax/jms/JMSException.html" title="class in javax.jms">JMSException</a></pre><div class="block">Creates an <code>Session</code> object.   </div><dl> <dt> <strong>Specified by: </strong>   </dt><dd> <code><a href="../../javax/jms/Connection.html#createSession(boolean, int)">createSession</a></code> in interface <code><a href="../../javax/jms/Connection.html" title="interface in javax.jms">Connection</a></code>  </dd> <dt> <span class="strong">Parameters:</span>   </dt><dd> <code>transacted</code> - usage undefined    </dd><dd> <code>acknowledgeMode</code> - usage undefined    </dd> <dt> <span class="strong">Returns:</span>   </dt><dd>a <code>Session</code> object  </dd> <dt> <span class="strong">Throws:</span>   </dt><dd> <code><a href="../../javax/jms/JMSException.html" title="class in javax.jms">JMSException</a></code> - if the <code>XAConnection</code> object fails to create an <code>Session</code> due to some internal error.                </dd> <dt> <span class="strong">Since:</span>   </dt><dd>1.1</dd> <dt> <span class="strong">See Also: </span>   </dt><dd> <a href="../../javax/jms/Session.html#AUTO_ACKNOWLEDGE"><code>Session.AUTO_ACKNOWLEDGE</code></a>, <a href="../../javax/jms/Session.html#CLIENT_ACKNOWLEDGE"><code>Session.CLIENT_ACKNOWLEDGE</code></a>, <a href="../../javax/jms/Session.html#DUPS_OK_ACKNOWLEDGE"><code>Session.DUPS_OK_ACKNOWLEDGE</code></a>   </dd>      </dl></li></ul> <a end_ctx_id="method:createSession(boolean, int)"/>  </td></tr></table></td></tr></table></diff></diffreport>