<?xml version="1.0" encoding="UTF-8" standalone="yes"?><Document><name>javax\jms\XAConnection.spec</name><Context><name>class:XAConnection</name><mt>NONE</mt></Context><Context><name>method:createSession(boolean, int)</name><mt>NONE</mt></Context><Context><name>method:createXASession()</name><mt>NONE</mt></Context><Stat><name>javax\jms\XAConnection.spec</name><mt>NONE</mt><Group name="context"><Item name="ADDED" count="0"/><Item name="REMOVED" count="0"/><Item name="CHANGED" count="0"/><Item name="MODIFIED" count="0"/><Item name="TOTAL" count="3"/></Group><Group name="assertion"><Item name="ADDED" count="0"/><Item name="REMOVED" count="0"/><Item name="CHANGED" count="0"/><Item name="MODIFIED" count="0"/><Item name="TOTAL" count="0"/></Group></Stat></Document>