<?xml version="1.0" encoding="UTF-8"?><diffreport><diff><table border="0" cellpadding="1" cellspacing="0" width="100%"><tr><td><h3 class="ctxid">class:XAConnectionFactory [NONE]</h3></td></tr><tr><td><table border="0" cellpadding="5" cellspacing="1" bgcolor="black" width="100%"><tr valign="top"><td bgcolor="#FFFFFF" colspan="1"><div class="description"> <a start_ctx_id="class:XAConnectionFactory"/><ul class="blockList"><li class="blockList"><dl> <dt>All Known Subinterfaces:  </dt><dd> <a href="../../javax/jms/XAQueueConnectionFactory.html" title="interface in javax.jms">XAQueueConnectionFactory</a>, <a href="../../javax/jms/XATopicConnectionFactory.html" title="interface in javax.jms">XATopicConnectionFactory</a>  </dd> </dl> <hr/> <br/><pre>public interface <span class="strong">XAConnectionFactory</span></pre><div class="block">The <code>XAConnectionFactory</code> interface is a base interface for the <code>XAQueueConnectionFactory</code> and <code>XATopicConnectionFactory</code> interfaces.<p>Some application servers provide support for grouping JTS capable resource use into a distributed transaction (optional). To include JMS API transactions in a JTS transaction, an application server requires a JTS aware JMS provider. A JMS provider exposes its JTS support using an <code>XAConnectionFactory</code> object, which an application server uses to create <code>XAConnection</code> objects.                                                     </p><p> <code>XAConnectionFactory</code> objects are JMS administered objects, just like <code>ConnectionFactory</code> objects. It is expected that application servers will find them using the Java Naming and Directory Interface (JNDI) API.                            </p><p>The <code>XAConnectionFactory</code> interface is optional. JMS providers are not required to support this interface. This interface is for use by JMS providers to support transactional environments. Client programs are strongly encouraged to use the transactional support available in their environment, rather than use these XA interfaces directly.                                              </p>            </div><dl> <dt> <span class="strong">Version:</span>   </dt><dd>1.1 April 4, 2002   </dd> <dt> <span class="strong">Author:</span>   </dt><dd>Mark Hapner, Rich Burridge, Kate Stout     </dd> <dt> <span class="strong">See Also: </span>   </dt><dd> <a href="../../javax/jms/XAQueueConnectionFactory.html" title="interface in javax.jms"><code>XAQueueConnectionFactory</code></a>, <a href="../../javax/jms/XATopicConnectionFactory.html" title="interface in javax.jms"><code>XATopicConnectionFactory</code></a>  </dd>   </dl>  </li></ul> </div> <a end_ctx_id="class:XAConnectionFactory"/> </td></tr></table></td></tr></table><table border="0" cellpadding="1" cellspacing="0" width="100%"><tr><td><h3 class="ctxid">method:createXAConnection() [NONE]</h3></td></tr><tr><td><table border="0" cellpadding="5" cellspacing="1" bgcolor="black" width="100%"><tr valign="top"><td bgcolor="#FFFFFF" colspan="1"> <a start_ctx_id="method:createXAConnection()"/><a name="createXAConnection()"/><ul class="blockList"><li class="blockList"><h4>createXAConnection</h4><pre><a href="../../javax/jms/XAConnection.html" title="interface in javax.jms">XAConnection</a> createXAConnection()
                                throws <a href="../../javax/jms/JMSException.html" title="class in javax.jms">JMSException</a></pre><div class="block">Creates an <code>XAConnection</code> with the default user identity. The connection is created in stopped mode. No messages will be delivered until the <code>Connection.start</code> method is explicitly called.                          </div><dl> <dt> <span class="strong">Returns:</span>   </dt><dd>a newly created <code>XAConnection</code>   </dd> <dt> <span class="strong">Throws:</span>   </dt><dd> <code><a href="../../javax/jms/JMSException.html" title="class in javax.jms">JMSException</a></code> - if the JMS provider fails to create an XA connection due to some internal error.                 </dd><dd> <code><a href="../../javax/jms/JMSSecurityException.html" title="class in javax.jms">JMSSecurityException</a></code> - if client authentication fails due to an invalid user name or password.              </dd> <dt> <span class="strong">Since:</span>   </dt><dd>1.1</dd>   </dl></li></ul> <a end_ctx_id="method:createXAConnection()"/>  </td></tr></table></td></tr></table><table border="0" cellpadding="1" cellspacing="0" width="100%"><tr><td><h3 class="ctxid">method:createXAConnection(java.lang.String, java.lang.String) [NONE]</h3></td></tr><tr><td><table border="0" cellpadding="5" cellspacing="1" bgcolor="black" width="100%"><tr valign="top"><td bgcolor="#FFFFFF" colspan="1"> <a start_ctx_id="method:createXAConnection(java.lang.String, java.lang.String)"/><a name="createXAConnection(java.lang.String, java.lang.String)"/><ul class="blockListLast"><li class="blockList"><h4>createXAConnection</h4><pre><a href="../../javax/jms/XAConnection.html" title="interface in javax.jms">XAConnection</a> createXAConnection(<a href="http://download.oracle.com/javase/6/docs/api/java/lang/String.html?is-external=true" title="class or interface in java.lang">String</a> userName,
                              <a href="http://download.oracle.com/javase/6/docs/api/java/lang/String.html?is-external=true" title="class or interface in java.lang">String</a> password)
                                throws <a href="../../javax/jms/JMSException.html" title="class in javax.jms">JMSException</a></pre><div class="block">Creates an XA connection with the specified user identity. The connection is created in stopped mode. No messages will be delivered until the <code>Connection.start</code> method is explicitly called.                           </div><dl> <dt> <span class="strong">Parameters:</span>   </dt><dd> <code>userName</code> - the caller's user name      </dd><dd> <code>password</code> - the caller's password     </dd> <dt> <span class="strong">Returns:</span>   </dt><dd>a newly created XA connection    </dd> <dt> <span class="strong">Throws:</span>   </dt><dd> <code><a href="../../javax/jms/JMSException.html" title="class in javax.jms">JMSException</a></code> - if the JMS provider fails to create an XA connection due to some internal error.                 </dd><dd> <code><a href="../../javax/jms/JMSSecurityException.html" title="class in javax.jms">JMSSecurityException</a></code> - if client authentication fails due to an invalid user name or password.              </dd> <dt> <span class="strong">Since:</span>   </dt><dd>1.1</dd>    </dl></li></ul> <a end_ctx_id="method:createXAConnection(java.lang.String, java.lang.String)"/>  </td></tr></table></td></tr></table></diff></diffreport>