<?xml version="1.0" encoding="UTF-8"?><diffreport><diff><table border="0" cellpadding="1" cellspacing="0" width="100%"><tr><td><h3 class="ctxid">class:XAQueueConnectionFactory [NONE]</h3></td></tr><tr><td><table border="0" cellpadding="5" cellspacing="1" bgcolor="black" width="100%"><tr valign="top"><td bgcolor="#FFFFFF" colspan="1"><div class="description"> <a start_ctx_id="class:XAQueueConnectionFactory"/><ul class="blockList"><li class="blockList"><dl> <dt>All Superinterfaces: </dt><dd> <a href="../../javax/jms/ConnectionFactory.html" title="interface in javax.jms">ConnectionFactory</a>, <a href="../../javax/jms/QueueConnectionFactory.html" title="interface in javax.jms">QueueConnectionFactory</a>, <a href="../../javax/jms/XAConnectionFactory.html" title="interface in javax.jms">XAConnectionFactory</a>   </dd> </dl> <hr/> <br/><pre>public interface <span class="strong">XAQueueConnectionFactory</span>
extends <a href="../../javax/jms/XAConnectionFactory.html" title="interface in javax.jms">XAConnectionFactory</a>, <a href="../../javax/jms/QueueConnectionFactory.html" title="interface in javax.jms">QueueConnectionFactory</a></pre><div class="block">An <code>XAQueueConnectionFactory</code> provides the same create options as a <code>QueueConnectionFactory</code> (optional).<p>The <code>XATopicConnectionFactory</code> interface is optional. JMS providers are not required to support this interface. This interface is for use by JMS providers to support transactional environments. Client programs are strongly encouraged to use the transactional support available in their environment, rather than use these XA interfaces directly.                                              </p>          </div><dl> <dt> <span class="strong">Version:</span>   </dt><dd>1.1 - 8 April 2002    </dd> <dt> <span class="strong">Author:</span>   </dt><dd>Mark Hapner, Rich Burridge, Kate Stout     </dd> <dt> <span class="strong">See Also: </span>   </dt><dd> <a href="../../javax/jms/QueueConnectionFactory.html" title="interface in javax.jms"><code>QueueConnectionFactory</code></a>, <a href="../../javax/jms/XAConnectionFactory.html" title="interface in javax.jms"><code>XAConnectionFactory</code></a>  </dd>   </dl>  </li></ul> </div> <a end_ctx_id="class:XAQueueConnectionFactory"/> </td></tr></table></td></tr></table><table border="0" cellpadding="1" cellspacing="0" width="100%"><tr><td><h3 class="ctxid">method:createXAQueueConnection() [NONE]</h3></td></tr><tr><td><table border="0" cellpadding="5" cellspacing="1" bgcolor="black" width="100%"><tr valign="top"><td bgcolor="#FFFFFF" colspan="1"> <a start_ctx_id="method:createXAQueueConnection()"/><a name="createXAQueueConnection()"/><ul class="blockList"><li class="blockList"><h4>createXAQueueConnection</h4><pre><a href="../../javax/jms/XAQueueConnection.html" title="interface in javax.jms">XAQueueConnection</a> createXAQueueConnection()
                                          throws <a href="../../javax/jms/JMSException.html" title="class in javax.jms">JMSException</a></pre><div class="block">Creates an XA queue connection with the default user identity. The connection is created in stopped mode. No messages will be delivered until the <code>Connection.start</code> method is explicitly called.                            </div><dl> <dt> <span class="strong">Returns:</span>   </dt><dd>a newly created XA queue connection     </dd> <dt> <span class="strong">Throws:</span>   </dt><dd> <code><a href="../../javax/jms/JMSException.html" title="class in javax.jms">JMSException</a></code> - if the JMS provider fails to create an XA queue connection due to some internal error.                  </dd><dd> <code><a href="../../javax/jms/JMSSecurityException.html" title="class in javax.jms">JMSSecurityException</a></code> - if client authentication fails due to an invalid user name or password.              </dd>  </dl></li></ul> <a end_ctx_id="method:createXAQueueConnection()"/>  </td></tr></table></td></tr></table><table border="0" cellpadding="1" cellspacing="0" width="100%"><tr><td><h3 class="ctxid">method:createXAQueueConnection(java.lang.String, java.lang.String) [NONE]</h3></td></tr><tr><td><table border="0" cellpadding="5" cellspacing="1" bgcolor="black" width="100%"><tr valign="top"><td bgcolor="#FFFFFF" colspan="1"> <a start_ctx_id="method:createXAQueueConnection(java.lang.String, java.lang.String)"/><a name="createXAQueueConnection(java.lang.String, java.lang.String)"/><ul class="blockListLast"><li class="blockList"><h4>createXAQueueConnection</h4><pre><a href="../../javax/jms/XAQueueConnection.html" title="interface in javax.jms">XAQueueConnection</a> createXAQueueConnection(<a href="http://download.oracle.com/javase/6/docs/api/java/lang/String.html?is-external=true" title="class or interface in java.lang">String</a> userName,
                                        <a href="http://download.oracle.com/javase/6/docs/api/java/lang/String.html?is-external=true" title="class or interface in java.lang">String</a> password)
                                          throws <a href="../../javax/jms/JMSException.html" title="class in javax.jms">JMSException</a></pre><div class="block">Creates an XA queue connection with the specified user identity. The connection is created in stopped mode. No messages will be delivered until the <code>Connection.start</code> method is explicitly called.                            </div><dl> <dt> <span class="strong">Parameters:</span>   </dt><dd> <code>userName</code> - the caller's user name      </dd><dd> <code>password</code> - the caller's password     </dd> <dt> <span class="strong">Returns:</span>   </dt><dd>a newly created XA queue connection     </dd> <dt> <span class="strong">Throws:</span>   </dt><dd> <code><a href="../../javax/jms/JMSException.html" title="class in javax.jms">JMSException</a></code> - if the JMS provider fails to create an XA queue connection due to some internal error.                  </dd><dd> <code><a href="../../javax/jms/JMSSecurityException.html" title="class in javax.jms">JMSSecurityException</a></code> - if client authentication fails due to an invalid user name or password.              </dd>   </dl></li></ul> <a end_ctx_id="method:createXAQueueConnection(java.lang.String, java.lang.String)"/>  </td></tr></table></td></tr></table></diff></diffreport>