<?xml version="1.0" encoding="UTF-8"?><diffreport><diff><table border="0" cellpadding="1" cellspacing="0" width="100%"><tr><td><h3 class="ctxid">class:XAQueueConnection [NONE]</h3></td></tr><tr><td><table border="0" cellpadding="5" cellspacing="1" bgcolor="black" width="100%"><tr valign="top"><td bgcolor="#FFFFFF" colspan="1"><div class="description"> <a start_ctx_id="class:XAQueueConnection"/><ul class="blockList"><li class="blockList"><dl> <dt>All Superinterfaces: </dt><dd> <a href="../../javax/jms/Connection.html" title="interface in javax.jms">Connection</a>, <a href="../../javax/jms/QueueConnection.html" title="interface in javax.jms">QueueConnection</a>, <a href="../../javax/jms/XAConnection.html" title="interface in javax.jms">XAConnection</a>   </dd> </dl> <hr/> <br/><pre>public interface <span class="strong">XAQueueConnection</span>
extends <a href="../../javax/jms/XAConnection.html" title="interface in javax.jms">XAConnection</a>, <a href="../../javax/jms/QueueConnection.html" title="interface in javax.jms">QueueConnection</a></pre><div class="block">An <code>XAQueueConnection</code> provides the same create options as <code>QueueConnection</code> (optional). The only difference is that an <code>XAConnection</code> is by definition transacted.<p>The <code>XAQueueConnection</code> interface is optional. JMS providers are not required to support this interface. This interface is for use by JMS providers to support transactional environments. Client programs are strongly encouraged to use the transactional support available in their environment, rather than use these XA interfaces directly.                                              </p>                    </div><dl> <dt> <span class="strong">Version:</span>   </dt><dd>1.1 February 2 - 2002    </dd> <dt> <span class="strong">Author:</span>   </dt><dd>Mark Hapner, Rich Burridge, Kate Stout     </dd> <dt> <span class="strong">See Also: </span>   </dt><dd> <a href="../../javax/jms/XAConnection.html" title="interface in javax.jms"><code>XAConnection</code></a> </dd>   </dl>  </li></ul> </div> <a end_ctx_id="class:XAQueueConnection"/> </td></tr></table></td></tr></table><table border="0" cellpadding="1" cellspacing="0" width="100%"><tr><td><h3 class="ctxid">method:createXAQueueSession() [NONE]</h3></td></tr><tr><td><table border="0" cellpadding="5" cellspacing="1" bgcolor="black" width="100%"><tr valign="top"><td bgcolor="#FFFFFF" colspan="1"> <a start_ctx_id="method:createXAQueueSession()"/><a name="createXAQueueSession()"/><ul class="blockList"><li class="blockList"><h4>createXAQueueSession</h4><pre><a href="../../javax/jms/XAQueueSession.html" title="interface in javax.jms">XAQueueSession</a> createXAQueueSession()
                                    throws <a href="../../javax/jms/JMSException.html" title="class in javax.jms">JMSException</a></pre><div class="block">Creates an <code>XAQueueSession</code> object.   </div><dl> <dt> <span class="strong">Returns:</span>   </dt><dd>a newly created <code>XAQueueSession</code>   </dd> <dt> <span class="strong">Throws:</span>   </dt><dd> <code><a href="../../javax/jms/JMSException.html" title="class in javax.jms">JMSException</a></code> - if the <code>XAQueueConnection</code> object fails to create an XA queue session due to some internal error.                  </dd>  </dl></li></ul> <a end_ctx_id="method:createXAQueueSession()"/>  </td></tr></table></td></tr></table><table border="0" cellpadding="1" cellspacing="0" width="100%"><tr><td><h3 class="ctxid">method:createQueueSession(boolean, int) [NONE]</h3></td></tr><tr><td><table border="0" cellpadding="5" cellspacing="1" bgcolor="black" width="100%"><tr valign="top"><td bgcolor="#FFFFFF" colspan="1"> <a start_ctx_id="method:createQueueSession(boolean, int)"/><a name="createQueueSession(boolean, int)"/><ul class="blockListLast"><li class="blockList"><h4>createQueueSession</h4><pre><a href="../../javax/jms/QueueSession.html" title="interface in javax.jms">QueueSession</a> createQueueSession(boolean transacted,
                              int acknowledgeMode)
                                throws <a href="../../javax/jms/JMSException.html" title="class in javax.jms">JMSException</a></pre><div class="block">Creates an <code>XAQueueSession</code> object.   </div><dl> <dt> <strong>Specified by: </strong>   </dt><dd> <code><a href="../../javax/jms/QueueConnection.html#createQueueSession(boolean, int)">createQueueSession</a></code> in interface <code><a href="../../javax/jms/QueueConnection.html" title="interface in javax.jms">QueueConnection</a></code>  </dd> <dt> <span class="strong">Parameters:</span>   </dt><dd> <code>transacted</code> - usage undefined    </dd><dd> <code>acknowledgeMode</code> - usage undefined    </dd> <dt> <span class="strong">Returns:</span>   </dt><dd>a newly created <code>XAQueueSession</code>   </dd> <dt> <span class="strong">Throws:</span>   </dt><dd> <code><a href="../../javax/jms/JMSException.html" title="class in javax.jms">JMSException</a></code> - if the <code>XAQueueConnection</code> object fails to create an XA queue session due to some internal error.                  </dd> <dt> <span class="strong">See Also: </span>   </dt><dd> <a href="../../javax/jms/Session.html#AUTO_ACKNOWLEDGE"><code>Session.AUTO_ACKNOWLEDGE</code></a>, <a href="../../javax/jms/Session.html#CLIENT_ACKNOWLEDGE"><code>Session.CLIENT_ACKNOWLEDGE</code></a>, <a href="../../javax/jms/Session.html#DUPS_OK_ACKNOWLEDGE"><code>Session.DUPS_OK_ACKNOWLEDGE</code></a>   </dd>     </dl></li></ul> <a end_ctx_id="method:createQueueSession(boolean, int)"/>  </td></tr></table></td></tr></table></diff></diffreport>