<?xml version="1.0" encoding="UTF-8"?><diffreport><diff><table border="0" cellpadding="1" cellspacing="0" width="100%"><tr><td><h3 class="ctxid">class:XASession [NONE]</h3></td></tr><tr><td><table border="0" cellpadding="5" cellspacing="1" bgcolor="black" width="100%"><tr valign="top"><td bgcolor="#FFFFFF" colspan="1"><div class="description"> <a start_ctx_id="class:XASession"/><ul class="blockList"><li class="blockList"><dl> <dt>All Superinterfaces: </dt><dd> <a href="http://download.oracle.com/javase/6/docs/api/java/lang/Runnable.html?is-external=true" title="class or interface in java.lang">Runnable</a>, <a href="../../javax/jms/Session.html" title="interface in javax.jms">Session</a>  </dd> </dl><dl> <dt>All Known Subinterfaces:  </dt><dd> <a href="../../javax/jms/XAQueueSession.html" title="interface in javax.jms">XAQueueSession</a>, <a href="../../javax/jms/XATopicSession.html" title="interface in javax.jms">XATopicSession</a>  </dd> </dl> <hr/> <br/><pre>public interface <span class="strong">XASession</span>
extends <a href="../../javax/jms/Session.html" title="interface in javax.jms">Session</a></pre><div class="block">The <code>XASession</code> interface extends the capability of <code>Session</code> by adding access to a JMS provider's support for the Java Transaction API (JTA) (optional). This support takes the form of a <code>javax.transaction.xa.XAResource</code> object. The functionality of this object closely resembles that defined by the standard X/Open XA Resource interface.<p>An application server controls the transactional assignment of an <code>XASession</code> by obtaining its <code>XAResource</code>. It uses the <code>XAResource</code> to assign the session to a transaction, prepare and commit work on the transaction, and so on.                                  </p><p>An <code>XAResource</code> provides some fairly sophisticated facilities for interleaving work on multiple transactions, recovering a list of transactions in progress, and so on. A JTA aware JMS provider must fully implement this functionality. This could be done by using the services of a database that supports XA, or a JMS provider may choose to implement this functionality from scratch.                                                          </p><p>A client of the application server is given what it thinks is a regular JMS <code>Session</code>. Behind the scenes, the application server controls the transaction management of the underlying <code>XASession</code>.                             </p><p>The <code>XASession</code> interface is optional. JMS providers are not required to support this interface. This interface is for use by JMS providers to support transactional environments. Client programs are strongly encouraged to use the transactional support available in their environment, rather than use these XA interfaces directly.                                              </p>                                               </div><dl> <dt> <span class="strong">Version:</span>   </dt><dd>1.1 February 2, 2002   </dd> <dt> <span class="strong">Author:</span>   </dt><dd>Mark Hapner, Rich Burridge, Kate Stout     </dd> <dt> <span class="strong">See Also: </span>   </dt><dd> <a href="../../javax/jms/Session.html" title="interface in javax.jms"><code>Session</code></a> </dd>   </dl>  </li></ul> </div> <a end_ctx_id="class:XASession"/> </td></tr></table></td></tr></table><table border="0" cellpadding="1" cellspacing="0" width="100%"><tr><td><h3 class="ctxid">method:getSession() [NONE]</h3></td></tr><tr><td><table border="0" cellpadding="5" cellspacing="1" bgcolor="black" width="100%"><tr valign="top"><td bgcolor="#FFFFFF" colspan="1"> <a start_ctx_id="method:getSession()"/><a name="getSession()"/><ul class="blockList"><li class="blockList"><h4>getSession</h4><pre><a href="../../javax/jms/Session.html" title="interface in javax.jms">Session</a> getSession()
                   throws <a href="../../javax/jms/JMSException.html" title="class in javax.jms">JMSException</a></pre><div class="block">Gets the session associated with this <code>XASession</code>.      </div><dl> <dt> <span class="strong">Returns:</span>   </dt><dd>the session object  </dd> <dt> <span class="strong">Throws:</span>   </dt><dd> <code><a href="../../javax/jms/JMSException.html" title="class in javax.jms">JMSException</a></code> - if an internal error occurs.       </dd> <dt> <span class="strong">Since:</span>   </dt><dd>1.1</dd>   </dl></li></ul> <a end_ctx_id="method:getSession()"/>  </td></tr></table></td></tr></table><table border="0" cellpadding="1" cellspacing="0" width="100%"><tr><td><h3 class="ctxid">method:getXAResource() [NONE]</h3></td></tr><tr><td><table border="0" cellpadding="5" cellspacing="1" bgcolor="black" width="100%"><tr valign="top"><td bgcolor="#FFFFFF" colspan="1"> <a start_ctx_id="method:getXAResource()"/><a name="getXAResource()"/><ul class="blockList"><li class="blockList"><h4>getXAResource</h4><pre><a href="http://download.oracle.com/javase/6/docs/api/javax/transaction/xa/XAResource.html?is-external=true" title="class or interface in javax.transaction.xa">XAResource</a> getXAResource()</pre><div class="block">Returns an XA resource to the caller.      </div><dl> <dt> <span class="strong">Returns:</span>   </dt><dd>an XA resource to the caller     </dd> </dl></li></ul> <a end_ctx_id="method:getXAResource()"/>  </td></tr></table></td></tr></table><table border="0" cellpadding="1" cellspacing="0" width="100%"><tr><td><h3 class="ctxid">method:getTransacted() [NONE]</h3></td></tr><tr><td><table border="0" cellpadding="5" cellspacing="1" bgcolor="black" width="100%"><tr valign="top"><td bgcolor="#FFFFFF" colspan="1"> <a start_ctx_id="method:getTransacted()"/><a name="getTransacted()"/><ul class="blockList"><li class="blockList"><h4>getTransacted</h4><pre>boolean getTransacted()
                      throws <a href="../../javax/jms/JMSException.html" title="class in javax.jms">JMSException</a></pre><div class="block">Indicates whether the session is in transacted mode.       </div><dl> <dt> <strong>Specified by: </strong>   </dt><dd> <code><a href="../../javax/jms/Session.html#getTransacted()">getTransacted</a></code> in interface <code><a href="../../javax/jms/Session.html" title="interface in javax.jms">Session</a></code>  </dd> <dt> <span class="strong">Returns:</span>   </dt><dd>true</dd> <dt> <span class="strong">Throws:</span>   </dt><dd> <code><a href="../../javax/jms/JMSException.html" title="class in javax.jms">JMSException</a></code> - if the JMS provider fails to return the transaction mode due to some internal error.                 </dd>   </dl></li></ul> <a end_ctx_id="method:getTransacted()"/>  </td></tr></table></td></tr></table><table border="0" cellpadding="1" cellspacing="0" width="100%"><tr><td><h3 class="ctxid">method:commit() [NONE]</h3></td></tr><tr><td><table border="0" cellpadding="5" cellspacing="1" bgcolor="black" width="100%"><tr valign="top"><td bgcolor="#FFFFFF" colspan="1"> <a start_ctx_id="method:commit()"/><a name="commit()"/><ul class="blockList"><li class="blockList"><h4>commit</h4><pre>void commit()
            throws <a href="../../javax/jms/JMSException.html" title="class in javax.jms">JMSException</a></pre><div class="block">Throws a <code>TransactionInProgressException</code>, since it should not be called for an <code>XASession</code> object.            </div><dl> <dt> <strong>Specified by: </strong>   </dt><dd> <code><a href="../../javax/jms/Session.html#commit()">commit</a></code> in interface <code><a href="../../javax/jms/Session.html" title="interface in javax.jms">Session</a></code>  </dd> <dt> <span class="strong">Throws:</span>   </dt><dd> <code><a href="../../javax/jms/TransactionInProgressException.html" title="class in javax.jms">TransactionInProgressException</a></code> - if the method is called on an <code>XASession</code>.          </dd><dd> <code><a href="../../javax/jms/JMSException.html" title="class in javax.jms">JMSException</a></code> - if the JMS provider fails to commit the transaction due to some internal error.                </dd><dd> <code><a href="../../javax/jms/TransactionRolledBackException.html" title="class in javax.jms">TransactionRolledBackException</a></code> - if the transaction is rolled back due to some internal error during commit.               </dd><dd> <code><a href="../../javax/jms/IllegalStateException.html" title="class in javax.jms">IllegalStateException</a></code> - if the method is not called by a transacted session.            </dd>  </dl></li></ul> <a end_ctx_id="method:commit()"/>  </td></tr></table></td></tr></table><table border="0" cellpadding="1" cellspacing="0" width="100%"><tr><td><h3 class="ctxid">method:rollback() [NONE]</h3></td></tr><tr><td><table border="0" cellpadding="5" cellspacing="1" bgcolor="black" width="100%"><tr valign="top"><td bgcolor="#FFFFFF" colspan="1"> <a start_ctx_id="method:rollback()"/><a name="rollback()"/><ul class="blockListLast"><li class="blockList"><h4>rollback</h4><pre>void rollback()
              throws <a href="../../javax/jms/JMSException.html" title="class in javax.jms">JMSException</a></pre><div class="block">Throws a <code>TransactionInProgressException</code>, since it should not be called for an <code>XASession</code> object.            </div><dl> <dt> <strong>Specified by: </strong>   </dt><dd> <code><a href="../../javax/jms/Session.html#rollback()">rollback</a></code> in interface <code><a href="../../javax/jms/Session.html" title="interface in javax.jms">Session</a></code>  </dd> <dt> <span class="strong">Throws:</span>   </dt><dd> <code><a href="../../javax/jms/TransactionInProgressException.html" title="class in javax.jms">TransactionInProgressException</a></code> - if the method is called on an <code>XASession</code>.          </dd><dd> <code><a href="../../javax/jms/JMSException.html" title="class in javax.jms">JMSException</a></code> - if the JMS provider fails to roll back the transaction due to some internal error.                 </dd><dd> <code><a href="../../javax/jms/IllegalStateException.html" title="class in javax.jms">IllegalStateException</a></code> - if the method is not called by a transacted session.            </dd>  </dl></li></ul> <a end_ctx_id="method:rollback()"/>  </td></tr></table></td></tr></table></diff></diffreport>