<?xml version="1.0" encoding="UTF-8" standalone="yes"?><Document><name>javax\jms\XASession.spec</name><Context><name>class:XASession</name><mt>NONE</mt></Context><Context><name>method:commit()</name><mt>NONE</mt></Context><Context><name>method:getSession()</name><mt>NONE</mt></Context><Context><name>method:getTransacted()</name><mt>NONE</mt></Context><Context><name>method:getXAResource()</name><mt>NONE</mt></Context><Context><name>method:rollback()</name><mt>NONE</mt></Context><Stat><name>javax\jms\XASession.spec</name><mt>NONE</mt><Group name="context"><Item name="ADDED" count="0"/><Item name="REMOVED" count="0"/><Item name="CHANGED" count="0"/><Item name="MODIFIED" count="0"/><Item name="TOTAL" count="6"/></Group><Group name="assertion"><Item name="ADDED" count="0"/><Item name="REMOVED" count="0"/><Item name="CHANGED" count="0"/><Item name="MODIFIED" count="0"/><Item name="TOTAL" count="0"/></Group></Stat></Document>