<?xml version="1.0" encoding="UTF-8"?><diffreport><diff><table border="0" cellpadding="1" cellspacing="0" width="100%"><tr><td><h3 class="ctxid">class:XATopicSession [NONE]</h3></td></tr><tr><td><table border="0" cellpadding="5" cellspacing="1" bgcolor="black" width="100%"><tr valign="top"><td bgcolor="#FFFFFF" colspan="1"><div class="description"> <a start_ctx_id="class:XATopicSession"/><ul class="blockList"><li class="blockList"><dl> <dt>All Superinterfaces: </dt><dd> <a href="http://download.oracle.com/javase/6/docs/api/java/lang/Runnable.html?is-external=true" title="class or interface in java.lang">Runnable</a>, <a href="../../javax/jms/Session.html" title="interface in javax.jms">Session</a>, <a href="../../javax/jms/XASession.html" title="interface in javax.jms">XASession</a>   </dd> </dl> <hr/> <br/><pre>public interface <span class="strong">XATopicSession</span>
extends <a href="../../javax/jms/XASession.html" title="interface in javax.jms">XASession</a></pre><div class="block">An <code>XATopicSession</code> provides a regular <code>TopicSession</code>. which can be used to create <code>TopicSubscriber</code> and <code>TopicPublisher</code> objects (optional).<p>The <code>XATopicSession</code> interface is optional. JMS providers are not required to support this interface. This interface is for use by JMS providers to support transactional environments. Client programs are strongly encouraged to use the transactional support available in their environment, rather than using these XA interfaces directly.                                              </p>                </div><dl> <dt> <span class="strong">Version:</span>   </dt><dd>1.1 February 2, 2002   </dd> <dt> <span class="strong">Author:</span>   </dt><dd>Mark Hapner, Rich Burridge, Kate Stout     </dd> <dt> <span class="strong">See Also: </span>   </dt><dd> <a href="../../javax/jms/XASession.html" title="interface in javax.jms"><code>XASession</code></a>, <a href="../../javax/jms/TopicSession.html" title="interface in javax.jms"><code>TopicSession</code></a>  </dd>   </dl>  </li></ul> </div> <a end_ctx_id="class:XATopicSession"/> </td></tr></table></td></tr></table><table border="0" cellpadding="1" cellspacing="0" width="100%"><tr><td><h3 class="ctxid">method:getTopicSession() [NONE]</h3></td></tr><tr><td><table border="0" cellpadding="5" cellspacing="1" bgcolor="black" width="100%"><tr valign="top"><td bgcolor="#FFFFFF" colspan="1"> <a start_ctx_id="method:getTopicSession()"/><a name="getTopicSession()"/><ul class="blockListLast"><li class="blockList"><h4>getTopicSession</h4><pre><a href="../../javax/jms/TopicSession.html" title="interface in javax.jms">TopicSession</a> getTopicSession()
                             throws <a href="../../javax/jms/JMSException.html" title="class in javax.jms">JMSException</a></pre><div class="block">Gets the topic session associated with this <code>XATopicSession</code>.       </div><dl> <dt> <span class="strong">Returns:</span>   </dt><dd>the topic session object   </dd> <dt> <span class="strong">Throws:</span>   </dt><dd> <code><a href="../../javax/jms/JMSException.html" title="class in javax.jms">JMSException</a></code> - if an internal error occurs.       </dd>  </dl></li></ul> <a end_ctx_id="method:getTopicSession()"/>  </td></tr></table></td></tr></table></diff></diffreport>