<?xml version="1.0" encoding="UTF-8" standalone="yes"?><Document><name>overview-summary</name><Stat><name>overview-summary</name><mt>NONE</mt><Group name="global_package"><Item name="ADDED" count="0"/><Item name="REMOVED" count="0"/><Item name="CHANGED" count="0"/><Item name="MODIFIED" count="0"/><Item name="TOTAL" count="1"/></Group><Group name="global_document"><Item name="ADDED" count="10"/><Item name="REMOVED" count="0"/><Item name="CHANGED" count="4"/><Item name="MODIFIED" count="14"/><Item name="TOTAL" count="69"/></Group><Group name="global_context"><Item name="ADDED" count="106"/><Item name="REMOVED" count="0"/><Item name="CHANGED" count="2"/><Item name="MODIFIED" count="108"/><Item name="TOTAL" count="481"/></Group><Group name="global_assertion"><Item name="ADDED" count="0"/><Item name="REMOVED" count="0"/><Item name="CHANGED" count="0"/><Item name="MODIFIED" count="0"/><Item name="TOTAL" count="0"/></Group><Stats><Stat><name>javax\jms\package-summary.spec</name><mt>CHANGED</mt><Group name="context"><Item name="ADDED" count="0"/><Item name="REMOVED" count="0"/><Item name="CHANGED" count="1"/><Item name="MODIFIED" count="1"/><Item name="TOTAL" count="1"/></Group><Group name="assertion"><Item name="ADDED" count="0"/><Item name="REMOVED" count="0"/><Item name="CHANGED" count="0"/><Item name="MODIFIED" count="0"/><Item name="TOTAL" count="0"/></Group><Group name="package_document"><Item name="ADDED" count="10"/><Item name="REMOVED" count="0"/><Item name="CHANGED" count="4"/><Item name="MODIFIED" count="14"/><Item name="TOTAL" count="69"/></Group><Group name="package_context"><Item name="ADDED" count="106"/><Item name="REMOVED" count="0"/><Item name="CHANGED" count="2"/><Item name="MODIFIED" count="108"/><Item name="TOTAL" count="481"/></Group><Group name="package_assertion"><Item name="ADDED" count="0"/><Item name="REMOVED" count="0"/><Item name="CHANGED" count="0"/><Item name="MODIFIED" count="0"/><Item name="TOTAL" count="0"/></Group></Stat></Stats></Stat></Document>